run_id,model_name,source,layer,comparison,left_group,right_group,centroid_cosine,centroid_cosine_divergence,left_norm,right_norm,norm_delta
jbshield-gemma-phase2-gemma-2-27b-it,gemma-2-27b-it,last_token,0,label_1_vs_label_0,label_1,label_0,1.0000007152557373,-7.152557373046875e-07,67.58849334716797,67.58849334716797,0.0
jbshield-gemma-phase2-gemma-2-27b-it,gemma-2-27b-it,last_token,0,direct_harmful_vs_harmless,direct_harmful,none,1.0000007152557373,-7.152557373046875e-07,67.58849334716797,67.58849334716797,0.0
jbshield-gemma-phase2-gemma-2-27b-it,gemma-2-27b-it,last_token,0,attack_vs_direct_harmful,autodan,direct_harmful,1.0000007152557373,-7.152557373046875e-07,67.58849334716797,67.58849334716797,0.0
jbshield-gemma-phase2-gemma-2-27b-it,gemma-2-27b-it,last_token,0,attack_vs_harmless,autodan,none,1.0000007152557373,-7.152557373046875e-07,67.58849334716797,67.58849334716797,0.0
jbshield-gemma-phase2-gemma-2-27b-it,gemma-2-27b-it,last_token,0,attack_vs_direct_harmful,base64,direct_harmful,1.0000007152557373,-7.152557373046875e-07,67.58849334716797,67.58849334716797,0.0
jbshield-gemma-phase2-gemma-2-27b-it,gemma-2-27b-it,last_token,0,attack_vs_harmless,base64,none,1.0000007152557373,-7.152557373046875e-07,67.58849334716797,67.58849334716797,0.0
jbshield-gemma-phase2-gemma-2-27b-it,gemma-2-27b-it,last_token,0,attack_vs_direct_harmful,drattack,direct_harmful,1.0000007152557373,-7.152557373046875e-07,67.58849334716797,67.58849334716797,0.0
jbshield-gemma-phase2-gemma-2-27b-it,gemma-2-27b-it,last_token,0,attack_vs_harmless,drattack,none,1.0000007152557373,-7.152557373046875e-07,67.58849334716797,67.58849334716797,0.0
jbshield-gemma-phase2-gemma-2-27b-it,gemma-2-27b-it,last_token,0,attack_vs_direct_harmful,gcg,direct_harmful,1.0000007152557373,-7.152557373046875e-07,67.58849334716797,67.58849334716797,0.0
jbshield-gemma-phase2-gemma-2-27b-it,gemma-2-27b-it,last_token,0,attack_vs_harmless,gcg,none,1.0000007152557373,-7.152557373046875e-07,67.58849334716797,67.58849334716797,0.0
jbshield-gemma-phase2-gemma-2-27b-it,gemma-2-27b-it,last_token,0,attack_vs_direct_harmful,ijp,direct_harmful,1.0000007152557373,-7.152557373046875e-07,67.58849334716797,67.58849334716797,0.0
jbshield-gemma-phase2-gemma-2-27b-it,gemma-2-27b-it,last_token,0,attack_vs_harmless,ijp,none,1.0000007152557373,-7.152557373046875e-07,67.58849334716797,67.58849334716797,0.0
jbshield-gemma-phase2-gemma-2-27b-it,gemma-2-27b-it,last_token,0,attack_vs_direct_harmful,pair,direct_harmful,1.0000007152557373,-7.152557373046875e-07,67.58849334716797,67.58849334716797,0.0
jbshield-gemma-phase2-gemma-2-27b-it,gemma-2-27b-it,last_token,0,attack_vs_harmless,pair,none,1.0000007152557373,-7.152557373046875e-07,67.58849334716797,67.58849334716797,0.0
jbshield-gemma-phase2-gemma-2-27b-it,gemma-2-27b-it,last_token,0,attack_vs_direct_harmful,puzzler,direct_harmful,1.0000007152557373,-7.152557373046875e-07,67.58849334716797,67.58849334716797,0.0
jbshield-gemma-phase2-gemma-2-27b-it,gemma-2-27b-it,last_token,0,attack_vs_harmless,puzzler,none,1.0000007152557373,-7.152557373046875e-07,67.58849334716797,67.58849334716797,0.0
jbshield-gemma-phase2-gemma-2-27b-it,gemma-2-27b-it,last_token,0,attack_vs_direct_harmful,saa,direct_harmful,1.0000007152557373,-7.152557373046875e-07,67.58849334716797,67.58849334716797,0.0
jbshield-gemma-phase2-gemma-2-27b-it,gemma-2-27b-it,last_token,0,attack_vs_harmless,saa,none,1.0000007152557373,-7.152557373046875e-07,67.58849334716797,67.58849334716797,0.0
jbshield-gemma-phase2-gemma-2-27b-it,gemma-2-27b-it,last_token,0,attack_vs_direct_harmful,zulu,direct_harmful,1.0000007152557373,-7.152557373046875e-07,67.58849334716797,67.58849334716797,0.0
jbshield-gemma-phase2-gemma-2-27b-it,gemma-2-27b-it,last_token,0,attack_vs_harmless,zulu,none,1.0000007152557373,-7.152557373046875e-07,67.58849334716797,67.58849334716797,0.0
jbshield-gemma-phase2-gemma-2-27b-it,gemma-2-27b-it,last_token,1,label_1_vs_label_0,label_1,label_0,0.9998022317886353,0.0001977682113647461,1006.4683227539062,1017.3778686523438,-10.9095458984375
jbshield-gemma-phase2-gemma-2-27b-it,gemma-2-27b-it,last_token,1,direct_harmful_vs_harmless,direct_harmful,none,0.9999805688858032,1.9431114196777344e-05,1013.8119506835938,1017.5043334960938,-3.6923828125
jbshield-gemma-phase2-gemma-2-27b-it,gemma-2-27b-it,last_token,1,attack_vs_direct_harmful,autodan,direct_harmful,0.9998801946640015,0.00011980533599853516,1002.9580688476562,1013.8119506835938,-10.8538818359375
jbshield-gemma-phase2-gemma-2-27b-it,gemma-2-27b-it,last_token,1,attack_vs_harmless,autodan,none,0.9998757243156433,0.00012427568435668945,1002.9580688476562,1017.5043334960938,-14.5462646484375
jbshield-gemma-phase2-gemma-2-27b-it,gemma-2-27b-it,last_token,1,attack_vs_direct_harmful,base64,direct_harmful,0.9998241662979126,0.00017583370208740234,1000.9442138671875,1013.8119506835938,-12.86773681640625
jbshield-gemma-phase2-gemma-2-27b-it,gemma-2-27b-it,last_token,1,attack_vs_harmless,base64,none,0.9997996091842651,0.00020039081573486328,1000.9442138671875,1017.5043334960938,-16.56011962890625
jbshield-gemma-phase2-gemma-2-27b-it,gemma-2-27b-it,last_token,1,attack_vs_direct_harmful,drattack,direct_harmful,0.9991002678871155,0.0008997321128845215,996.0797119140625,1013.8119506835938,-17.73223876953125
jbshield-gemma-phase2-gemma-2-27b-it,gemma-2-27b-it,last_token,1,attack_vs_harmless,drattack,none,0.9991863369941711,0.0008136630058288574,996.0797119140625,1017.5043334960938,-21.42462158203125
jbshield-gemma-phase2-gemma-2-27b-it,gemma-2-27b-it,last_token,1,attack_vs_direct_harmful,gcg,direct_harmful,0.9999787211418152,2.1278858184814453e-05,1020.6985473632812,1013.8119506835938,6.8865966796875
jbshield-gemma-phase2-gemma-2-27b-it,gemma-2-27b-it,last_token,1,attack_vs_harmless,gcg,none,0.9999797344207764,2.0265579223632812e-05,1020.6985473632812,1017.5043334960938,3.1942138671875
jbshield-gemma-phase2-gemma-2-27b-it,gemma-2-27b-it,last_token,1,attack_vs_direct_harmful,ijp,direct_harmful,0.9993279576301575,0.0006720423698425293,991.2096557617188,1013.8119506835938,-22.602294921875
jbshield-gemma-phase2-gemma-2-27b-it,gemma-2-27b-it,last_token,1,attack_vs_harmless,ijp,none,0.9993880987167358,0.0006119012832641602,991.2096557617188,1017.5043334960938,-26.294677734375
jbshield-gemma-phase2-gemma-2-27b-it,gemma-2-27b-it,last_token,1,attack_vs_direct_harmful,pair,direct_harmful,0.9999153017997742,8.469820022583008e-05,1003.98681640625,1013.8119506835938,-9.82513427734375
jbshield-gemma-phase2-gemma-2-27b-it,gemma-2-27b-it,last_token,1,attack_vs_harmless,pair,none,0.999893844127655,0.0001061558723449707,1003.98681640625,1017.5043334960938,-13.51751708984375
jbshield-gemma-phase2-gemma-2-27b-it,gemma-2-27b-it,last_token,1,attack_vs_direct_harmful,puzzler,direct_harmful,0.9965564608573914,0.0034435391426086426,954.9838256835938,1013.8119506835938,-58.828125
jbshield-gemma-phase2-gemma-2-27b-it,gemma-2-27b-it,last_token,1,attack_vs_harmless,puzzler,none,0.9967330694198608,0.00326693058013916,954.9838256835938,1017.5043334960938,-62.5205078125
jbshield-gemma-phase2-gemma-2-27b-it,gemma-2-27b-it,last_token,1,attack_vs_direct_harmful,saa,direct_harmful,0.9982520341873169,0.0017479658126831055,1005.2052001953125,1013.8119506835938,-8.60675048828125
jbshield-gemma-phase2-gemma-2-27b-it,gemma-2-27b-it,last_token,1,attack_vs_harmless,saa,none,0.9984059929847717,0.0015940070152282715,1005.2052001953125,1017.5043334960938,-12.29913330078125
jbshield-gemma-phase2-gemma-2-27b-it,gemma-2-27b-it,last_token,1,attack_vs_direct_harmful,zulu,direct_harmful,0.9998176693916321,0.00018233060836791992,1031.589111328125,1013.8119506835938,17.77716064453125
jbshield-gemma-phase2-gemma-2-27b-it,gemma-2-27b-it,last_token,1,attack_vs_harmless,zulu,none,0.9998946189880371,0.00010538101196289062,1031.589111328125,1017.5043334960938,14.08477783203125
jbshield-gemma-phase2-gemma-2-27b-it,gemma-2-27b-it,last_token,2,label_1_vs_label_0,label_1,label_0,0.9997697472572327,0.00023025274276733398,1265.2081298828125,1262.7940673828125,2.4140625
jbshield-gemma-phase2-gemma-2-27b-it,gemma-2-27b-it,last_token,2,direct_harmful_vs_harmless,direct_harmful,none,0.9999842643737793,1.5735626220703125e-05,1258.2508544921875,1262.955078125,-4.7042236328125
jbshield-gemma-phase2-gemma-2-27b-it,gemma-2-27b-it,last_token,2,attack_vs_direct_harmful,autodan,direct_harmful,0.9998261332511902,0.00017386674880981445,1256.8421630859375,1258.2508544921875,-1.40869140625
jbshield-gemma-phase2-gemma-2-27b-it,gemma-2-27b-it,last_token,2,attack_vs_harmless,autodan,none,0.9998254776000977,0.00017452239990234375,1256.8421630859375,1262.955078125,-6.1129150390625
jbshield-gemma-phase2-gemma-2-27b-it,gemma-2-27b-it,last_token,2,attack_vs_direct_harmful,base64,direct_harmful,0.9997798204421997,0.00022017955780029297,1275.5458984375,1258.2508544921875,17.2950439453125
jbshield-gemma-phase2-gemma-2-27b-it,gemma-2-27b-it,last_token,2,attack_vs_harmless,base64,none,0.9998189806938171,0.00018101930618286133,1275.5458984375,1262.955078125,12.5908203125
jbshield-gemma-phase2-gemma-2-27b-it,gemma-2-27b-it,last_token,2,attack_vs_direct_harmful,drattack,direct_harmful,0.9989479780197144,0.0010520219802856445,1266.2252197265625,1258.2508544921875,7.974365234375
jbshield-gemma-phase2-gemma-2-27b-it,gemma-2-27b-it,last_token,2,attack_vs_harmless,drattack,none,0.9990269541740417,0.000973045825958252,1266.2252197265625,1262.955078125,3.2701416015625
jbshield-gemma-phase2-gemma-2-27b-it,gemma-2-27b-it,last_token,2,attack_vs_direct_harmful,gcg,direct_harmful,0.9999540448188782,4.595518112182617e-05,1270.5286865234375,1258.2508544921875,12.27783203125
jbshield-gemma-phase2-gemma-2-27b-it,gemma-2-27b-it,last_token,2,attack_vs_harmless,gcg,none,0.9999514818191528,4.851818084716797e-05,1270.5286865234375,1262.955078125,7.5736083984375
jbshield-gemma-phase2-gemma-2-27b-it,gemma-2-27b-it,last_token,2,attack_vs_direct_harmful,ijp,direct_harmful,0.9993208050727844,0.0006791949272155762,1266.529296875,1258.2508544921875,8.2784423828125
jbshield-gemma-phase2-gemma-2-27b-it,gemma-2-27b-it,last_token,2,attack_vs_harmless,ijp,none,0.9993913173675537,0.0006086826324462891,1266.529296875,1262.955078125,3.57421875
jbshield-gemma-phase2-gemma-2-27b-it,gemma-2-27b-it,last_token,2,attack_vs_direct_harmful,pair,direct_harmful,0.9998450875282288,0.00015491247177124023,1263.7777099609375,1258.2508544921875,5.52685546875
jbshield-gemma-phase2-gemma-2-27b-it,gemma-2-27b-it,last_token,2,attack_vs_harmless,pair,none,0.9998363256454468,0.00016367435455322266,1263.7777099609375,1262.955078125,0.8226318359375
jbshield-gemma-phase2-gemma-2-27b-it,gemma-2-27b-it,last_token,2,attack_vs_direct_harmful,puzzler,direct_harmful,0.9974520206451416,0.0025479793548583984,1246.1124267578125,1258.2508544921875,-12.138427734375
jbshield-gemma-phase2-gemma-2-27b-it,gemma-2-27b-it,last_token,2,attack_vs_harmless,puzzler,none,0.9975786209106445,0.0024213790893554688,1246.1124267578125,1262.955078125,-16.8426513671875
jbshield-gemma-phase2-gemma-2-27b-it,gemma-2-27b-it,last_token,2,attack_vs_direct_harmful,saa,direct_harmful,0.9980437159538269,0.0019562840461730957,1258.993408203125,1258.2508544921875,0.7425537109375
jbshield-gemma-phase2-gemma-2-27b-it,gemma-2-27b-it,last_token,2,attack_vs_harmless,saa,none,0.9981437921524048,0.0018562078475952148,1258.993408203125,1262.955078125,-3.961669921875
jbshield-gemma-phase2-gemma-2-27b-it,gemma-2-27b-it,last_token,2,attack_vs_direct_harmful,zulu,direct_harmful,0.9998186230659485,0.00018137693405151367,1267.434814453125,1258.2508544921875,9.1839599609375
jbshield-gemma-phase2-gemma-2-27b-it,gemma-2-27b-it,last_token,2,attack_vs_harmless,zulu,none,0.9998714923858643,0.0001285076141357422,1267.434814453125,1262.955078125,4.479736328125
jbshield-gemma-phase2-gemma-2-27b-it,gemma-2-27b-it,last_token,3,label_1_vs_label_0,label_1,label_0,0.9993932843208313,0.0006067156791687012,1228.653564453125,1240.2314453125,-11.577880859375
jbshield-gemma-phase2-gemma-2-27b-it,gemma-2-27b-it,last_token,3,direct_harmful_vs_harmless,direct_harmful,none,0.9999828338623047,1.71661376953125e-05,1237.6236572265625,1240.3243408203125,-2.70068359375
jbshield-gemma-phase2-gemma-2-27b-it,gemma-2-27b-it,last_token,3,attack_vs_direct_harmful,autodan,direct_harmful,0.9996669888496399,0.0003330111503601074,1230.8466796875,1237.6236572265625,-6.7769775390625
jbshield-gemma-phase2-gemma-2-27b-it,gemma-2-27b-it,last_token,3,attack_vs_harmless,autodan,none,0.9996825456619263,0.00031745433807373047,1230.8466796875,1240.3243408203125,-9.4776611328125
jbshield-gemma-phase2-gemma-2-27b-it,gemma-2-27b-it,last_token,3,attack_vs_direct_harmful,base64,direct_harmful,0.9991979002952576,0.0008020997047424316,1243.3291015625,1237.6236572265625,5.7054443359375
jbshield-gemma-phase2-gemma-2-27b-it,gemma-2-27b-it,last_token,3,attack_vs_harmless,base64,none,0.9992587566375732,0.0007412433624267578,1243.3291015625,1240.3243408203125,3.0047607421875
jbshield-gemma-phase2-gemma-2-27b-it,gemma-2-27b-it,last_token,3,attack_vs_direct_harmful,drattack,direct_harmful,0.9975563883781433,0.0024436116218566895,1215.2615966796875,1237.6236572265625,-22.362060546875
jbshield-gemma-phase2-gemma-2-27b-it,gemma-2-27b-it,last_token,3,attack_vs_harmless,drattack,none,0.9976630806922913,0.0023369193077087402,1215.2615966796875,1240.3243408203125,-25.062744140625
jbshield-gemma-phase2-gemma-2-27b-it,gemma-2-27b-it,last_token,3,attack_vs_direct_harmful,gcg,direct_harmful,0.9998795986175537,0.00012040138244628906,1231.28662109375,1237.6236572265625,-6.3370361328125
jbshield-gemma-phase2-gemma-2-27b-it,gemma-2-27b-it,last_token,3,attack_vs_harmless,gcg,none,0.9998757243156433,0.00012427568435668945,1231.28662109375,1240.3243408203125,-9.0377197265625
jbshield-gemma-phase2-gemma-2-27b-it,gemma-2-27b-it,last_token,3,attack_vs_direct_harmful,ijp,direct_harmful,0.9984251260757446,0.001574873924255371,1239.0203857421875,1237.6236572265625,1.396728515625
jbshield-gemma-phase2-gemma-2-27b-it,gemma-2-27b-it,last_token,3,attack_vs_harmless,ijp,none,0.9985069632530212,0.0014930367469787598,1239.0203857421875,1240.3243408203125,-1.303955078125
jbshield-gemma-phase2-gemma-2-27b-it,gemma-2-27b-it,last_token,3,attack_vs_direct_harmful,pair,direct_harmful,0.9996311664581299,0.0003688335418701172,1249.602294921875,1237.6236572265625,11.9786376953125
jbshield-gemma-phase2-gemma-2-27b-it,gemma-2-27b-it,last_token,3,attack_vs_harmless,pair,none,0.9996322393417358,0.00036776065826416016,1249.602294921875,1240.3243408203125,9.2779541015625
jbshield-gemma-phase2-gemma-2-27b-it,gemma-2-27b-it,last_token,3,attack_vs_direct_harmful,puzzler,direct_harmful,0.9956731796264648,0.004326820373535156,1241.3642578125,1237.6236572265625,3.7406005859375
jbshield-gemma-phase2-gemma-2-27b-it,gemma-2-27b-it,last_token,3,attack_vs_harmless,puzzler,none,0.995779275894165,0.004220724105834961,1241.3642578125,1240.3243408203125,1.0399169921875
jbshield-gemma-phase2-gemma-2-27b-it,gemma-2-27b-it,last_token,3,attack_vs_direct_harmful,saa,direct_harmful,0.9958288669586182,0.004171133041381836,1200.0238037109375,1237.6236572265625,-37.599853515625
jbshield-gemma-phase2-gemma-2-27b-it,gemma-2-27b-it,last_token,3,attack_vs_harmless,saa,none,0.9959468841552734,0.0040531158447265625,1200.0238037109375,1240.3243408203125,-40.300537109375
jbshield-gemma-phase2-gemma-2-27b-it,gemma-2-27b-it,last_token,3,attack_vs_direct_harmful,zulu,direct_harmful,0.9996159672737122,0.0003840327262878418,1219.293701171875,1237.6236572265625,-18.3299560546875
jbshield-gemma-phase2-gemma-2-27b-it,gemma-2-27b-it,last_token,3,attack_vs_harmless,zulu,none,0.9996668100357056,0.0003331899642944336,1219.293701171875,1240.3243408203125,-21.0306396484375
jbshield-gemma-phase2-gemma-2-27b-it,gemma-2-27b-it,last_token,4,label_1_vs_label_0,label_1,label_0,0.9991968274116516,0.0008031725883483887,1146.29345703125,1162.727783203125,-16.434326171875
jbshield-gemma-phase2-gemma-2-27b-it,gemma-2-27b-it,last_token,4,direct_harmful_vs_harmless,direct_harmful,none,0.9998957514762878,0.0001042485237121582,1151.2242431640625,1163.137939453125,-11.9136962890625
jbshield-gemma-phase2-gemma-2-27b-it,gemma-2-27b-it,last_token,4,attack_vs_direct_harmful,autodan,direct_harmful,0.9994364380836487,0.0005635619163513184,1154.086181640625,1151.2242431640625,2.8619384765625
jbshield-gemma-phase2-gemma-2-27b-it,gemma-2-27b-it,last_token,4,attack_vs_harmless,autodan,none,0.9995166063308716,0.00048339366912841797,1154.086181640625,1163.137939453125,-9.0517578125
jbshield-gemma-phase2-gemma-2-27b-it,gemma-2-27b-it,last_token,4,attack_vs_direct_harmful,base64,direct_harmful,0.9988494515419006,0.0011505484580993652,1155.4150390625,1151.2242431640625,4.1907958984375
jbshield-gemma-phase2-gemma-2-27b-it,gemma-2-27b-it,last_token,4,attack_vs_harmless,base64,none,0.9990723133087158,0.0009276866912841797,1155.4150390625,1163.137939453125,-7.722900390625
jbshield-gemma-phase2-gemma-2-27b-it,gemma-2-27b-it,last_token,4,attack_vs_direct_harmful,drattack,direct_harmful,0.9968973994255066,0.003102600574493408,1133.779052734375,1151.2242431640625,-17.4451904296875
jbshield-gemma-phase2-gemma-2-27b-it,gemma-2-27b-it,last_token,4,attack_vs_harmless,drattack,none,0.9970294833183289,0.0029705166816711426,1133.779052734375,1163.137939453125,-29.35888671875
jbshield-gemma-phase2-gemma-2-27b-it,gemma-2-27b-it,last_token,4,attack_vs_direct_harmful,gcg,direct_harmful,0.999718964099884,0.0002810359001159668,1139.0911865234375,1151.2242431640625,-12.133056640625
jbshield-gemma-phase2-gemma-2-27b-it,gemma-2-27b-it,last_token,4,attack_vs_harmless,gcg,none,0.9995969533920288,0.0004030466079711914,1139.0911865234375,1163.137939453125,-24.0467529296875
jbshield-gemma-phase2-gemma-2-27b-it,gemma-2-27b-it,last_token,4,attack_vs_direct_harmful,ijp,direct_harmful,0.9978961944580078,0.0021038055419921875,1154.8009033203125,1151.2242431640625,3.57666015625
jbshield-gemma-phase2-gemma-2-27b-it,gemma-2-27b-it,last_token,4,attack_vs_harmless,ijp,none,0.9981430172920227,0.001856982707977295,1154.8009033203125,1163.137939453125,-8.3370361328125
jbshield-gemma-phase2-gemma-2-27b-it,gemma-2-27b-it,last_token,4,attack_vs_direct_harmful,pair,direct_harmful,0.9993166923522949,0.0006833076477050781,1169.0799560546875,1151.2242431640625,17.855712890625
jbshield-gemma-phase2-gemma-2-27b-it,gemma-2-27b-it,last_token,4,attack_vs_harmless,pair,none,0.9995015859603882,0.0004984140396118164,1169.0799560546875,1163.137939453125,5.9420166015625
jbshield-gemma-phase2-gemma-2-27b-it,gemma-2-27b-it,last_token,4,attack_vs_direct_harmful,puzzler,direct_harmful,0.9943913817405701,0.005608618259429932,1148.1771240234375,1151.2242431640625,-3.047119140625
jbshield-gemma-phase2-gemma-2-27b-it,gemma-2-27b-it,last_token,4,attack_vs_harmless,puzzler,none,0.9947186708450317,0.005281329154968262,1148.1771240234375,1163.137939453125,-14.9608154296875
jbshield-gemma-phase2-gemma-2-27b-it,gemma-2-27b-it,last_token,4,attack_vs_direct_harmful,saa,direct_harmful,0.9940173029899597,0.005982697010040283,1105.5489501953125,1151.2242431640625,-45.67529296875
jbshield-gemma-phase2-gemma-2-27b-it,gemma-2-27b-it,last_token,4,attack_vs_harmless,saa,none,0.993768036365509,0.006231963634490967,1105.5489501953125,1163.137939453125,-57.5889892578125
jbshield-gemma-phase2-gemma-2-27b-it,gemma-2-27b-it,last_token,4,attack_vs_direct_harmful,zulu,direct_harmful,0.9988083839416504,0.0011916160583496094,1161.5904541015625,1151.2242431640625,10.3662109375
jbshield-gemma-phase2-gemma-2-27b-it,gemma-2-27b-it,last_token,4,attack_vs_harmless,zulu,none,0.9991822242736816,0.0008177757263183594,1161.5904541015625,1163.137939453125,-1.5474853515625
jbshield-gemma-phase2-gemma-2-27b-it,gemma-2-27b-it,last_token,5,label_1_vs_label_0,label_1,label_0,0.9988401532173157,0.0011598467826843262,1111.2027587890625,1118.8642578125,-7.6614990234375
jbshield-gemma-phase2-gemma-2-27b-it,gemma-2-27b-it,last_token,5,direct_harmful_vs_harmless,direct_harmful,none,0.9997647404670715,0.0002352595329284668,1109.426513671875,1119.206298828125,-9.77978515625
jbshield-gemma-phase2-gemma-2-27b-it,gemma-2-27b-it,last_token,5,attack_vs_direct_harmful,autodan,direct_harmful,0.999173104763031,0.0008268952369689941,1110.6527099609375,1109.426513671875,1.2261962890625
jbshield-gemma-phase2-gemma-2-27b-it,gemma-2-27b-it,last_token,5,attack_vs_harmless,autodan,none,0.9990952610969543,0.0009047389030456543,1110.6527099609375,1119.206298828125,-8.5535888671875
jbshield-gemma-phase2-gemma-2-27b-it,gemma-2-27b-it,last_token,5,attack_vs_direct_harmful,base64,direct_harmful,0.998282790184021,0.001717209815979004,1114.3128662109375,1109.426513671875,4.8863525390625
jbshield-gemma-phase2-gemma-2-27b-it,gemma-2-27b-it,last_token,5,attack_vs_harmless,base64,none,0.9984143972396851,0.0015856027603149414,1114.3128662109375,1119.206298828125,-4.8934326171875
jbshield-gemma-phase2-gemma-2-27b-it,gemma-2-27b-it,last_token,5,attack_vs_direct_harmful,drattack,direct_harmful,0.9958813190460205,0.004118680953979492,1106.9033203125,1109.426513671875,-2.523193359375
jbshield-gemma-phase2-gemma-2-27b-it,gemma-2-27b-it,last_token,5,attack_vs_harmless,drattack,none,0.995877206325531,0.004122793674468994,1106.9033203125,1119.206298828125,-12.302978515625
jbshield-gemma-phase2-gemma-2-27b-it,gemma-2-27b-it,last_token,5,attack_vs_direct_harmful,gcg,direct_harmful,0.9995641112327576,0.00043588876724243164,1103.6629638671875,1109.426513671875,-5.7635498046875
jbshield-gemma-phase2-gemma-2-27b-it,gemma-2-27b-it,last_token,5,attack_vs_harmless,gcg,none,0.9993228912353516,0.0006771087646484375,1103.6629638671875,1119.206298828125,-15.5433349609375
jbshield-gemma-phase2-gemma-2-27b-it,gemma-2-27b-it,last_token,5,attack_vs_direct_harmful,ijp,direct_harmful,0.9973275065422058,0.0026724934577941895,1115.712646484375,1109.426513671875,6.2861328125
jbshield-gemma-phase2-gemma-2-27b-it,gemma-2-27b-it,last_token,5,attack_vs_harmless,ijp,none,0.9975089430809021,0.0024910569190979004,1115.712646484375,1119.206298828125,-3.49365234375
jbshield-gemma-phase2-gemma-2-27b-it,gemma-2-27b-it,last_token,5,attack_vs_direct_harmful,pair,direct_harmful,0.9993101358413696,0.0006898641586303711,1117.1097412109375,1109.426513671875,7.6832275390625
jbshield-gemma-phase2-gemma-2-27b-it,gemma-2-27b-it,last_token,5,attack_vs_harmless,pair,none,0.9993552565574646,0.0006447434425354004,1117.1097412109375,1119.206298828125,-2.0965576171875
jbshield-gemma-phase2-gemma-2-27b-it,gemma-2-27b-it,last_token,5,attack_vs_direct_harmful,puzzler,direct_harmful,0.9933104515075684,0.006689548492431641,1102.7176513671875,1109.426513671875,-6.7088623046875
jbshield-gemma-phase2-gemma-2-27b-it,gemma-2-27b-it,last_token,5,attack_vs_harmless,puzzler,none,0.9933212995529175,0.0066787004470825195,1102.7176513671875,1119.206298828125,-16.4886474609375
jbshield-gemma-phase2-gemma-2-27b-it,gemma-2-27b-it,last_token,5,attack_vs_direct_harmful,saa,direct_harmful,0.9933393001556396,0.0066606998443603516,1097.2711181640625,1109.426513671875,-12.1553955078125
jbshield-gemma-phase2-gemma-2-27b-it,gemma-2-27b-it,last_token,5,attack_vs_harmless,saa,none,0.9930909872055054,0.006909012794494629,1097.2711181640625,1119.206298828125,-21.9351806640625
jbshield-gemma-phase2-gemma-2-27b-it,gemma-2-27b-it,last_token,5,attack_vs_direct_harmful,zulu,direct_harmful,0.9980099201202393,0.001990079879760742,1132.330078125,1109.426513671875,22.903564453125
jbshield-gemma-phase2-gemma-2-27b-it,gemma-2-27b-it,last_token,5,attack_vs_harmless,zulu,none,0.9985723495483398,0.0014276504516601562,1132.330078125,1119.206298828125,13.123779296875
jbshield-gemma-phase2-gemma-2-27b-it,gemma-2-27b-it,last_token,6,label_1_vs_label_0,label_1,label_0,0.998319149017334,0.0016808509826660156,1123.0921630859375,1110.861572265625,12.2305908203125
jbshield-gemma-phase2-gemma-2-27b-it,gemma-2-27b-it,last_token,6,direct_harmful_vs_harmless,direct_harmful,none,0.9996849298477173,0.00031507015228271484,1105.94091796875,1111.0472412109375,-5.1063232421875
jbshield-gemma-phase2-gemma-2-27b-it,gemma-2-27b-it,last_token,6,attack_vs_direct_harmful,autodan,direct_harmful,0.9985126852989197,0.0014873147010803223,1124.762939453125,1105.94091796875,18.822021484375
jbshield-gemma-phase2-gemma-2-27b-it,gemma-2-27b-it,last_token,6,attack_vs_harmless,autodan,none,0.9987298846244812,0.0012701153755187988,1124.762939453125,1111.0472412109375,13.7156982421875
jbshield-gemma-phase2-gemma-2-27b-it,gemma-2-27b-it,last_token,6,attack_vs_direct_harmful,base64,direct_harmful,0.9976263046264648,0.0023736953735351562,1118.212890625,1105.94091796875,12.27197265625
jbshield-gemma-phase2-gemma-2-27b-it,gemma-2-27b-it,last_token,6,attack_vs_harmless,base64,none,0.9977604746818542,0.002239525318145752,1118.212890625,1111.0472412109375,7.1656494140625
jbshield-gemma-phase2-gemma-2-27b-it,gemma-2-27b-it,last_token,6,attack_vs_direct_harmful,drattack,direct_harmful,0.9946021437644958,0.00539785623550415,1130.69140625,1105.94091796875,24.75048828125
jbshield-gemma-phase2-gemma-2-27b-it,gemma-2-27b-it,last_token,6,attack_vs_harmless,drattack,none,0.9950140118598938,0.004985988140106201,1130.69140625,1111.0472412109375,19.6441650390625
jbshield-gemma-phase2-gemma-2-27b-it,gemma-2-27b-it,last_token,6,attack_vs_direct_harmful,gcg,direct_harmful,0.99931800365448,0.0006819963455200195,1113.0716552734375,1105.94091796875,7.1307373046875
jbshield-gemma-phase2-gemma-2-27b-it,gemma-2-27b-it,last_token,6,attack_vs_harmless,gcg,none,0.9992826581001282,0.0007173418998718262,1113.0716552734375,1111.0472412109375,2.0244140625
jbshield-gemma-phase2-gemma-2-27b-it,gemma-2-27b-it,last_token,6,attack_vs_direct_harmful,ijp,direct_harmful,0.9958750605583191,0.004124939441680908,1130.24658203125,1105.94091796875,24.3056640625
jbshield-gemma-phase2-gemma-2-27b-it,gemma-2-27b-it,last_token,6,attack_vs_harmless,ijp,none,0.9963263273239136,0.0036736726760864258,1130.24658203125,1111.0472412109375,19.1993408203125
jbshield-gemma-phase2-gemma-2-27b-it,gemma-2-27b-it,last_token,6,attack_vs_direct_harmful,pair,direct_harmful,0.9985796809196472,0.0014203190803527832,1125.1328125,1105.94091796875,19.19189453125
jbshield-gemma-phase2-gemma-2-27b-it,gemma-2-27b-it,last_token,6,attack_vs_harmless,pair,none,0.9988272786140442,0.0011727213859558105,1125.1328125,1111.0472412109375,14.0855712890625
jbshield-gemma-phase2-gemma-2-27b-it,gemma-2-27b-it,last_token,6,attack_vs_direct_harmful,puzzler,direct_harmful,0.991274356842041,0.008725643157958984,1129.7452392578125,1105.94091796875,23.8043212890625
jbshield-gemma-phase2-gemma-2-27b-it,gemma-2-27b-it,last_token,6,attack_vs_harmless,puzzler,none,0.9915938973426819,0.008406102657318115,1129.7452392578125,1111.0472412109375,18.697998046875
jbshield-gemma-phase2-gemma-2-27b-it,gemma-2-27b-it,last_token,6,attack_vs_direct_harmful,saa,direct_harmful,0.9929776191711426,0.007022380828857422,1120.782958984375,1105.94091796875,14.842041015625
jbshield-gemma-phase2-gemma-2-27b-it,gemma-2-27b-it,last_token,6,attack_vs_harmless,saa,none,0.993057906627655,0.006942093372344971,1120.782958984375,1111.0472412109375,9.7357177734375
jbshield-gemma-phase2-gemma-2-27b-it,gemma-2-27b-it,last_token,6,attack_vs_direct_harmful,zulu,direct_harmful,0.9974631667137146,0.0025368332862854004,1134.0716552734375,1105.94091796875,28.1307373046875
jbshield-gemma-phase2-gemma-2-27b-it,gemma-2-27b-it,last_token,6,attack_vs_harmless,zulu,none,0.9980776906013489,0.001922309398651123,1134.0716552734375,1111.0472412109375,23.0244140625
jbshield-gemma-phase2-gemma-2-27b-it,gemma-2-27b-it,last_token,7,label_1_vs_label_0,label_1,label_0,0.9981988072395325,0.0018011927604675293,1440.9173583984375,1410.8779296875,30.0394287109375
jbshield-gemma-phase2-gemma-2-27b-it,gemma-2-27b-it,last_token,7,direct_harmful_vs_harmless,direct_harmful,none,0.9997937679290771,0.00020623207092285156,1413.3997802734375,1410.798828125,2.6009521484375
jbshield-gemma-phase2-gemma-2-27b-it,gemma-2-27b-it,last_token,7,attack_vs_direct_harmful,autodan,direct_harmful,0.998630702495575,0.0013692975044250488,1439.2552490234375,1413.3997802734375,25.85546875
jbshield-gemma-phase2-gemma-2-27b-it,gemma-2-27b-it,last_token,7,attack_vs_harmless,autodan,none,0.998680591583252,0.0013194084167480469,1439.2552490234375,1410.798828125,28.4564208984375
jbshield-gemma-phase2-gemma-2-27b-it,gemma-2-27b-it,last_token,7,attack_vs_direct_harmful,base64,direct_harmful,0.9969046711921692,0.0030953288078308105,1454.5843505859375,1413.3997802734375,41.1845703125
jbshield-gemma-phase2-gemma-2-27b-it,gemma-2-27b-it,last_token,7,attack_vs_harmless,base64,none,0.996813178062439,0.003186821937561035,1454.5843505859375,1410.798828125,43.7855224609375
jbshield-gemma-phase2-gemma-2-27b-it,gemma-2-27b-it,last_token,7,attack_vs_direct_harmful,drattack,direct_harmful,0.9945196509361267,0.005480349063873291,1482.307861328125,1413.3997802734375,68.9080810546875
jbshield-gemma-phase2-gemma-2-27b-it,gemma-2-27b-it,last_token,7,attack_vs_harmless,drattack,none,0.9947200417518616,0.005279958248138428,1482.307861328125,1410.798828125,71.509033203125
jbshield-gemma-phase2-gemma-2-27b-it,gemma-2-27b-it,last_token,7,attack_vs_direct_harmful,gcg,direct_harmful,0.9994311928749084,0.0005688071250915527,1424.0404052734375,1413.3997802734375,10.640625
jbshield-gemma-phase2-gemma-2-27b-it,gemma-2-27b-it,last_token,7,attack_vs_harmless,gcg,none,0.9992985725402832,0.0007014274597167969,1424.0404052734375,1410.798828125,13.2415771484375
jbshield-gemma-phase2-gemma-2-27b-it,gemma-2-27b-it,last_token,7,attack_vs_direct_harmful,ijp,direct_harmful,0.9963511824607849,0.003648817539215088,1457.8028564453125,1413.3997802734375,44.403076171875
jbshield-gemma-phase2-gemma-2-27b-it,gemma-2-27b-it,last_token,7,attack_vs_harmless,ijp,none,0.9964301586151123,0.0035698413848876953,1457.8028564453125,1410.798828125,47.0040283203125
jbshield-gemma-phase2-gemma-2-27b-it,gemma-2-27b-it,last_token,7,attack_vs_direct_harmful,pair,direct_harmful,0.9990274906158447,0.0009725093841552734,1439.3289794921875,1413.3997802734375,25.92919921875
jbshield-gemma-phase2-gemma-2-27b-it,gemma-2-27b-it,last_token,7,attack_vs_harmless,pair,none,0.9989880323410034,0.001011967658996582,1439.3289794921875,1410.798828125,28.5301513671875
jbshield-gemma-phase2-gemma-2-27b-it,gemma-2-27b-it,last_token,7,attack_vs_direct_harmful,puzzler,direct_harmful,0.9907999038696289,0.009200096130371094,1485.3223876953125,1413.3997802734375,71.922607421875
jbshield-gemma-phase2-gemma-2-27b-it,gemma-2-27b-it,last_token,7,attack_vs_harmless,puzzler,none,0.9908339381217957,0.009166061878204346,1485.3223876953125,1410.798828125,74.5235595703125
jbshield-gemma-phase2-gemma-2-27b-it,gemma-2-27b-it,last_token,7,attack_vs_direct_harmful,saa,direct_harmful,0.9933022856712341,0.006697714328765869,1438.2115478515625,1413.3997802734375,24.811767578125
jbshield-gemma-phase2-gemma-2-27b-it,gemma-2-27b-it,last_token,7,attack_vs_harmless,saa,none,0.9933744668960571,0.006625533103942871,1438.2115478515625,1410.798828125,27.4127197265625
jbshield-gemma-phase2-gemma-2-27b-it,gemma-2-27b-it,last_token,7,attack_vs_direct_harmful,zulu,direct_harmful,0.9988263845443726,0.0011736154556274414,1416.1854248046875,1413.3997802734375,2.78564453125
jbshield-gemma-phase2-gemma-2-27b-it,gemma-2-27b-it,last_token,7,attack_vs_harmless,zulu,none,0.9988802075386047,0.0011197924613952637,1416.1854248046875,1410.798828125,5.3865966796875
jbshield-gemma-phase2-gemma-2-27b-it,gemma-2-27b-it,last_token,8,label_1_vs_label_0,label_1,label_0,0.9968427419662476,0.0031572580337524414,1663.30224609375,1620.0830078125,43.21923828125
jbshield-gemma-phase2-gemma-2-27b-it,gemma-2-27b-it,last_token,8,direct_harmful_vs_harmless,direct_harmful,none,0.9996031522750854,0.0003968477249145508,1646.5926513671875,1619.169677734375,27.4229736328125
jbshield-gemma-phase2-gemma-2-27b-it,gemma-2-27b-it,last_token,8,attack_vs_direct_harmful,autodan,direct_harmful,0.9979885816574097,0.002011418342590332,1660.927734375,1646.5926513671875,14.3350830078125
jbshield-gemma-phase2-gemma-2-27b-it,gemma-2-27b-it,last_token,8,attack_vs_harmless,autodan,none,0.9979662895202637,0.002033710479736328,1660.927734375,1619.169677734375,41.758056640625
jbshield-gemma-phase2-gemma-2-27b-it,gemma-2-27b-it,last_token,8,attack_vs_direct_harmful,base64,direct_harmful,0.995719850063324,0.004280149936676025,1686.29345703125,1646.5926513671875,39.7008056640625
jbshield-gemma-phase2-gemma-2-27b-it,gemma-2-27b-it,last_token,8,attack_vs_harmless,base64,none,0.9955306649208069,0.004469335079193115,1686.29345703125,1619.169677734375,67.123779296875
jbshield-gemma-phase2-gemma-2-27b-it,gemma-2-27b-it,last_token,8,attack_vs_direct_harmful,drattack,direct_harmful,0.9915388822555542,0.0084611177444458,1704.5096435546875,1646.5926513671875,57.9169921875
jbshield-gemma-phase2-gemma-2-27b-it,gemma-2-27b-it,last_token,8,attack_vs_harmless,drattack,none,0.9913297891616821,0.008670210838317871,1704.5096435546875,1619.169677734375,85.3399658203125
jbshield-gemma-phase2-gemma-2-27b-it,gemma-2-27b-it,last_token,8,attack_vs_direct_harmful,gcg,direct_harmful,0.9989035129547119,0.001096487045288086,1640.6136474609375,1646.5926513671875,-5.97900390625
jbshield-gemma-phase2-gemma-2-27b-it,gemma-2-27b-it,last_token,8,attack_vs_harmless,gcg,none,0.9987531304359436,0.0012468695640563965,1640.6136474609375,1619.169677734375,21.4439697265625
jbshield-gemma-phase2-gemma-2-27b-it,gemma-2-27b-it,last_token,8,attack_vs_direct_harmful,ijp,direct_harmful,0.9941011071205139,0.005898892879486084,1685.4022216796875,1646.5926513671875,38.8095703125
jbshield-gemma-phase2-gemma-2-27b-it,gemma-2-27b-it,last_token,8,attack_vs_harmless,ijp,none,0.9936837553977966,0.006316244602203369,1685.4022216796875,1619.169677734375,66.2325439453125
jbshield-gemma-phase2-gemma-2-27b-it,gemma-2-27b-it,last_token,8,attack_vs_direct_harmful,pair,direct_harmful,0.9983771443367004,0.0016228556632995605,1668.5831298828125,1646.5926513671875,21.990478515625
jbshield-gemma-phase2-gemma-2-27b-it,gemma-2-27b-it,last_token,8,attack_vs_harmless,pair,none,0.9980409741401672,0.0019590258598327637,1668.5831298828125,1619.169677734375,49.4134521484375
jbshield-gemma-phase2-gemma-2-27b-it,gemma-2-27b-it,last_token,8,attack_vs_direct_harmful,puzzler,direct_harmful,0.9847434759140015,0.015256524085998535,1726.61669921875,1646.5926513671875,80.0240478515625
jbshield-gemma-phase2-gemma-2-27b-it,gemma-2-27b-it,last_token,8,attack_vs_harmless,puzzler,none,0.9838481545448303,0.016151845455169678,1726.61669921875,1619.169677734375,107.447021484375
jbshield-gemma-phase2-gemma-2-27b-it,gemma-2-27b-it,last_token,8,attack_vs_direct_harmful,saa,direct_harmful,0.9875840544700623,0.012415945529937744,1635.1146240234375,1646.5926513671875,-11.47802734375
jbshield-gemma-phase2-gemma-2-27b-it,gemma-2-27b-it,last_token,8,attack_vs_harmless,saa,none,0.9878613352775574,0.012138664722442627,1635.1146240234375,1619.169677734375,15.9449462890625
jbshield-gemma-phase2-gemma-2-27b-it,gemma-2-27b-it,last_token,8,attack_vs_direct_harmful,zulu,direct_harmful,0.9984109997749329,0.0015890002250671387,1656.997802734375,1646.5926513671875,10.4051513671875
jbshield-gemma-phase2-gemma-2-27b-it,gemma-2-27b-it,last_token,8,attack_vs_harmless,zulu,none,0.9982717037200928,0.0017282962799072266,1656.997802734375,1619.169677734375,37.828125
jbshield-gemma-phase2-gemma-2-27b-it,gemma-2-27b-it,last_token,9,label_1_vs_label_0,label_1,label_0,0.9969416260719299,0.0030583739280700684,1782.24609375,1756.7802734375,25.4658203125
jbshield-gemma-phase2-gemma-2-27b-it,gemma-2-27b-it,last_token,9,direct_harmful_vs_harmless,direct_harmful,none,0.999284029006958,0.0007159709930419922,1781.67822265625,1755.9454345703125,25.7327880859375
jbshield-gemma-phase2-gemma-2-27b-it,gemma-2-27b-it,last_token,9,attack_vs_direct_harmful,autodan,direct_harmful,0.9974448084831238,0.0025551915168762207,1785.3636474609375,1781.67822265625,3.6854248046875
jbshield-gemma-phase2-gemma-2-27b-it,gemma-2-27b-it,last_token,9,attack_vs_harmless,autodan,none,0.9976590275764465,0.002340972423553467,1785.3636474609375,1755.9454345703125,29.418212890625
jbshield-gemma-phase2-gemma-2-27b-it,gemma-2-27b-it,last_token,9,attack_vs_direct_harmful,base64,direct_harmful,0.9952982664108276,0.004701733589172363,1816.9730224609375,1781.67822265625,35.2947998046875
jbshield-gemma-phase2-gemma-2-27b-it,gemma-2-27b-it,last_token,9,attack_vs_harmless,base64,none,0.9954224824905396,0.004577517509460449,1816.9730224609375,1755.9454345703125,61.027587890625
jbshield-gemma-phase2-gemma-2-27b-it,gemma-2-27b-it,last_token,9,attack_vs_direct_harmful,drattack,direct_harmful,0.9901938438415527,0.009806156158447266,1808.4210205078125,1781.67822265625,26.7427978515625
jbshield-gemma-phase2-gemma-2-27b-it,gemma-2-27b-it,last_token,9,attack_vs_harmless,drattack,none,0.9908337593078613,0.009166240692138672,1808.4210205078125,1755.9454345703125,52.4755859375
jbshield-gemma-phase2-gemma-2-27b-it,gemma-2-27b-it,last_token,9,attack_vs_direct_harmful,gcg,direct_harmful,0.9986304640769958,0.0013695359230041504,1767.088623046875,1781.67822265625,-14.589599609375
jbshield-gemma-phase2-gemma-2-27b-it,gemma-2-27b-it,last_token,9,attack_vs_harmless,gcg,none,0.9985040426254272,0.001495957374572754,1767.088623046875,1755.9454345703125,11.1431884765625
jbshield-gemma-phase2-gemma-2-27b-it,gemma-2-27b-it,last_token,9,attack_vs_direct_harmful,ijp,direct_harmful,0.9932430386543274,0.006756961345672607,1791.34228515625,1781.67822265625,9.6640625
jbshield-gemma-phase2-gemma-2-27b-it,gemma-2-27b-it,last_token,9,attack_vs_harmless,ijp,none,0.9934051036834717,0.00659489631652832,1791.34228515625,1755.9454345703125,35.3968505859375
jbshield-gemma-phase2-gemma-2-27b-it,gemma-2-27b-it,last_token,9,attack_vs_direct_harmful,pair,direct_harmful,0.9983664751052856,0.0016335248947143555,1806.103759765625,1781.67822265625,24.425537109375
jbshield-gemma-phase2-gemma-2-27b-it,gemma-2-27b-it,last_token,9,attack_vs_harmless,pair,none,0.9979626536369324,0.002037346363067627,1806.103759765625,1755.9454345703125,50.1583251953125
jbshield-gemma-phase2-gemma-2-27b-it,gemma-2-27b-it,last_token,9,attack_vs_direct_harmful,puzzler,direct_harmful,0.9819115400314331,0.018088459968566895,1778.0550537109375,1781.67822265625,-3.6231689453125
jbshield-gemma-phase2-gemma-2-27b-it,gemma-2-27b-it,last_token,9,attack_vs_harmless,puzzler,none,0.9820703864097595,0.01792961359024048,1778.0550537109375,1755.9454345703125,22.109619140625
jbshield-gemma-phase2-gemma-2-27b-it,gemma-2-27b-it,last_token,9,attack_vs_direct_harmful,saa,direct_harmful,0.9836175441741943,0.016382455825805664,1714.85009765625,1781.67822265625,-66.828125
jbshield-gemma-phase2-gemma-2-27b-it,gemma-2-27b-it,last_token,9,attack_vs_harmless,saa,none,0.9851158857345581,0.014884114265441895,1714.85009765625,1755.9454345703125,-41.0953369140625
jbshield-gemma-phase2-gemma-2-27b-it,gemma-2-27b-it,last_token,9,attack_vs_direct_harmful,zulu,direct_harmful,0.9977789521217346,0.002221047878265381,1808.239990234375,1781.67822265625,26.561767578125
jbshield-gemma-phase2-gemma-2-27b-it,gemma-2-27b-it,last_token,9,attack_vs_harmless,zulu,none,0.997868537902832,0.0021314620971679688,1808.239990234375,1755.9454345703125,52.2945556640625
jbshield-gemma-phase2-gemma-2-27b-it,gemma-2-27b-it,last_token,10,label_1_vs_label_0,label_1,label_0,0.9972831606864929,0.00271683931350708,2483.173828125,2451.588623046875,31.585205078125
jbshield-gemma-phase2-gemma-2-27b-it,gemma-2-27b-it,last_token,10,direct_harmful_vs_harmless,direct_harmful,none,0.9990698099136353,0.0009301900863647461,2489.91259765625,2450.314453125,39.59814453125
jbshield-gemma-phase2-gemma-2-27b-it,gemma-2-27b-it,last_token,10,attack_vs_direct_harmful,autodan,direct_harmful,0.9973068833351135,0.0026931166648864746,2501.25390625,2489.91259765625,11.34130859375
jbshield-gemma-phase2-gemma-2-27b-it,gemma-2-27b-it,last_token,10,attack_vs_harmless,autodan,none,0.9974397420883179,0.002560257911682129,2501.25390625,2450.314453125,50.939453125
jbshield-gemma-phase2-gemma-2-27b-it,gemma-2-27b-it,last_token,10,attack_vs_direct_harmful,base64,direct_harmful,0.9954061508178711,0.004593849182128906,2525.80029296875,2489.91259765625,35.8876953125
jbshield-gemma-phase2-gemma-2-27b-it,gemma-2-27b-it,last_token,10,attack_vs_harmless,base64,none,0.995201587677002,0.004798412322998047,2525.80029296875,2450.314453125,75.48583984375
jbshield-gemma-phase2-gemma-2-27b-it,gemma-2-27b-it,last_token,10,attack_vs_direct_harmful,drattack,direct_harmful,0.992127537727356,0.007872462272644043,2527.966064453125,2489.91259765625,38.053466796875
jbshield-gemma-phase2-gemma-2-27b-it,gemma-2-27b-it,last_token,10,attack_vs_harmless,drattack,none,0.9926174283027649,0.007382571697235107,2527.966064453125,2450.314453125,77.651611328125
jbshield-gemma-phase2-gemma-2-27b-it,gemma-2-27b-it,last_token,10,attack_vs_direct_harmful,gcg,direct_harmful,0.9984631538391113,0.0015368461608886719,2448.767333984375,2489.91259765625,-41.145263671875
jbshield-gemma-phase2-gemma-2-27b-it,gemma-2-27b-it,last_token,10,attack_vs_harmless,gcg,none,0.9981564283370972,0.001843571662902832,2448.767333984375,2450.314453125,-1.547119140625
jbshield-gemma-phase2-gemma-2-27b-it,gemma-2-27b-it,last_token,10,attack_vs_direct_harmful,ijp,direct_harmful,0.9947732090950012,0.005226790904998779,2501.942138671875,2489.91259765625,12.029541015625
jbshield-gemma-phase2-gemma-2-27b-it,gemma-2-27b-it,last_token,10,attack_vs_harmless,ijp,none,0.9948298931121826,0.005170106887817383,2501.942138671875,2450.314453125,51.627685546875
jbshield-gemma-phase2-gemma-2-27b-it,gemma-2-27b-it,last_token,10,attack_vs_direct_harmful,pair,direct_harmful,0.9982549548149109,0.0017450451850891113,2529.2021484375,2489.91259765625,39.28955078125
jbshield-gemma-phase2-gemma-2-27b-it,gemma-2-27b-it,last_token,10,attack_vs_harmless,pair,none,0.9978880286216736,0.002111971378326416,2529.2021484375,2450.314453125,78.8876953125
jbshield-gemma-phase2-gemma-2-27b-it,gemma-2-27b-it,last_token,10,attack_vs_direct_harmful,puzzler,direct_harmful,0.9880715608596802,0.011928439140319824,2467.79736328125,2489.91259765625,-22.115234375
jbshield-gemma-phase2-gemma-2-27b-it,gemma-2-27b-it,last_token,10,attack_vs_harmless,puzzler,none,0.9874844551086426,0.012515544891357422,2467.79736328125,2450.314453125,17.48291015625
jbshield-gemma-phase2-gemma-2-27b-it,gemma-2-27b-it,last_token,10,attack_vs_direct_harmful,saa,direct_harmful,0.9885571599006653,0.011442840099334717,2399.789306640625,2489.91259765625,-90.123291015625
jbshield-gemma-phase2-gemma-2-27b-it,gemma-2-27b-it,last_token,10,attack_vs_harmless,saa,none,0.989433765411377,0.010566234588623047,2399.789306640625,2450.314453125,-50.525146484375
jbshield-gemma-phase2-gemma-2-27b-it,gemma-2-27b-it,last_token,10,attack_vs_direct_harmful,zulu,direct_harmful,0.9964315295219421,0.0035684704780578613,2483.845947265625,2489.91259765625,-6.066650390625
jbshield-gemma-phase2-gemma-2-27b-it,gemma-2-27b-it,last_token,10,attack_vs_harmless,zulu,none,0.9970938563346863,0.0029061436653137207,2483.845947265625,2450.314453125,33.531494140625
jbshield-gemma-phase2-gemma-2-27b-it,gemma-2-27b-it,last_token,11,label_1_vs_label_0,label_1,label_0,0.9967882633209229,0.0032117366790771484,2887.37060546875,2904.7744140625,-17.40380859375
jbshield-gemma-phase2-gemma-2-27b-it,gemma-2-27b-it,last_token,11,direct_harmful_vs_harmless,direct_harmful,none,0.998425304889679,0.001574695110321045,3011.92236328125,2901.15380859375,110.7685546875
jbshield-gemma-phase2-gemma-2-27b-it,gemma-2-27b-it,last_token,11,attack_vs_direct_harmful,autodan,direct_harmful,0.9954580068588257,0.004541993141174316,2845.499755859375,3011.92236328125,-166.422607421875
jbshield-gemma-phase2-gemma-2-27b-it,gemma-2-27b-it,last_token,11,attack_vs_harmless,autodan,none,0.996314287185669,0.0036857128143310547,2845.499755859375,2901.15380859375,-55.654052734375
jbshield-gemma-phase2-gemma-2-27b-it,gemma-2-27b-it,last_token,11,attack_vs_direct_harmful,base64,direct_harmful,0.9937546253204346,0.00624537467956543,2987.73486328125,3011.92236328125,-24.1875
jbshield-gemma-phase2-gemma-2-27b-it,gemma-2-27b-it,last_token,11,attack_vs_harmless,base64,none,0.9934898614883423,0.006510138511657715,2987.73486328125,2901.15380859375,86.5810546875
jbshield-gemma-phase2-gemma-2-27b-it,gemma-2-27b-it,last_token,11,attack_vs_direct_harmful,drattack,direct_harmful,0.9913005232810974,0.008699476718902588,2970.49072265625,3011.92236328125,-41.431640625
jbshield-gemma-phase2-gemma-2-27b-it,gemma-2-27b-it,last_token,11,attack_vs_harmless,drattack,none,0.9914600253105164,0.008539974689483643,2970.49072265625,2901.15380859375,69.3369140625
jbshield-gemma-phase2-gemma-2-27b-it,gemma-2-27b-it,last_token,11,attack_vs_direct_harmful,gcg,direct_harmful,0.997937023639679,0.002062976360321045,2863.889404296875,3011.92236328125,-148.032958984375
jbshield-gemma-phase2-gemma-2-27b-it,gemma-2-27b-it,last_token,11,attack_vs_harmless,gcg,none,0.99746173620224,0.0025382637977600098,2863.889404296875,2901.15380859375,-37.264404296875
jbshield-gemma-phase2-gemma-2-27b-it,gemma-2-27b-it,last_token,11,attack_vs_direct_harmful,ijp,direct_harmful,0.9926254749298096,0.00737452507019043,2839.3876953125,3011.92236328125,-172.53466796875
jbshield-gemma-phase2-gemma-2-27b-it,gemma-2-27b-it,last_token,11,attack_vs_harmless,ijp,none,0.9929555654525757,0.007044434547424316,2839.3876953125,2901.15380859375,-61.76611328125
jbshield-gemma-phase2-gemma-2-27b-it,gemma-2-27b-it,last_token,11,attack_vs_direct_harmful,pair,direct_harmful,0.9978873133659363,0.0021126866340637207,2982.564697265625,3011.92236328125,-29.357666015625
jbshield-gemma-phase2-gemma-2-27b-it,gemma-2-27b-it,last_token,11,attack_vs_harmless,pair,none,0.9976015090942383,0.0023984909057617188,2982.564697265625,2901.15380859375,81.410888671875
jbshield-gemma-phase2-gemma-2-27b-it,gemma-2-27b-it,last_token,11,attack_vs_direct_harmful,puzzler,direct_harmful,0.9848470687866211,0.015152931213378906,2853.5859375,3011.92236328125,-158.33642578125
jbshield-gemma-phase2-gemma-2-27b-it,gemma-2-27b-it,last_token,11,attack_vs_harmless,puzzler,none,0.9838986992835999,0.016101300716400146,2853.5859375,2901.15380859375,-47.56787109375
jbshield-gemma-phase2-gemma-2-27b-it,gemma-2-27b-it,last_token,11,attack_vs_direct_harmful,saa,direct_harmful,0.9854825139045715,0.014517486095428467,2703.864501953125,3011.92236328125,-308.057861328125
jbshield-gemma-phase2-gemma-2-27b-it,gemma-2-27b-it,last_token,11,attack_vs_harmless,saa,none,0.986889123916626,0.013110876083374023,2703.864501953125,2901.15380859375,-197.289306640625
jbshield-gemma-phase2-gemma-2-27b-it,gemma-2-27b-it,last_token,11,attack_vs_direct_harmful,zulu,direct_harmful,0.9956216812133789,0.004378318786621094,2995.622314453125,3011.92236328125,-16.300048828125
jbshield-gemma-phase2-gemma-2-27b-it,gemma-2-27b-it,last_token,11,attack_vs_harmless,zulu,none,0.9967138767242432,0.003286123275756836,2995.622314453125,2901.15380859375,94.468505859375
jbshield-gemma-phase2-gemma-2-27b-it,gemma-2-27b-it,last_token,12,label_1_vs_label_0,label_1,label_0,0.9956230521202087,0.00437694787979126,3385.68359375,3343.072265625,42.611328125
jbshield-gemma-phase2-gemma-2-27b-it,gemma-2-27b-it,last_token,12,direct_harmful_vs_harmless,direct_harmful,none,0.9956403374671936,0.0043596625328063965,3591.934814453125,3334.821044921875,257.11376953125
jbshield-gemma-phase2-gemma-2-27b-it,gemma-2-27b-it,last_token,12,attack_vs_direct_harmful,autodan,direct_harmful,0.9908853769302368,0.009114623069763184,3273.4326171875,3591.934814453125,-318.502197265625
jbshield-gemma-phase2-gemma-2-27b-it,gemma-2-27b-it,last_token,12,attack_vs_harmless,autodan,none,0.9939740896224976,0.006025910377502441,3273.4326171875,3334.821044921875,-61.388427734375
jbshield-gemma-phase2-gemma-2-27b-it,gemma-2-27b-it,last_token,12,attack_vs_direct_harmful,base64,direct_harmful,0.9895480275154114,0.010451972484588623,3508.34521484375,3591.934814453125,-83.589599609375
jbshield-gemma-phase2-gemma-2-27b-it,gemma-2-27b-it,last_token,12,attack_vs_harmless,base64,none,0.9900419116020203,0.009958088397979736,3508.34521484375,3334.821044921875,173.524169921875
jbshield-gemma-phase2-gemma-2-27b-it,gemma-2-27b-it,last_token,12,attack_vs_direct_harmful,drattack,direct_harmful,0.9874695539474487,0.01253044605255127,3452.28369140625,3591.934814453125,-139.651123046875
jbshield-gemma-phase2-gemma-2-27b-it,gemma-2-27b-it,last_token,12,attack_vs_harmless,drattack,none,0.9893530011177063,0.010646998882293701,3452.28369140625,3334.821044921875,117.462646484375
jbshield-gemma-phase2-gemma-2-27b-it,gemma-2-27b-it,last_token,12,attack_vs_direct_harmful,gcg,direct_harmful,0.9972656965255737,0.0027343034744262695,3409.18017578125,3591.934814453125,-182.754638671875
jbshield-gemma-phase2-gemma-2-27b-it,gemma-2-27b-it,last_token,12,attack_vs_harmless,gcg,none,0.9954771995544434,0.004522800445556641,3409.18017578125,3334.821044921875,74.359130859375
jbshield-gemma-phase2-gemma-2-27b-it,gemma-2-27b-it,last_token,12,attack_vs_direct_harmful,ijp,direct_harmful,0.990034818649292,0.009965181350708008,3311.762939453125,3591.934814453125,-280.171875
jbshield-gemma-phase2-gemma-2-27b-it,gemma-2-27b-it,last_token,12,attack_vs_harmless,ijp,none,0.9916459918022156,0.008354008197784424,3311.762939453125,3334.821044921875,-23.05810546875
jbshield-gemma-phase2-gemma-2-27b-it,gemma-2-27b-it,last_token,12,attack_vs_direct_harmful,pair,direct_harmful,0.9962572455406189,0.0037427544593811035,3453.039794921875,3591.934814453125,-138.89501953125
jbshield-gemma-phase2-gemma-2-27b-it,gemma-2-27b-it,last_token,12,attack_vs_harmless,pair,none,0.99643474817276,0.0035652518272399902,3453.039794921875,3334.821044921875,118.21875
jbshield-gemma-phase2-gemma-2-27b-it,gemma-2-27b-it,last_token,12,attack_vs_direct_harmful,puzzler,direct_harmful,0.9851420521736145,0.014857947826385498,3347.53515625,3591.934814453125,-244.399658203125
jbshield-gemma-phase2-gemma-2-27b-it,gemma-2-27b-it,last_token,12,attack_vs_harmless,puzzler,none,0.9847621321678162,0.015237867832183838,3347.53515625,3334.821044921875,12.714111328125
jbshield-gemma-phase2-gemma-2-27b-it,gemma-2-27b-it,last_token,12,attack_vs_direct_harmful,saa,direct_harmful,0.985386073589325,0.014613926410675049,3327.999267578125,3591.934814453125,-263.935546875
jbshield-gemma-phase2-gemma-2-27b-it,gemma-2-27b-it,last_token,12,attack_vs_harmless,saa,none,0.9864833354949951,0.013516664505004883,3327.999267578125,3334.821044921875,-6.82177734375
jbshield-gemma-phase2-gemma-2-27b-it,gemma-2-27b-it,last_token,12,attack_vs_direct_harmful,zulu,direct_harmful,0.9941205382347107,0.005879461765289307,3457.617431640625,3591.934814453125,-134.3173828125
jbshield-gemma-phase2-gemma-2-27b-it,gemma-2-27b-it,last_token,12,attack_vs_harmless,zulu,none,0.9952695369720459,0.0047304630279541016,3457.617431640625,3334.821044921875,122.79638671875
jbshield-gemma-phase2-gemma-2-27b-it,gemma-2-27b-it,last_token,13,label_1_vs_label_0,label_1,label_0,0.9956108331680298,0.004389166831970215,4045.77734375,4026.62158203125,19.15576171875
jbshield-gemma-phase2-gemma-2-27b-it,gemma-2-27b-it,last_token,13,direct_harmful_vs_harmless,direct_harmful,none,0.9958928823471069,0.004107117652893066,4260.947265625,4018.946533203125,242.000732421875
jbshield-gemma-phase2-gemma-2-27b-it,gemma-2-27b-it,last_token,13,attack_vs_direct_harmful,autodan,direct_harmful,0.9917591214179993,0.008240878582000732,3906.354248046875,4260.947265625,-354.593017578125
jbshield-gemma-phase2-gemma-2-27b-it,gemma-2-27b-it,last_token,13,attack_vs_harmless,autodan,none,0.9942770600318909,0.005722939968109131,3906.354248046875,4018.946533203125,-112.59228515625
jbshield-gemma-phase2-gemma-2-27b-it,gemma-2-27b-it,last_token,13,attack_vs_direct_harmful,base64,direct_harmful,0.9893229603767395,0.010677039623260498,4192.0849609375,4260.947265625,-68.8623046875
jbshield-gemma-phase2-gemma-2-27b-it,gemma-2-27b-it,last_token,13,attack_vs_harmless,base64,none,0.9896183609962463,0.010381639003753662,4192.0849609375,4018.946533203125,173.138427734375
jbshield-gemma-phase2-gemma-2-27b-it,gemma-2-27b-it,last_token,13,attack_vs_direct_harmful,drattack,direct_harmful,0.9884164333343506,0.011583566665649414,4185.41943359375,4260.947265625,-75.52783203125
jbshield-gemma-phase2-gemma-2-27b-it,gemma-2-27b-it,last_token,13,attack_vs_harmless,drattack,none,0.990016520023346,0.009983479976654053,4185.41943359375,4018.946533203125,166.472900390625
jbshield-gemma-phase2-gemma-2-27b-it,gemma-2-27b-it,last_token,13,attack_vs_direct_harmful,gcg,direct_harmful,0.9980089068412781,0.001991093158721924,4104.18017578125,4260.947265625,-156.76708984375
jbshield-gemma-phase2-gemma-2-27b-it,gemma-2-27b-it,last_token,13,attack_vs_harmless,gcg,none,0.9960916042327881,0.003908395767211914,4104.18017578125,4018.946533203125,85.233642578125
jbshield-gemma-phase2-gemma-2-27b-it,gemma-2-27b-it,last_token,13,attack_vs_direct_harmful,ijp,direct_harmful,0.9906606078147888,0.009339392185211182,3964.388916015625,4260.947265625,-296.558349609375
jbshield-gemma-phase2-gemma-2-27b-it,gemma-2-27b-it,last_token,13,attack_vs_harmless,ijp,none,0.9918768405914307,0.008123159408569336,3964.388916015625,4018.946533203125,-54.5576171875
jbshield-gemma-phase2-gemma-2-27b-it,gemma-2-27b-it,last_token,13,attack_vs_direct_harmful,pair,direct_harmful,0.9959025979042053,0.004097402095794678,4086.2734375,4260.947265625,-174.673828125
jbshield-gemma-phase2-gemma-2-27b-it,gemma-2-27b-it,last_token,13,attack_vs_harmless,pair,none,0.9963302612304688,0.00366973876953125,4086.2734375,4018.946533203125,67.326904296875
jbshield-gemma-phase2-gemma-2-27b-it,gemma-2-27b-it,last_token,13,attack_vs_direct_harmful,puzzler,direct_harmful,0.9844638109207153,0.015536189079284668,3849.17626953125,4260.947265625,-411.77099609375
jbshield-gemma-phase2-gemma-2-27b-it,gemma-2-27b-it,last_token,13,attack_vs_harmless,puzzler,none,0.9849379062652588,0.015062093734741211,3849.17626953125,4018.946533203125,-169.770263671875
jbshield-gemma-phase2-gemma-2-27b-it,gemma-2-27b-it,last_token,13,attack_vs_direct_harmful,saa,direct_harmful,0.9868337512016296,0.013166248798370361,4044.3349609375,4260.947265625,-216.6123046875
jbshield-gemma-phase2-gemma-2-27b-it,gemma-2-27b-it,last_token,13,attack_vs_harmless,saa,none,0.9882264137268066,0.01177358627319336,4044.3349609375,4018.946533203125,25.388427734375
jbshield-gemma-phase2-gemma-2-27b-it,gemma-2-27b-it,last_token,13,attack_vs_direct_harmful,zulu,direct_harmful,0.9938105940818787,0.006189405918121338,4036.499267578125,4260.947265625,-224.447998046875
jbshield-gemma-phase2-gemma-2-27b-it,gemma-2-27b-it,last_token,13,attack_vs_harmless,zulu,none,0.9946427941322327,0.005357205867767334,4036.499267578125,4018.946533203125,17.552734375
jbshield-gemma-phase2-gemma-2-27b-it,gemma-2-27b-it,last_token,14,label_1_vs_label_0,label_1,label_0,0.9957001805305481,0.004299819469451904,5139.83251953125,5073.87109375,65.96142578125
jbshield-gemma-phase2-gemma-2-27b-it,gemma-2-27b-it,last_token,14,direct_harmful_vs_harmless,direct_harmful,none,0.9955224990844727,0.004477500915527344,5510.24560546875,5059.3076171875,450.93798828125
jbshield-gemma-phase2-gemma-2-27b-it,gemma-2-27b-it,last_token,14,attack_vs_direct_harmful,autodan,direct_harmful,0.9927454590797424,0.007254540920257568,5064.28759765625,5510.24560546875,-445.9580078125
jbshield-gemma-phase2-gemma-2-27b-it,gemma-2-27b-it,last_token,14,attack_vs_harmless,autodan,none,0.9953655004501343,0.004634499549865723,5064.28759765625,5059.3076171875,4.97998046875
jbshield-gemma-phase2-gemma-2-27b-it,gemma-2-27b-it,last_token,14,attack_vs_direct_harmful,base64,direct_harmful,0.9884189367294312,0.011581063270568848,5098.34228515625,5510.24560546875,-411.9033203125
jbshield-gemma-phase2-gemma-2-27b-it,gemma-2-27b-it,last_token,14,attack_vs_harmless,base64,none,0.9886407256126404,0.01135927438735962,5098.34228515625,5059.3076171875,39.03466796875
jbshield-gemma-phase2-gemma-2-27b-it,gemma-2-27b-it,last_token,14,attack_vs_direct_harmful,drattack,direct_harmful,0.9887903928756714,0.011209607124328613,5237.8427734375,5510.24560546875,-272.40283203125
jbshield-gemma-phase2-gemma-2-27b-it,gemma-2-27b-it,last_token,14,attack_vs_harmless,drattack,none,0.9906723499298096,0.00932765007019043,5237.8427734375,5059.3076171875,178.53515625
jbshield-gemma-phase2-gemma-2-27b-it,gemma-2-27b-it,last_token,14,attack_vs_direct_harmful,gcg,direct_harmful,0.9983364343643188,0.0016635656356811523,5294.333984375,5510.24560546875,-215.91162109375
jbshield-gemma-phase2-gemma-2-27b-it,gemma-2-27b-it,last_token,14,attack_vs_harmless,gcg,none,0.9963287711143494,0.0036712288856506348,5294.333984375,5059.3076171875,235.0263671875
jbshield-gemma-phase2-gemma-2-27b-it,gemma-2-27b-it,last_token,14,attack_vs_direct_harmful,ijp,direct_harmful,0.9910162687301636,0.008983731269836426,5079.42333984375,5510.24560546875,-430.822265625
jbshield-gemma-phase2-gemma-2-27b-it,gemma-2-27b-it,last_token,14,attack_vs_harmless,ijp,none,0.9924120306968689,0.0075879693031311035,5079.42333984375,5059.3076171875,20.11572265625
jbshield-gemma-phase2-gemma-2-27b-it,gemma-2-27b-it,last_token,14,attack_vs_direct_harmful,pair,direct_harmful,0.9952488541603088,0.004751145839691162,5144.2431640625,5510.24560546875,-366.00244140625
jbshield-gemma-phase2-gemma-2-27b-it,gemma-2-27b-it,last_token,14,attack_vs_harmless,pair,none,0.9961065649986267,0.003893435001373291,5144.2431640625,5059.3076171875,84.935546875
jbshield-gemma-phase2-gemma-2-27b-it,gemma-2-27b-it,last_token,14,attack_vs_direct_harmful,puzzler,direct_harmful,0.9869236946105957,0.013076305389404297,4996.14306640625,5510.24560546875,-514.1025390625
jbshield-gemma-phase2-gemma-2-27b-it,gemma-2-27b-it,last_token,14,attack_vs_harmless,puzzler,none,0.9865716695785522,0.013428330421447754,4996.14306640625,5059.3076171875,-63.16455078125
jbshield-gemma-phase2-gemma-2-27b-it,gemma-2-27b-it,last_token,14,attack_vs_direct_harmful,saa,direct_harmful,0.9889094829559326,0.011090517044067383,5190.265625,5510.24560546875,-319.97998046875
jbshield-gemma-phase2-gemma-2-27b-it,gemma-2-27b-it,last_token,14,attack_vs_harmless,saa,none,0.9892416000366211,0.010758399963378906,5190.265625,5059.3076171875,130.9580078125
jbshield-gemma-phase2-gemma-2-27b-it,gemma-2-27b-it,last_token,14,attack_vs_direct_harmful,zulu,direct_harmful,0.9946944117546082,0.005305588245391846,5156.6650390625,5510.24560546875,-353.58056640625
jbshield-gemma-phase2-gemma-2-27b-it,gemma-2-27b-it,last_token,14,attack_vs_harmless,zulu,none,0.9949477314949036,0.0050522685050964355,5156.6650390625,5059.3076171875,97.357421875
jbshield-gemma-phase2-gemma-2-27b-it,gemma-2-27b-it,last_token,15,label_1_vs_label_0,label_1,label_0,0.9949026107788086,0.005097389221191406,6128.0693359375,6073.37744140625,54.69189453125
jbshield-gemma-phase2-gemma-2-27b-it,gemma-2-27b-it,last_token,15,direct_harmful_vs_harmless,direct_harmful,none,0.9942368268966675,0.0057631731033325195,6684.41845703125,6053.12060546875,631.2978515625
jbshield-gemma-phase2-gemma-2-27b-it,gemma-2-27b-it,last_token,15,attack_vs_direct_harmful,autodan,direct_harmful,0.9901555180549622,0.009844481945037842,6026.37451171875,6684.41845703125,-658.0439453125
jbshield-gemma-phase2-gemma-2-27b-it,gemma-2-27b-it,last_token,15,attack_vs_harmless,autodan,none,0.9942919611930847,0.005708038806915283,6026.37451171875,6053.12060546875,-26.74609375
jbshield-gemma-phase2-gemma-2-27b-it,gemma-2-27b-it,last_token,15,attack_vs_direct_harmful,base64,direct_harmful,0.985111653804779,0.014888346195220947,6041.6767578125,6684.41845703125,-642.74169921875
jbshield-gemma-phase2-gemma-2-27b-it,gemma-2-27b-it,last_token,15,attack_vs_harmless,base64,none,0.9857959747314453,0.014204025268554688,6041.6767578125,6053.12060546875,-11.44384765625
jbshield-gemma-phase2-gemma-2-27b-it,gemma-2-27b-it,last_token,15,attack_vs_direct_harmful,drattack,direct_harmful,0.985526442527771,0.014473557472229004,5962.6318359375,6684.41845703125,-721.78662109375
jbshield-gemma-phase2-gemma-2-27b-it,gemma-2-27b-it,last_token,15,attack_vs_harmless,drattack,none,0.99022376537323,0.00977623462677002,5962.6318359375,6053.12060546875,-90.48876953125
jbshield-gemma-phase2-gemma-2-27b-it,gemma-2-27b-it,last_token,15,attack_vs_direct_harmful,gcg,direct_harmful,0.9977987408638,0.002201259136199951,6363.65576171875,6684.41845703125,-320.7626953125
jbshield-gemma-phase2-gemma-2-27b-it,gemma-2-27b-it,last_token,15,attack_vs_harmless,gcg,none,0.9954336285591125,0.004566371440887451,6363.65576171875,6053.12060546875,310.53515625
jbshield-gemma-phase2-gemma-2-27b-it,gemma-2-27b-it,last_token,15,attack_vs_direct_harmful,ijp,direct_harmful,0.9863356351852417,0.0136643648147583,6039.6181640625,6684.41845703125,-644.80029296875
jbshield-gemma-phase2-gemma-2-27b-it,gemma-2-27b-it,last_token,15,attack_vs_harmless,ijp,none,0.9901582598686218,0.009841740131378174,6039.6181640625,6053.12060546875,-13.50244140625
jbshield-gemma-phase2-gemma-2-27b-it,gemma-2-27b-it,last_token,15,attack_vs_direct_harmful,pair,direct_harmful,0.9937777519226074,0.006222248077392578,6242.533203125,6684.41845703125,-441.88525390625
jbshield-gemma-phase2-gemma-2-27b-it,gemma-2-27b-it,last_token,15,attack_vs_harmless,pair,none,0.9959311485290527,0.004068851470947266,6242.533203125,6053.12060546875,189.41259765625
jbshield-gemma-phase2-gemma-2-27b-it,gemma-2-27b-it,last_token,15,attack_vs_direct_harmful,puzzler,direct_harmful,0.9799925684928894,0.020007431507110596,5821.7412109375,6684.41845703125,-862.67724609375
jbshield-gemma-phase2-gemma-2-27b-it,gemma-2-27b-it,last_token,15,attack_vs_harmless,puzzler,none,0.9819304943084717,0.01806950569152832,5821.7412109375,6053.12060546875,-231.37939453125
jbshield-gemma-phase2-gemma-2-27b-it,gemma-2-27b-it,last_token,15,attack_vs_direct_harmful,saa,direct_harmful,0.9866577386856079,0.01334226131439209,6172.57861328125,6684.41845703125,-511.83984375
jbshield-gemma-phase2-gemma-2-27b-it,gemma-2-27b-it,last_token,15,attack_vs_harmless,saa,none,0.987016499042511,0.012983500957489014,6172.57861328125,6053.12060546875,119.4580078125
jbshield-gemma-phase2-gemma-2-27b-it,gemma-2-27b-it,last_token,15,attack_vs_direct_harmful,zulu,direct_harmful,0.9946494698524475,0.00535053014755249,6274.4833984375,6684.41845703125,-409.93505859375
jbshield-gemma-phase2-gemma-2-27b-it,gemma-2-27b-it,last_token,15,attack_vs_harmless,zulu,none,0.9942798614501953,0.0057201385498046875,6274.4833984375,6053.12060546875,221.36279296875
jbshield-gemma-phase2-gemma-2-27b-it,gemma-2-27b-it,last_token,16,label_1_vs_label_0,label_1,label_0,0.9955618381500244,0.004438161849975586,7350.33056640625,7350.37646484375,-0.0458984375
jbshield-gemma-phase2-gemma-2-27b-it,gemma-2-27b-it,last_token,16,direct_harmful_vs_harmless,direct_harmful,none,0.9915080070495605,0.008491992950439453,8163.619140625,7324.0283203125,839.5908203125
jbshield-gemma-phase2-gemma-2-27b-it,gemma-2-27b-it,last_token,16,attack_vs_direct_harmful,autodan,direct_harmful,0.984052836894989,0.015947163105010986,7162.36669921875,8163.619140625,-1001.25244140625
jbshield-gemma-phase2-gemma-2-27b-it,gemma-2-27b-it,last_token,16,attack_vs_harmless,autodan,none,0.9940993785858154,0.00590062141418457,7162.36669921875,7324.0283203125,-161.66162109375
jbshield-gemma-phase2-gemma-2-27b-it,gemma-2-27b-it,last_token,16,attack_vs_direct_harmful,base64,direct_harmful,0.9818421602249146,0.01815783977508545,7301.46875,8163.619140625,-862.150390625
jbshield-gemma-phase2-gemma-2-27b-it,gemma-2-27b-it,last_token,16,attack_vs_harmless,base64,none,0.9877400994300842,0.012259900569915771,7301.46875,7324.0283203125,-22.5595703125
jbshield-gemma-phase2-gemma-2-27b-it,gemma-2-27b-it,last_token,16,attack_vs_direct_harmful,drattack,direct_harmful,0.9774764776229858,0.02252352237701416,7071.8408203125,8163.619140625,-1091.7783203125
jbshield-gemma-phase2-gemma-2-27b-it,gemma-2-27b-it,last_token,16,attack_vs_harmless,drattack,none,0.9893458485603333,0.010654151439666748,7071.8408203125,7324.0283203125,-252.1875
jbshield-gemma-phase2-gemma-2-27b-it,gemma-2-27b-it,last_token,16,attack_vs_direct_harmful,gcg,direct_harmful,0.9970532655715942,0.0029467344284057617,7624.17431640625,8163.619140625,-539.44482421875
jbshield-gemma-phase2-gemma-2-27b-it,gemma-2-27b-it,last_token,16,attack_vs_harmless,gcg,none,0.9952607750892639,0.004739224910736084,7624.17431640625,7324.0283203125,300.14599609375
jbshield-gemma-phase2-gemma-2-27b-it,gemma-2-27b-it,last_token,16,attack_vs_direct_harmful,ijp,direct_harmful,0.9760982394218445,0.023901760578155518,7457.47607421875,8163.619140625,-706.14306640625
jbshield-gemma-phase2-gemma-2-27b-it,gemma-2-27b-it,last_token,16,attack_vs_harmless,ijp,none,0.9876468181610107,0.012353181838989258,7457.47607421875,7324.0283203125,133.44775390625
jbshield-gemma-phase2-gemma-2-27b-it,gemma-2-27b-it,last_token,16,attack_vs_direct_harmful,pair,direct_harmful,0.9889881610870361,0.011011838912963867,7539.7509765625,8163.619140625,-623.8681640625
jbshield-gemma-phase2-gemma-2-27b-it,gemma-2-27b-it,last_token,16,attack_vs_harmless,pair,none,0.995551347732544,0.004448652267456055,7539.7509765625,7324.0283203125,215.72265625
jbshield-gemma-phase2-gemma-2-27b-it,gemma-2-27b-it,last_token,16,attack_vs_direct_harmful,puzzler,direct_harmful,0.9710425138473511,0.028957486152648926,6725.98291015625,8163.619140625,-1437.63623046875
jbshield-gemma-phase2-gemma-2-27b-it,gemma-2-27b-it,last_token,16,attack_vs_harmless,puzzler,none,0.9844058752059937,0.015594124794006348,6725.98291015625,7324.0283203125,-598.04541015625
jbshield-gemma-phase2-gemma-2-27b-it,gemma-2-27b-it,last_token,16,attack_vs_direct_harmful,saa,direct_harmful,0.9793663024902344,0.020633697509765625,7433.77880859375,8163.619140625,-729.84033203125
jbshield-gemma-phase2-gemma-2-27b-it,gemma-2-27b-it,last_token,16,attack_vs_harmless,saa,none,0.9860489368438721,0.01395106315612793,7433.77880859375,7324.0283203125,109.75048828125
jbshield-gemma-phase2-gemma-2-27b-it,gemma-2-27b-it,last_token,16,attack_vs_direct_harmful,zulu,direct_harmful,0.9919772148132324,0.008022785186767578,7380.67578125,8163.619140625,-782.943359375
jbshield-gemma-phase2-gemma-2-27b-it,gemma-2-27b-it,last_token,16,attack_vs_harmless,zulu,none,0.993933379650116,0.006066620349884033,7380.67578125,7324.0283203125,56.6474609375
jbshield-gemma-phase2-gemma-2-27b-it,gemma-2-27b-it,last_token,17,label_1_vs_label_0,label_1,label_0,0.9950040578842163,0.004995942115783691,9131.873046875,8939.4443359375,192.4287109375
jbshield-gemma-phase2-gemma-2-27b-it,gemma-2-27b-it,last_token,17,direct_harmful_vs_harmless,direct_harmful,none,0.9907721281051636,0.009227871894836426,10103.146484375,8901.5361328125,1201.6103515625
jbshield-gemma-phase2-gemma-2-27b-it,gemma-2-27b-it,last_token,17,attack_vs_direct_harmful,autodan,direct_harmful,0.9861178398132324,0.013882160186767578,8982.4404296875,10103.146484375,-1120.7060546875
jbshield-gemma-phase2-gemma-2-27b-it,gemma-2-27b-it,last_token,17,attack_vs_harmless,autodan,none,0.9936903715133667,0.006309628486633301,8982.4404296875,8901.5361328125,80.904296875
jbshield-gemma-phase2-gemma-2-27b-it,gemma-2-27b-it,last_token,17,attack_vs_direct_harmful,base64,direct_harmful,0.984646201133728,0.015353798866271973,9138.935546875,10103.146484375,-964.2109375
jbshield-gemma-phase2-gemma-2-27b-it,gemma-2-27b-it,last_token,17,attack_vs_harmless,base64,none,0.9885675311088562,0.011432468891143799,9138.935546875,8901.5361328125,237.3994140625
jbshield-gemma-phase2-gemma-2-27b-it,gemma-2-27b-it,last_token,17,attack_vs_direct_harmful,drattack,direct_harmful,0.9782698154449463,0.02173018455505371,9052.4638671875,10103.146484375,-1050.6826171875
jbshield-gemma-phase2-gemma-2-27b-it,gemma-2-27b-it,last_token,17,attack_vs_harmless,drattack,none,0.9888536334037781,0.011146366596221924,9052.4638671875,8901.5361328125,150.927734375
jbshield-gemma-phase2-gemma-2-27b-it,gemma-2-27b-it,last_token,17,attack_vs_direct_harmful,gcg,direct_harmful,0.9971851110458374,0.0028148889541625977,9624.400390625,10103.146484375,-478.74609375
jbshield-gemma-phase2-gemma-2-27b-it,gemma-2-27b-it,last_token,17,attack_vs_harmless,gcg,none,0.9943109750747681,0.005689024925231934,9624.400390625,8901.5361328125,722.8642578125
jbshield-gemma-phase2-gemma-2-27b-it,gemma-2-27b-it,last_token,17,attack_vs_direct_harmful,ijp,direct_harmful,0.9729543328285217,0.02704566717147827,9070.2119140625,10103.146484375,-1032.9345703125
jbshield-gemma-phase2-gemma-2-27b-it,gemma-2-27b-it,last_token,17,attack_vs_harmless,ijp,none,0.9851573705673218,0.014842629432678223,9070.2119140625,8901.5361328125,168.67578125
jbshield-gemma-phase2-gemma-2-27b-it,gemma-2-27b-it,last_token,17,attack_vs_direct_harmful,pair,direct_harmful,0.9901592135429382,0.009840786457061768,9355.6611328125,10103.146484375,-747.4853515625
jbshield-gemma-phase2-gemma-2-27b-it,gemma-2-27b-it,last_token,17,attack_vs_harmless,pair,none,0.9947662949562073,0.005233705043792725,9355.6611328125,8901.5361328125,454.125
jbshield-gemma-phase2-gemma-2-27b-it,gemma-2-27b-it,last_token,17,attack_vs_direct_harmful,puzzler,direct_harmful,0.9695196151733398,0.030480384826660156,8487.951171875,10103.146484375,-1615.1953125
jbshield-gemma-phase2-gemma-2-27b-it,gemma-2-27b-it,last_token,17,attack_vs_harmless,puzzler,none,0.9828792214393616,0.017120778560638428,8487.951171875,8901.5361328125,-413.5849609375
jbshield-gemma-phase2-gemma-2-27b-it,gemma-2-27b-it,last_token,17,attack_vs_direct_harmful,saa,direct_harmful,0.9715355634689331,0.028464436531066895,9042.6123046875,10103.146484375,-1060.5341796875
jbshield-gemma-phase2-gemma-2-27b-it,gemma-2-27b-it,last_token,17,attack_vs_harmless,saa,none,0.9826354384422302,0.017364561557769775,9042.6123046875,8901.5361328125,141.076171875
jbshield-gemma-phase2-gemma-2-27b-it,gemma-2-27b-it,last_token,17,attack_vs_direct_harmful,zulu,direct_harmful,0.9924423694610596,0.00755763053894043,9120.9580078125,10103.146484375,-982.1884765625
jbshield-gemma-phase2-gemma-2-27b-it,gemma-2-27b-it,last_token,17,attack_vs_harmless,zulu,none,0.9937594532966614,0.006240546703338623,9120.9580078125,8901.5361328125,219.421875
jbshield-gemma-phase2-gemma-2-27b-it,gemma-2-27b-it,last_token,18,label_1_vs_label_0,label_1,label_0,0.9953299760818481,0.0046700239181518555,11775.6669921875,11381.06640625,394.6005859375
jbshield-gemma-phase2-gemma-2-27b-it,gemma-2-27b-it,last_token,18,direct_harmful_vs_harmless,direct_harmful,none,0.9908764362335205,0.009123563766479492,12853.83203125,11333.068359375,1520.763671875
jbshield-gemma-phase2-gemma-2-27b-it,gemma-2-27b-it,last_token,18,attack_vs_direct_harmful,autodan,direct_harmful,0.9892110228538513,0.010788977146148682,11915.7841796875,12853.83203125,-938.0478515625
jbshield-gemma-phase2-gemma-2-27b-it,gemma-2-27b-it,last_token,18,attack_vs_harmless,autodan,none,0.9948341250419617,0.00516587495803833,11915.7841796875,11333.068359375,582.7158203125
jbshield-gemma-phase2-gemma-2-27b-it,gemma-2-27b-it,last_token,18,attack_vs_direct_harmful,base64,direct_harmful,0.9825814962387085,0.017418503761291504,11589.3193359375,12853.83203125,-1264.5126953125
jbshield-gemma-phase2-gemma-2-27b-it,gemma-2-27b-it,last_token,18,attack_vs_harmless,base64,none,0.9860628247261047,0.013937175273895264,11589.3193359375,11333.068359375,256.2509765625
jbshield-gemma-phase2-gemma-2-27b-it,gemma-2-27b-it,last_token,18,attack_vs_direct_harmful,drattack,direct_harmful,0.9788446426391602,0.021155357360839844,12108.169921875,12853.83203125,-745.662109375
jbshield-gemma-phase2-gemma-2-27b-it,gemma-2-27b-it,last_token,18,attack_vs_harmless,drattack,none,0.9889516830444336,0.011048316955566406,12108.169921875,11333.068359375,775.1015625
jbshield-gemma-phase2-gemma-2-27b-it,gemma-2-27b-it,last_token,18,attack_vs_direct_harmful,gcg,direct_harmful,0.9976718425750732,0.002328157424926758,12502.94921875,12853.83203125,-350.8828125
jbshield-gemma-phase2-gemma-2-27b-it,gemma-2-27b-it,last_token,18,attack_vs_harmless,gcg,none,0.9943210482597351,0.005678951740264893,12502.94921875,11333.068359375,1169.880859375
jbshield-gemma-phase2-gemma-2-27b-it,gemma-2-27b-it,last_token,18,attack_vs_direct_harmful,ijp,direct_harmful,0.9731935262680054,0.02680647373199463,11571.046875,12853.83203125,-1282.78515625
jbshield-gemma-phase2-gemma-2-27b-it,gemma-2-27b-it,last_token,18,attack_vs_harmless,ijp,none,0.9852033257484436,0.014796674251556396,11571.046875,11333.068359375,237.978515625
jbshield-gemma-phase2-gemma-2-27b-it,gemma-2-27b-it,last_token,18,attack_vs_direct_harmful,pair,direct_harmful,0.9917889833450317,0.008211016654968262,11981.337890625,12853.83203125,-872.494140625
jbshield-gemma-phase2-gemma-2-27b-it,gemma-2-27b-it,last_token,18,attack_vs_harmless,pair,none,0.9956448674201965,0.004355132579803467,11981.337890625,11333.068359375,648.26953125
jbshield-gemma-phase2-gemma-2-27b-it,gemma-2-27b-it,last_token,18,attack_vs_direct_harmful,puzzler,direct_harmful,0.9696168899536133,0.03038311004638672,10246.96484375,12853.83203125,-2606.8671875
jbshield-gemma-phase2-gemma-2-27b-it,gemma-2-27b-it,last_token,18,attack_vs_harmless,puzzler,none,0.9828698635101318,0.017130136489868164,10246.96484375,11333.068359375,-1086.103515625
jbshield-gemma-phase2-gemma-2-27b-it,gemma-2-27b-it,last_token,18,attack_vs_direct_harmful,saa,direct_harmful,0.9692285060882568,0.030771493911743164,11523.6513671875,12853.83203125,-1330.1806640625
jbshield-gemma-phase2-gemma-2-27b-it,gemma-2-27b-it,last_token,18,attack_vs_harmless,saa,none,0.9812968373298645,0.018703162670135498,11523.6513671875,11333.068359375,190.5830078125
jbshield-gemma-phase2-gemma-2-27b-it,gemma-2-27b-it,last_token,18,attack_vs_direct_harmful,zulu,direct_harmful,0.9927176833152771,0.0072823166847229,11697.5390625,12853.83203125,-1156.29296875
jbshield-gemma-phase2-gemma-2-27b-it,gemma-2-27b-it,last_token,18,attack_vs_harmless,zulu,none,0.9936864376068115,0.0063135623931884766,11697.5390625,11333.068359375,364.470703125
jbshield-gemma-phase2-gemma-2-27b-it,gemma-2-27b-it,last_token,19,label_1_vs_label_0,label_1,label_0,0.9949856400489807,0.005014359951019287,13379.5107421875,13007.974609375,371.5361328125
jbshield-gemma-phase2-gemma-2-27b-it,gemma-2-27b-it,last_token,19,direct_harmful_vs_harmless,direct_harmful,none,0.9909175634384155,0.009082436561584473,14710.0498046875,12952.4365234375,1757.61328125
jbshield-gemma-phase2-gemma-2-27b-it,gemma-2-27b-it,last_token,19,attack_vs_direct_harmful,autodan,direct_harmful,0.9903607964515686,0.009639203548431396,13585.091796875,14710.0498046875,-1124.9580078125
jbshield-gemma-phase2-gemma-2-27b-it,gemma-2-27b-it,last_token,19,attack_vs_harmless,autodan,none,0.9944440722465515,0.005555927753448486,13585.091796875,12952.4365234375,632.6552734375
jbshield-gemma-phase2-gemma-2-27b-it,gemma-2-27b-it,last_token,19,attack_vs_direct_harmful,base64,direct_harmful,0.9844478368759155,0.015552163124084473,12825.86328125,14710.0498046875,-1884.1865234375
jbshield-gemma-phase2-gemma-2-27b-it,gemma-2-27b-it,last_token,19,attack_vs_harmless,base64,none,0.9866712689399719,0.013328731060028076,12825.86328125,12952.4365234375,-126.5732421875
jbshield-gemma-phase2-gemma-2-27b-it,gemma-2-27b-it,last_token,19,attack_vs_direct_harmful,drattack,direct_harmful,0.9784836769104004,0.02151632308959961,13684.2919921875,14710.0498046875,-1025.7578125
jbshield-gemma-phase2-gemma-2-27b-it,gemma-2-27b-it,last_token,19,attack_vs_harmless,drattack,none,0.9882354140281677,0.011764585971832275,13684.2919921875,12952.4365234375,731.85546875
jbshield-gemma-phase2-gemma-2-27b-it,gemma-2-27b-it,last_token,19,attack_vs_direct_harmful,gcg,direct_harmful,0.9974449872970581,0.0025550127029418945,14301.166015625,14710.0498046875,-408.8837890625
jbshield-gemma-phase2-gemma-2-27b-it,gemma-2-27b-it,last_token,19,attack_vs_harmless,gcg,none,0.9942333102226257,0.005766689777374268,14301.166015625,12952.4365234375,1348.7294921875
jbshield-gemma-phase2-gemma-2-27b-it,gemma-2-27b-it,last_token,19,attack_vs_direct_harmful,ijp,direct_harmful,0.972952127456665,0.02704787254333496,13284.359375,14710.0498046875,-1425.6904296875
jbshield-gemma-phase2-gemma-2-27b-it,gemma-2-27b-it,last_token,19,attack_vs_harmless,ijp,none,0.983870267868042,0.016129732131958008,13284.359375,12952.4365234375,331.9228515625
jbshield-gemma-phase2-gemma-2-27b-it,gemma-2-27b-it,last_token,19,attack_vs_direct_harmful,pair,direct_harmful,0.9928505420684814,0.007149457931518555,13651.0419921875,14710.0498046875,-1059.0078125
jbshield-gemma-phase2-gemma-2-27b-it,gemma-2-27b-it,last_token,19,attack_vs_harmless,pair,none,0.9949807524681091,0.005019247531890869,13651.0419921875,12952.4365234375,698.60546875
jbshield-gemma-phase2-gemma-2-27b-it,gemma-2-27b-it,last_token,19,attack_vs_direct_harmful,puzzler,direct_harmful,0.9732636213302612,0.02673637866973877,11505.7158203125,14710.0498046875,-3204.333984375
jbshield-gemma-phase2-gemma-2-27b-it,gemma-2-27b-it,last_token,19,attack_vs_harmless,puzzler,none,0.9827307462692261,0.017269253730773926,11505.7158203125,12952.4365234375,-1446.720703125
jbshield-gemma-phase2-gemma-2-27b-it,gemma-2-27b-it,last_token,19,attack_vs_direct_harmful,saa,direct_harmful,0.9644260406494141,0.03557395935058594,13316.5908203125,14710.0498046875,-1393.458984375
jbshield-gemma-phase2-gemma-2-27b-it,gemma-2-27b-it,last_token,19,attack_vs_harmless,saa,none,0.9780552387237549,0.021944761276245117,13316.5908203125,12952.4365234375,364.154296875
jbshield-gemma-phase2-gemma-2-27b-it,gemma-2-27b-it,last_token,19,attack_vs_direct_harmful,zulu,direct_harmful,0.9926814436912537,0.007318556308746338,13193.3955078125,14710.0498046875,-1516.654296875
jbshield-gemma-phase2-gemma-2-27b-it,gemma-2-27b-it,last_token,19,attack_vs_harmless,zulu,none,0.9929223656654358,0.007077634334564209,13193.3955078125,12952.4365234375,240.958984375
jbshield-gemma-phase2-gemma-2-27b-it,gemma-2-27b-it,last_token,20,label_1_vs_label_0,label_1,label_0,0.9952954053878784,0.004704594612121582,16080.75390625,15967.244140625,113.509765625
jbshield-gemma-phase2-gemma-2-27b-it,gemma-2-27b-it,last_token,20,direct_harmful_vs_harmless,direct_harmful,none,0.9909108877182007,0.009089112281799316,18027.923828125,15900.0771484375,2127.8466796875
jbshield-gemma-phase2-gemma-2-27b-it,gemma-2-27b-it,last_token,20,attack_vs_direct_harmful,autodan,direct_harmful,0.992123007774353,0.007876992225646973,16860.33984375,18027.923828125,-1167.583984375
jbshield-gemma-phase2-gemma-2-27b-it,gemma-2-27b-it,last_token,20,attack_vs_harmless,autodan,none,0.9950286746025085,0.004971325397491455,16860.33984375,15900.0771484375,960.2626953125
jbshield-gemma-phase2-gemma-2-27b-it,gemma-2-27b-it,last_token,20,attack_vs_direct_harmful,base64,direct_harmful,0.9856032729148865,0.014396727085113525,15588.224609375,18027.923828125,-2439.69921875
jbshield-gemma-phase2-gemma-2-27b-it,gemma-2-27b-it,last_token,20,attack_vs_harmless,base64,none,0.9878206253051758,0.012179374694824219,15588.224609375,15900.0771484375,-311.8525390625
jbshield-gemma-phase2-gemma-2-27b-it,gemma-2-27b-it,last_token,20,attack_vs_direct_harmful,drattack,direct_harmful,0.980397641658783,0.01960235834121704,17018.1953125,18027.923828125,-1009.728515625
jbshield-gemma-phase2-gemma-2-27b-it,gemma-2-27b-it,last_token,20,attack_vs_harmless,drattack,none,0.9888684153556824,0.011131584644317627,17018.1953125,15900.0771484375,1118.1181640625
jbshield-gemma-phase2-gemma-2-27b-it,gemma-2-27b-it,last_token,20,attack_vs_direct_harmful,gcg,direct_harmful,0.9978222846984863,0.002177715301513672,17679.1640625,18027.923828125,-348.759765625
jbshield-gemma-phase2-gemma-2-27b-it,gemma-2-27b-it,last_token,20,attack_vs_harmless,gcg,none,0.9940400719642639,0.005959928035736084,17679.1640625,15900.0771484375,1779.0869140625
jbshield-gemma-phase2-gemma-2-27b-it,gemma-2-27b-it,last_token,20,attack_vs_direct_harmful,ijp,direct_harmful,0.9750968217849731,0.024903178215026855,15501.193359375,18027.923828125,-2526.73046875
jbshield-gemma-phase2-gemma-2-27b-it,gemma-2-27b-it,last_token,20,attack_vs_harmless,ijp,none,0.985107958316803,0.014892041683197021,15501.193359375,15900.0771484375,-398.8837890625
jbshield-gemma-phase2-gemma-2-27b-it,gemma-2-27b-it,last_token,20,attack_vs_direct_harmful,pair,direct_harmful,0.9932061433792114,0.006793856620788574,16538.802734375,18027.923828125,-1489.12109375
jbshield-gemma-phase2-gemma-2-27b-it,gemma-2-27b-it,last_token,20,attack_vs_harmless,pair,none,0.9950436949729919,0.004956305027008057,16538.802734375,15900.0771484375,638.7255859375
jbshield-gemma-phase2-gemma-2-27b-it,gemma-2-27b-it,last_token,20,attack_vs_direct_harmful,puzzler,direct_harmful,0.9730221629142761,0.026977837085723877,14468.89453125,18027.923828125,-3559.029296875
jbshield-gemma-phase2-gemma-2-27b-it,gemma-2-27b-it,last_token,20,attack_vs_harmless,puzzler,none,0.9835758209228516,0.016424179077148438,14468.89453125,15900.0771484375,-1431.1826171875
jbshield-gemma-phase2-gemma-2-27b-it,gemma-2-27b-it,last_token,20,attack_vs_direct_harmful,saa,direct_harmful,0.96262127161026,0.03737872838973999,14932.755859375,18027.923828125,-3095.16796875
jbshield-gemma-phase2-gemma-2-27b-it,gemma-2-27b-it,last_token,20,attack_vs_harmless,saa,none,0.9752524495124817,0.02474755048751831,14932.755859375,15900.0771484375,-967.3212890625
jbshield-gemma-phase2-gemma-2-27b-it,gemma-2-27b-it,last_token,20,attack_vs_direct_harmful,zulu,direct_harmful,0.9922069907188416,0.007793009281158447,15684.8115234375,18027.923828125,-2343.1123046875
jbshield-gemma-phase2-gemma-2-27b-it,gemma-2-27b-it,last_token,20,attack_vs_harmless,zulu,none,0.9930025935173035,0.006997406482696533,15684.8115234375,15900.0771484375,-215.265625
jbshield-gemma-phase2-gemma-2-27b-it,gemma-2-27b-it,last_token,21,label_1_vs_label_0,label_1,label_0,0.9953210949897766,0.004678905010223389,17008.390625,17247.13671875,-238.74609375
jbshield-gemma-phase2-gemma-2-27b-it,gemma-2-27b-it,last_token,21,direct_harmful_vs_harmless,direct_harmful,none,0.9900345206260681,0.009965479373931885,18928.2421875,17194.2109375,1734.03125
jbshield-gemma-phase2-gemma-2-27b-it,gemma-2-27b-it,last_token,21,attack_vs_direct_harmful,autodan,direct_harmful,0.9914648532867432,0.008535146713256836,17800.572265625,18928.2421875,-1127.669921875
jbshield-gemma-phase2-gemma-2-27b-it,gemma-2-27b-it,last_token,21,attack_vs_harmless,autodan,none,0.9948083758354187,0.005191624164581299,17800.572265625,17194.2109375,606.361328125
jbshield-gemma-phase2-gemma-2-27b-it,gemma-2-27b-it,last_token,21,attack_vs_direct_harmful,base64,direct_harmful,0.9857684969902039,0.014231503009796143,16122.9580078125,18928.2421875,-2805.2841796875
jbshield-gemma-phase2-gemma-2-27b-it,gemma-2-27b-it,last_token,21,attack_vs_harmless,base64,none,0.9879777431488037,0.012022256851196289,16122.9580078125,17194.2109375,-1071.2529296875
jbshield-gemma-phase2-gemma-2-27b-it,gemma-2-27b-it,last_token,21,attack_vs_direct_harmful,drattack,direct_harmful,0.979346752166748,0.020653247833251953,17626.388671875,18928.2421875,-1301.853515625
jbshield-gemma-phase2-gemma-2-27b-it,gemma-2-27b-it,last_token,21,attack_vs_harmless,drattack,none,0.989007830619812,0.010992169380187988,17626.388671875,17194.2109375,432.177734375
jbshield-gemma-phase2-gemma-2-27b-it,gemma-2-27b-it,last_token,21,attack_vs_direct_harmful,gcg,direct_harmful,0.9972596764564514,0.002740323543548584,18554.44921875,18928.2421875,-373.79296875
jbshield-gemma-phase2-gemma-2-27b-it,gemma-2-27b-it,last_token,21,attack_vs_harmless,gcg,none,0.9937713742256165,0.006228625774383545,18554.44921875,17194.2109375,1360.23828125
jbshield-gemma-phase2-gemma-2-27b-it,gemma-2-27b-it,last_token,21,attack_vs_direct_harmful,ijp,direct_harmful,0.9767557978630066,0.023244202136993408,16446.9375,18928.2421875,-2481.3046875
jbshield-gemma-phase2-gemma-2-27b-it,gemma-2-27b-it,last_token,21,attack_vs_harmless,ijp,none,0.9863437414169312,0.013656258583068848,16446.9375,17194.2109375,-747.2734375
jbshield-gemma-phase2-gemma-2-27b-it,gemma-2-27b-it,last_token,21,attack_vs_direct_harmful,pair,direct_harmful,0.9935488700866699,0.006451129913330078,17890.912109375,18928.2421875,-1037.330078125
jbshield-gemma-phase2-gemma-2-27b-it,gemma-2-27b-it,last_token,21,attack_vs_harmless,pair,none,0.9949567914009094,0.005043208599090576,17890.912109375,17194.2109375,696.701171875
jbshield-gemma-phase2-gemma-2-27b-it,gemma-2-27b-it,last_token,21,attack_vs_direct_harmful,puzzler,direct_harmful,0.9698265194892883,0.03017348051071167,15607.953125,18928.2421875,-3320.2890625
jbshield-gemma-phase2-gemma-2-27b-it,gemma-2-27b-it,last_token,21,attack_vs_harmless,puzzler,none,0.9827542901039124,0.017245709896087646,15607.953125,17194.2109375,-1586.2578125
jbshield-gemma-phase2-gemma-2-27b-it,gemma-2-27b-it,last_token,21,attack_vs_direct_harmful,saa,direct_harmful,0.960368275642395,0.03963172435760498,16040.3330078125,18928.2421875,-2887.9091796875
jbshield-gemma-phase2-gemma-2-27b-it,gemma-2-27b-it,last_token,21,attack_vs_harmless,saa,none,0.9738730788230896,0.0261269211769104,16040.3330078125,17194.2109375,-1153.8779296875
jbshield-gemma-phase2-gemma-2-27b-it,gemma-2-27b-it,last_token,21,attack_vs_direct_harmful,zulu,direct_harmful,0.9917303919792175,0.00826960802078247,16656.78125,18928.2421875,-2271.4609375
jbshield-gemma-phase2-gemma-2-27b-it,gemma-2-27b-it,last_token,21,attack_vs_harmless,zulu,none,0.993062436580658,0.006937563419342041,16656.78125,17194.2109375,-537.4296875
jbshield-gemma-phase2-gemma-2-27b-it,gemma-2-27b-it,last_token,22,label_1_vs_label_0,label_1,label_0,0.9937465786933899,0.006253421306610107,17317.162109375,18295.14453125,-977.982421875
jbshield-gemma-phase2-gemma-2-27b-it,gemma-2-27b-it,last_token,22,direct_harmful_vs_harmless,direct_harmful,none,0.9871050119400024,0.012894988059997559,20043.419921875,18242.224609375,1801.1953125
jbshield-gemma-phase2-gemma-2-27b-it,gemma-2-27b-it,last_token,22,attack_vs_direct_harmful,autodan,direct_harmful,0.990792453289032,0.009207546710968018,18362.04296875,20043.419921875,-1681.376953125
jbshield-gemma-phase2-gemma-2-27b-it,gemma-2-27b-it,last_token,22,attack_vs_harmless,autodan,none,0.9926808476448059,0.007319152355194092,18362.04296875,18242.224609375,119.818359375
jbshield-gemma-phase2-gemma-2-27b-it,gemma-2-27b-it,last_token,22,attack_vs_direct_harmful,base64,direct_harmful,0.982496440410614,0.017503559589385986,15749.8564453125,20043.419921875,-4293.5634765625
jbshield-gemma-phase2-gemma-2-27b-it,gemma-2-27b-it,last_token,22,attack_vs_harmless,base64,none,0.9855929613113403,0.014407038688659668,15749.8564453125,18242.224609375,-2492.3681640625
jbshield-gemma-phase2-gemma-2-27b-it,gemma-2-27b-it,last_token,22,attack_vs_direct_harmful,drattack,direct_harmful,0.9758753776550293,0.024124622344970703,18089.93359375,20043.419921875,-1953.486328125
jbshield-gemma-phase2-gemma-2-27b-it,gemma-2-27b-it,last_token,22,attack_vs_harmless,drattack,none,0.9870584607124329,0.012941539287567139,18089.93359375,18242.224609375,-152.291015625
jbshield-gemma-phase2-gemma-2-27b-it,gemma-2-27b-it,last_token,22,attack_vs_direct_harmful,gcg,direct_harmful,0.9970751404762268,0.0029248595237731934,19001.044921875,20043.419921875,-1042.375
jbshield-gemma-phase2-gemma-2-27b-it,gemma-2-27b-it,last_token,22,attack_vs_harmless,gcg,none,0.9915868043899536,0.008413195610046387,19001.044921875,18242.224609375,758.8203125
jbshield-gemma-phase2-gemma-2-27b-it,gemma-2-27b-it,last_token,22,attack_vs_direct_harmful,ijp,direct_harmful,0.9718514084815979,0.0281485915184021,16434.7265625,20043.419921875,-3608.693359375
jbshield-gemma-phase2-gemma-2-27b-it,gemma-2-27b-it,last_token,22,attack_vs_harmless,ijp,none,0.9818821549415588,0.018117845058441162,16434.7265625,18242.224609375,-1807.498046875
jbshield-gemma-phase2-gemma-2-27b-it,gemma-2-27b-it,last_token,22,attack_vs_direct_harmful,pair,direct_harmful,0.9921850562095642,0.007814943790435791,18881.080078125,20043.419921875,-1162.33984375
jbshield-gemma-phase2-gemma-2-27b-it,gemma-2-27b-it,last_token,22,attack_vs_harmless,pair,none,0.9936388731002808,0.006361126899719238,18881.080078125,18242.224609375,638.85546875
jbshield-gemma-phase2-gemma-2-27b-it,gemma-2-27b-it,last_token,22,attack_vs_direct_harmful,puzzler,direct_harmful,0.9649540781974792,0.03504592180252075,15721.27734375,20043.419921875,-4322.142578125
jbshield-gemma-phase2-gemma-2-27b-it,gemma-2-27b-it,last_token,22,attack_vs_harmless,puzzler,none,0.980445921421051,0.019554078578948975,15721.27734375,18242.224609375,-2520.947265625
jbshield-gemma-phase2-gemma-2-27b-it,gemma-2-27b-it,last_token,22,attack_vs_direct_harmful,saa,direct_harmful,0.9509814381599426,0.04901856184005737,16439.3515625,20043.419921875,-3604.068359375
jbshield-gemma-phase2-gemma-2-27b-it,gemma-2-27b-it,last_token,22,attack_vs_harmless,saa,none,0.9657166600227356,0.034283339977264404,16439.3515625,18242.224609375,-1802.873046875
jbshield-gemma-phase2-gemma-2-27b-it,gemma-2-27b-it,last_token,22,attack_vs_direct_harmful,zulu,direct_harmful,0.9900332689285278,0.009966731071472168,16883.45703125,20043.419921875,-3159.962890625
jbshield-gemma-phase2-gemma-2-27b-it,gemma-2-27b-it,last_token,22,attack_vs_harmless,zulu,none,0.9931471347808838,0.006852865219116211,16883.45703125,18242.224609375,-1358.767578125
jbshield-gemma-phase2-gemma-2-27b-it,gemma-2-27b-it,last_token,23,label_1_vs_label_0,label_1,label_0,0.9925236701965332,0.007476329803466797,19007.66796875,19828.37109375,-820.703125
jbshield-gemma-phase2-gemma-2-27b-it,gemma-2-27b-it,last_token,23,direct_harmful_vs_harmless,direct_harmful,none,0.9832231402397156,0.016776859760284424,21648.552734375,19776.474609375,1872.078125
jbshield-gemma-phase2-gemma-2-27b-it,gemma-2-27b-it,last_token,23,attack_vs_direct_harmful,autodan,direct_harmful,0.9898359179496765,0.010164082050323486,19916.177734375,21648.552734375,-1732.375
jbshield-gemma-phase2-gemma-2-27b-it,gemma-2-27b-it,last_token,23,attack_vs_harmless,autodan,none,0.9903247356414795,0.009675264358520508,19916.177734375,19776.474609375,139.703125
jbshield-gemma-phase2-gemma-2-27b-it,gemma-2-27b-it,last_token,23,attack_vs_direct_harmful,base64,direct_harmful,0.9784157872200012,0.02158421277999878,17902.76171875,21648.552734375,-3745.791015625
jbshield-gemma-phase2-gemma-2-27b-it,gemma-2-27b-it,last_token,23,attack_vs_harmless,base64,none,0.9856843948364258,0.014315605163574219,17902.76171875,19776.474609375,-1873.712890625
jbshield-gemma-phase2-gemma-2-27b-it,gemma-2-27b-it,last_token,23,attack_vs_direct_harmful,drattack,direct_harmful,0.9714432954788208,0.0285567045211792,20362.400390625,21648.552734375,-1286.15234375
jbshield-gemma-phase2-gemma-2-27b-it,gemma-2-27b-it,last_token,23,attack_vs_harmless,drattack,none,0.984504759311676,0.015495240688323975,20362.400390625,19776.474609375,585.92578125
jbshield-gemma-phase2-gemma-2-27b-it,gemma-2-27b-it,last_token,23,attack_vs_direct_harmful,gcg,direct_harmful,0.9965823292732239,0.003417670726776123,20456.486328125,21648.552734375,-1192.06640625
jbshield-gemma-phase2-gemma-2-27b-it,gemma-2-27b-it,last_token,23,attack_vs_harmless,gcg,none,0.988937497138977,0.01106250286102295,20456.486328125,19776.474609375,680.01171875
jbshield-gemma-phase2-gemma-2-27b-it,gemma-2-27b-it,last_token,23,attack_vs_direct_harmful,ijp,direct_harmful,0.9692937135696411,0.030706286430358887,18194.298828125,21648.552734375,-3454.25390625
jbshield-gemma-phase2-gemma-2-27b-it,gemma-2-27b-it,last_token,23,attack_vs_harmless,ijp,none,0.979519248008728,0.020480751991271973,18194.298828125,19776.474609375,-1582.17578125
jbshield-gemma-phase2-gemma-2-27b-it,gemma-2-27b-it,last_token,23,attack_vs_direct_harmful,pair,direct_harmful,0.9904824495315552,0.009517550468444824,20835.9609375,21648.552734375,-812.591796875
jbshield-gemma-phase2-gemma-2-27b-it,gemma-2-27b-it,last_token,23,attack_vs_harmless,pair,none,0.9918777346611023,0.008122265338897705,20835.9609375,19776.474609375,1059.486328125
jbshield-gemma-phase2-gemma-2-27b-it,gemma-2-27b-it,last_token,23,attack_vs_direct_harmful,puzzler,direct_harmful,0.9595381617546082,0.040461838245391846,17028.890625,21648.552734375,-4619.662109375
jbshield-gemma-phase2-gemma-2-27b-it,gemma-2-27b-it,last_token,23,attack_vs_harmless,puzzler,none,0.9784737825393677,0.021526217460632324,17028.890625,19776.474609375,-2747.583984375
jbshield-gemma-phase2-gemma-2-27b-it,gemma-2-27b-it,last_token,23,attack_vs_direct_harmful,saa,direct_harmful,0.9519858360290527,0.048014163970947266,18612.814453125,21648.552734375,-3035.73828125
jbshield-gemma-phase2-gemma-2-27b-it,gemma-2-27b-it,last_token,23,attack_vs_harmless,saa,none,0.9645624756813049,0.03543752431869507,18612.814453125,19776.474609375,-1163.66015625
jbshield-gemma-phase2-gemma-2-27b-it,gemma-2-27b-it,last_token,23,attack_vs_direct_harmful,zulu,direct_harmful,0.986705482006073,0.013294517993927002,17503.611328125,21648.552734375,-4144.94140625
jbshield-gemma-phase2-gemma-2-27b-it,gemma-2-27b-it,last_token,23,attack_vs_harmless,zulu,none,0.9919904470443726,0.008009552955627441,17503.611328125,19776.474609375,-2272.86328125
jbshield-gemma-phase2-gemma-2-27b-it,gemma-2-27b-it,last_token,24,label_1_vs_label_0,label_1,label_0,0.9900801181793213,0.009919881820678711,20045.580078125,20792.84375,-747.263671875
jbshield-gemma-phase2-gemma-2-27b-it,gemma-2-27b-it,last_token,24,direct_harmful_vs_harmless,direct_harmful,none,0.9761327505111694,0.023867249488830566,23115.431640625,20729.619140625,2385.8125
jbshield-gemma-phase2-gemma-2-27b-it,gemma-2-27b-it,last_token,24,attack_vs_direct_harmful,autodan,direct_harmful,0.9890555143356323,0.010944485664367676,21385.818359375,23115.431640625,-1729.61328125
jbshield-gemma-phase2-gemma-2-27b-it,gemma-2-27b-it,last_token,24,attack_vs_harmless,autodan,none,0.9848518967628479,0.0151481032371521,21385.818359375,20729.619140625,656.19921875
jbshield-gemma-phase2-gemma-2-27b-it,gemma-2-27b-it,last_token,24,attack_vs_direct_harmful,base64,direct_harmful,0.9660583138465881,0.033941686153411865,18764.5078125,23115.431640625,-4350.923828125
jbshield-gemma-phase2-gemma-2-27b-it,gemma-2-27b-it,last_token,24,attack_vs_harmless,base64,none,0.9772447347640991,0.02275526523590088,18764.5078125,20729.619140625,-1965.111328125
jbshield-gemma-phase2-gemma-2-27b-it,gemma-2-27b-it,last_token,24,attack_vs_direct_harmful,drattack,direct_harmful,0.9654127955436707,0.034587204456329346,21588.193359375,23115.431640625,-1527.23828125
jbshield-gemma-phase2-gemma-2-27b-it,gemma-2-27b-it,last_token,24,attack_vs_harmless,drattack,none,0.9775949716567993,0.022405028343200684,21588.193359375,20729.619140625,858.57421875
jbshield-gemma-phase2-gemma-2-27b-it,gemma-2-27b-it,last_token,24,attack_vs_direct_harmful,gcg,direct_harmful,0.9961506724357605,0.003849327564239502,21785.69921875,23115.431640625,-1329.732421875
jbshield-gemma-phase2-gemma-2-27b-it,gemma-2-27b-it,last_token,24,attack_vs_harmless,gcg,none,0.9826599955558777,0.017340004444122314,21785.69921875,20729.619140625,1056.080078125
jbshield-gemma-phase2-gemma-2-27b-it,gemma-2-27b-it,last_token,24,attack_vs_direct_harmful,ijp,direct_harmful,0.9644983410835266,0.03550165891647339,19206.69140625,23115.431640625,-3908.740234375
jbshield-gemma-phase2-gemma-2-27b-it,gemma-2-27b-it,last_token,24,attack_vs_harmless,ijp,none,0.9785909056663513,0.02140909433364868,19206.69140625,20729.619140625,-1522.927734375
jbshield-gemma-phase2-gemma-2-27b-it,gemma-2-27b-it,last_token,24,attack_vs_direct_harmful,pair,direct_harmful,0.9885749816894531,0.011425018310546875,22320.10546875,23115.431640625,-795.326171875
jbshield-gemma-phase2-gemma-2-27b-it,gemma-2-27b-it,last_token,24,attack_vs_harmless,pair,none,0.9889472723007202,0.011052727699279785,22320.10546875,20729.619140625,1590.486328125
jbshield-gemma-phase2-gemma-2-27b-it,gemma-2-27b-it,last_token,24,attack_vs_direct_harmful,puzzler,direct_harmful,0.9460080862045288,0.05399191379547119,17888.001953125,23115.431640625,-5227.4296875
jbshield-gemma-phase2-gemma-2-27b-it,gemma-2-27b-it,last_token,24,attack_vs_harmless,puzzler,none,0.9728612303733826,0.02713876962661743,17888.001953125,20729.619140625,-2841.6171875
jbshield-gemma-phase2-gemma-2-27b-it,gemma-2-27b-it,last_token,24,attack_vs_direct_harmful,saa,direct_harmful,0.9373681545257568,0.06263184547424316,19336.32421875,23115.431640625,-3779.107421875
jbshield-gemma-phase2-gemma-2-27b-it,gemma-2-27b-it,last_token,24,attack_vs_harmless,saa,none,0.9550254344940186,0.044974565505981445,19336.32421875,20729.619140625,-1393.294921875
jbshield-gemma-phase2-gemma-2-27b-it,gemma-2-27b-it,last_token,24,attack_vs_direct_harmful,zulu,direct_harmful,0.9821858406066895,0.017814159393310547,18253.767578125,23115.431640625,-4861.6640625
jbshield-gemma-phase2-gemma-2-27b-it,gemma-2-27b-it,last_token,24,attack_vs_harmless,zulu,none,0.9891063570976257,0.010893642902374268,18253.767578125,20729.619140625,-2475.8515625
jbshield-gemma-phase2-gemma-2-27b-it,gemma-2-27b-it,last_token,25,label_1_vs_label_0,label_1,label_0,0.9894670248031616,0.010532975196838379,21858.326171875,22593.828125,-735.501953125
jbshield-gemma-phase2-gemma-2-27b-it,gemma-2-27b-it,last_token,25,direct_harmful_vs_harmless,direct_harmful,none,0.9719210267066956,0.028078973293304443,25318.37109375,22521.8125,2796.55859375
jbshield-gemma-phase2-gemma-2-27b-it,gemma-2-27b-it,last_token,25,attack_vs_direct_harmful,autodan,direct_harmful,0.9889424443244934,0.011057555675506592,23859.982421875,25318.37109375,-1458.388671875
jbshield-gemma-phase2-gemma-2-27b-it,gemma-2-27b-it,last_token,25,attack_vs_harmless,autodan,none,0.9818058609962463,0.018194139003753662,23859.982421875,22521.8125,1338.169921875
jbshield-gemma-phase2-gemma-2-27b-it,gemma-2-27b-it,last_token,25,attack_vs_direct_harmful,base64,direct_harmful,0.9581705331802368,0.041829466819763184,21025.455078125,25318.37109375,-4292.916015625
jbshield-gemma-phase2-gemma-2-27b-it,gemma-2-27b-it,last_token,25,attack_vs_harmless,base64,none,0.9725326895713806,0.027467310428619385,21025.455078125,22521.8125,-1496.357421875
jbshield-gemma-phase2-gemma-2-27b-it,gemma-2-27b-it,last_token,25,attack_vs_direct_harmful,drattack,direct_harmful,0.9670111536979675,0.03298884630203247,23371.21875,25318.37109375,-1947.15234375
jbshield-gemma-phase2-gemma-2-27b-it,gemma-2-27b-it,last_token,25,attack_vs_harmless,drattack,none,0.9773524403572083,0.022647559642791748,23371.21875,22521.8125,849.40625
jbshield-gemma-phase2-gemma-2-27b-it,gemma-2-27b-it,last_token,25,attack_vs_direct_harmful,gcg,direct_harmful,0.9956603646278381,0.004339635372161865,24155.46875,25318.37109375,-1162.90234375
jbshield-gemma-phase2-gemma-2-27b-it,gemma-2-27b-it,last_token,25,attack_vs_harmless,gcg,none,0.979633092880249,0.020366907119750977,24155.46875,22521.8125,1633.65625
jbshield-gemma-phase2-gemma-2-27b-it,gemma-2-27b-it,last_token,25,attack_vs_direct_harmful,ijp,direct_harmful,0.9638234972953796,0.03617650270462036,20975.833984375,25318.37109375,-4342.537109375
jbshield-gemma-phase2-gemma-2-27b-it,gemma-2-27b-it,last_token,25,attack_vs_harmless,ijp,none,0.9803590774536133,0.01964092254638672,20975.833984375,22521.8125,-1545.978515625
jbshield-gemma-phase2-gemma-2-27b-it,gemma-2-27b-it,last_token,25,attack_vs_direct_harmful,pair,direct_harmful,0.9881927967071533,0.01180720329284668,24600.451171875,25318.37109375,-717.919921875
jbshield-gemma-phase2-gemma-2-27b-it,gemma-2-27b-it,last_token,25,attack_vs_harmless,pair,none,0.9875242710113525,0.012475728988647461,24600.451171875,22521.8125,2078.638671875
jbshield-gemma-phase2-gemma-2-27b-it,gemma-2-27b-it,last_token,25,attack_vs_direct_harmful,puzzler,direct_harmful,0.9410680532455444,0.058931946754455566,19856.013671875,25318.37109375,-5462.357421875
jbshield-gemma-phase2-gemma-2-27b-it,gemma-2-27b-it,last_token,25,attack_vs_harmless,puzzler,none,0.9715070128440857,0.028492987155914307,19856.013671875,22521.8125,-2665.798828125
jbshield-gemma-phase2-gemma-2-27b-it,gemma-2-27b-it,last_token,25,attack_vs_direct_harmful,saa,direct_harmful,0.9376686811447144,0.062331318855285645,20431.13671875,25318.37109375,-4887.234375
jbshield-gemma-phase2-gemma-2-27b-it,gemma-2-27b-it,last_token,25,attack_vs_harmless,saa,none,0.9577301740646362,0.04226982593536377,20431.13671875,22521.8125,-2090.67578125
jbshield-gemma-phase2-gemma-2-27b-it,gemma-2-27b-it,last_token,25,attack_vs_direct_harmful,zulu,direct_harmful,0.9773364067077637,0.022663593292236328,18986.826171875,25318.37109375,-6331.544921875
jbshield-gemma-phase2-gemma-2-27b-it,gemma-2-27b-it,last_token,25,attack_vs_harmless,zulu,none,0.984306812286377,0.015693187713623047,18986.826171875,22521.8125,-3534.986328125
jbshield-gemma-phase2-gemma-2-27b-it,gemma-2-27b-it,last_token,26,label_1_vs_label_0,label_1,label_0,0.9875617623329163,0.01243823766708374,22449.03515625,23490.1640625,-1041.12890625
jbshield-gemma-phase2-gemma-2-27b-it,gemma-2-27b-it,last_token,26,direct_harmful_vs_harmless,direct_harmful,none,0.9656805396080017,0.03431946039199829,26824.697265625,23403.720703125,3420.9765625
jbshield-gemma-phase2-gemma-2-27b-it,gemma-2-27b-it,last_token,26,attack_vs_direct_harmful,autodan,direct_harmful,0.9877607226371765,0.012239277362823486,24953.001953125,26824.697265625,-1871.6953125
jbshield-gemma-phase2-gemma-2-27b-it,gemma-2-27b-it,last_token,26,attack_vs_harmless,autodan,none,0.9768080711364746,0.02319192886352539,24953.001953125,23403.720703125,1549.28125
jbshield-gemma-phase2-gemma-2-27b-it,gemma-2-27b-it,last_token,26,attack_vs_direct_harmful,base64,direct_harmful,0.9439862966537476,0.05601370334625244,22025.228515625,26824.697265625,-4799.46875
jbshield-gemma-phase2-gemma-2-27b-it,gemma-2-27b-it,last_token,26,attack_vs_harmless,base64,none,0.9639074802398682,0.036092519760131836,22025.228515625,23403.720703125,-1378.4921875
jbshield-gemma-phase2-gemma-2-27b-it,gemma-2-27b-it,last_token,26,attack_vs_direct_harmful,drattack,direct_harmful,0.9610407948493958,0.03895920515060425,23207.1875,26824.697265625,-3617.509765625
jbshield-gemma-phase2-gemma-2-27b-it,gemma-2-27b-it,last_token,26,attack_vs_harmless,drattack,none,0.9701283574104309,0.029871642589569092,23207.1875,23403.720703125,-196.533203125
jbshield-gemma-phase2-gemma-2-27b-it,gemma-2-27b-it,last_token,26,attack_vs_direct_harmful,gcg,direct_harmful,0.9952221512794495,0.004777848720550537,25203.990234375,26824.697265625,-1620.70703125
jbshield-gemma-phase2-gemma-2-27b-it,gemma-2-27b-it,last_token,26,attack_vs_harmless,gcg,none,0.9745655655860901,0.025434434413909912,25203.990234375,23403.720703125,1800.26953125
jbshield-gemma-phase2-gemma-2-27b-it,gemma-2-27b-it,last_token,26,attack_vs_direct_harmful,ijp,direct_harmful,0.9577083587646484,0.04229164123535156,21432.7734375,26824.697265625,-5391.923828125
jbshield-gemma-phase2-gemma-2-27b-it,gemma-2-27b-it,last_token,26,attack_vs_harmless,ijp,none,0.9786462187767029,0.02135378122329712,21432.7734375,23403.720703125,-1970.947265625
jbshield-gemma-phase2-gemma-2-27b-it,gemma-2-27b-it,last_token,26,attack_vs_direct_harmful,pair,direct_harmful,0.9864595532417297,0.013540446758270264,25439.216796875,26824.697265625,-1385.48046875
jbshield-gemma-phase2-gemma-2-27b-it,gemma-2-27b-it,last_token,26,attack_vs_harmless,pair,none,0.9848194718360901,0.015180528163909912,25439.216796875,23403.720703125,2035.49609375
jbshield-gemma-phase2-gemma-2-27b-it,gemma-2-27b-it,last_token,26,attack_vs_direct_harmful,puzzler,direct_harmful,0.9263123273849487,0.07368767261505127,20556.25,26824.697265625,-6268.447265625
jbshield-gemma-phase2-gemma-2-27b-it,gemma-2-27b-it,last_token,26,attack_vs_harmless,puzzler,none,0.9632149934768677,0.036785006523132324,20556.25,23403.720703125,-2847.470703125
jbshield-gemma-phase2-gemma-2-27b-it,gemma-2-27b-it,last_token,26,attack_vs_direct_harmful,saa,direct_harmful,0.9198852181434631,0.08011478185653687,20576.81640625,26824.697265625,-6247.880859375
jbshield-gemma-phase2-gemma-2-27b-it,gemma-2-27b-it,last_token,26,attack_vs_harmless,saa,none,0.9460849761962891,0.05391502380371094,20576.81640625,23403.720703125,-2826.904296875
jbshield-gemma-phase2-gemma-2-27b-it,gemma-2-27b-it,last_token,26,attack_vs_direct_harmful,zulu,direct_harmful,0.9735702276229858,0.02642977237701416,19617.85546875,26824.697265625,-7206.841796875
jbshield-gemma-phase2-gemma-2-27b-it,gemma-2-27b-it,last_token,26,attack_vs_harmless,zulu,none,0.9824061989784241,0.017593801021575928,19617.85546875,23403.720703125,-3785.865234375
jbshield-gemma-phase2-gemma-2-27b-it,gemma-2-27b-it,last_token,27,label_1_vs_label_0,label_1,label_0,0.9867741465568542,0.013225853443145752,24276.138671875,24582.017578125,-305.87890625
jbshield-gemma-phase2-gemma-2-27b-it,gemma-2-27b-it,last_token,27,direct_harmful_vs_harmless,direct_harmful,none,0.9603130221366882,0.03968697786331177,28308.529296875,24488.61328125,3819.916015625
jbshield-gemma-phase2-gemma-2-27b-it,gemma-2-27b-it,last_token,27,attack_vs_direct_harmful,autodan,direct_harmful,0.987709641456604,0.012290358543395996,27270.51953125,28308.529296875,-1038.009765625
jbshield-gemma-phase2-gemma-2-27b-it,gemma-2-27b-it,last_token,27,attack_vs_harmless,autodan,none,0.9741322994232178,0.025867700576782227,27270.51953125,24488.61328125,2781.90625
jbshield-gemma-phase2-gemma-2-27b-it,gemma-2-27b-it,last_token,27,attack_vs_direct_harmful,base64,direct_harmful,0.9372334480285645,0.06276655197143555,24075.509765625,28308.529296875,-4233.01953125
jbshield-gemma-phase2-gemma-2-27b-it,gemma-2-27b-it,last_token,27,attack_vs_harmless,base64,none,0.961010754108429,0.038989245891571045,24075.509765625,24488.61328125,-413.103515625
jbshield-gemma-phase2-gemma-2-27b-it,gemma-2-27b-it,last_token,27,attack_vs_direct_harmful,drattack,direct_harmful,0.9625768661499023,0.037423133850097656,25524.26171875,28308.529296875,-2784.267578125
jbshield-gemma-phase2-gemma-2-27b-it,gemma-2-27b-it,last_token,27,attack_vs_harmless,drattack,none,0.9702576994895935,0.029742300510406494,25524.26171875,24488.61328125,1035.6484375
jbshield-gemma-phase2-gemma-2-27b-it,gemma-2-27b-it,last_token,27,attack_vs_direct_harmful,gcg,direct_harmful,0.9946911334991455,0.005308866500854492,27057.48046875,28308.529296875,-1251.048828125
jbshield-gemma-phase2-gemma-2-27b-it,gemma-2-27b-it,last_token,27,attack_vs_harmless,gcg,none,0.9710462093353271,0.02895379066467285,27057.48046875,24488.61328125,2568.8671875
jbshield-gemma-phase2-gemma-2-27b-it,gemma-2-27b-it,last_token,27,attack_vs_direct_harmful,ijp,direct_harmful,0.9552308917045593,0.044769108295440674,23326.9140625,28308.529296875,-4981.615234375
jbshield-gemma-phase2-gemma-2-27b-it,gemma-2-27b-it,last_token,27,attack_vs_harmless,ijp,none,0.9792929887771606,0.020707011222839355,23326.9140625,24488.61328125,-1161.69921875
jbshield-gemma-phase2-gemma-2-27b-it,gemma-2-27b-it,last_token,27,attack_vs_direct_harmful,pair,direct_harmful,0.9851711988449097,0.014828801155090332,27176.359375,28308.529296875,-1132.169921875
jbshield-gemma-phase2-gemma-2-27b-it,gemma-2-27b-it,last_token,27,attack_vs_harmless,pair,none,0.9834780693054199,0.016521930694580078,27176.359375,24488.61328125,2687.74609375
jbshield-gemma-phase2-gemma-2-27b-it,gemma-2-27b-it,last_token,27,attack_vs_direct_harmful,puzzler,direct_harmful,0.9250295758247375,0.07497042417526245,22073.173828125,28308.529296875,-6235.35546875
jbshield-gemma-phase2-gemma-2-27b-it,gemma-2-27b-it,last_token,27,attack_vs_harmless,puzzler,none,0.9659411311149597,0.03405886888504028,22073.173828125,24488.61328125,-2415.439453125
jbshield-gemma-phase2-gemma-2-27b-it,gemma-2-27b-it,last_token,27,attack_vs_direct_harmful,saa,direct_harmful,0.9185407757759094,0.08145922422409058,22348.79296875,28308.529296875,-5959.736328125
jbshield-gemma-phase2-gemma-2-27b-it,gemma-2-27b-it,last_token,27,attack_vs_harmless,saa,none,0.9483347535133362,0.05166524648666382,22348.79296875,24488.61328125,-2139.8203125
jbshield-gemma-phase2-gemma-2-27b-it,gemma-2-27b-it,last_token,27,attack_vs_direct_harmful,zulu,direct_harmful,0.9705510139465332,0.029448986053466797,20778.986328125,28308.529296875,-7529.54296875
jbshield-gemma-phase2-gemma-2-27b-it,gemma-2-27b-it,last_token,27,attack_vs_harmless,zulu,none,0.9804437160491943,0.019556283950805664,20778.986328125,24488.61328125,-3709.626953125
jbshield-gemma-phase2-gemma-2-27b-it,gemma-2-27b-it,last_token,28,label_1_vs_label_0,label_1,label_0,0.9873513579368591,0.01264864206314087,25442.53125,25697.97265625,-255.44140625
jbshield-gemma-phase2-gemma-2-27b-it,gemma-2-27b-it,last_token,28,direct_harmful_vs_harmless,direct_harmful,none,0.9592163562774658,0.04078364372253418,29872.111328125,25591.98046875,4280.130859375
jbshield-gemma-phase2-gemma-2-27b-it,gemma-2-27b-it,last_token,28,attack_vs_direct_harmful,autodan,direct_harmful,0.9882296323776245,0.011770367622375488,28499.97265625,29872.111328125,-1372.138671875
jbshield-gemma-phase2-gemma-2-27b-it,gemma-2-27b-it,last_token,28,attack_vs_harmless,autodan,none,0.9731917381286621,0.02680826187133789,28499.97265625,25591.98046875,2907.9921875
jbshield-gemma-phase2-gemma-2-27b-it,gemma-2-27b-it,last_token,28,attack_vs_direct_harmful,base64,direct_harmful,0.9378751516342163,0.06212484836578369,25475.77734375,29872.111328125,-4396.333984375
jbshield-gemma-phase2-gemma-2-27b-it,gemma-2-27b-it,last_token,28,attack_vs_harmless,base64,none,0.9644343256950378,0.03556567430496216,25475.77734375,25591.98046875,-116.203125
jbshield-gemma-phase2-gemma-2-27b-it,gemma-2-27b-it,last_token,28,attack_vs_direct_harmful,drattack,direct_harmful,0.9660399556159973,0.033960044384002686,26754.154296875,29872.111328125,-3117.95703125
jbshield-gemma-phase2-gemma-2-27b-it,gemma-2-27b-it,last_token,28,attack_vs_harmless,drattack,none,0.9723485112190247,0.027651488780975342,26754.154296875,25591.98046875,1162.173828125
jbshield-gemma-phase2-gemma-2-27b-it,gemma-2-27b-it,last_token,28,attack_vs_direct_harmful,gcg,direct_harmful,0.9946393370628357,0.005360662937164307,28342.505859375,29872.111328125,-1529.60546875
jbshield-gemma-phase2-gemma-2-27b-it,gemma-2-27b-it,last_token,28,attack_vs_harmless,gcg,none,0.9702902436256409,0.02970975637435913,28342.505859375,25591.98046875,2750.525390625
jbshield-gemma-phase2-gemma-2-27b-it,gemma-2-27b-it,last_token,28,attack_vs_direct_harmful,ijp,direct_harmful,0.9560825824737549,0.04391741752624512,24271.67578125,29872.111328125,-5600.435546875
jbshield-gemma-phase2-gemma-2-27b-it,gemma-2-27b-it,last_token,28,attack_vs_harmless,ijp,none,0.9810577034950256,0.018942296504974365,24271.67578125,25591.98046875,-1320.3046875
jbshield-gemma-phase2-gemma-2-27b-it,gemma-2-27b-it,last_token,28,attack_vs_direct_harmful,pair,direct_harmful,0.985040545463562,0.014959454536437988,28422.1171875,29872.111328125,-1449.994140625
jbshield-gemma-phase2-gemma-2-27b-it,gemma-2-27b-it,last_token,28,attack_vs_harmless,pair,none,0.9835125207901001,0.016487479209899902,28422.1171875,25591.98046875,2830.13671875
jbshield-gemma-phase2-gemma-2-27b-it,gemma-2-27b-it,last_token,28,attack_vs_direct_harmful,puzzler,direct_harmful,0.9279322028160095,0.07206779718399048,23313.384765625,29872.111328125,-6558.7265625
jbshield-gemma-phase2-gemma-2-27b-it,gemma-2-27b-it,last_token,28,attack_vs_harmless,puzzler,none,0.9676889181137085,0.032311081886291504,23313.384765625,25591.98046875,-2278.595703125
jbshield-gemma-phase2-gemma-2-27b-it,gemma-2-27b-it,last_token,28,attack_vs_direct_harmful,saa,direct_harmful,0.9231395125389099,0.07686048746109009,23327.625,29872.111328125,-6544.486328125
jbshield-gemma-phase2-gemma-2-27b-it,gemma-2-27b-it,last_token,28,attack_vs_harmless,saa,none,0.9535869359970093,0.04641306400299072,23327.625,25591.98046875,-2264.35546875
jbshield-gemma-phase2-gemma-2-27b-it,gemma-2-27b-it,last_token,28,attack_vs_direct_harmful,zulu,direct_harmful,0.9678314924240112,0.03216850757598877,21851.08984375,29872.111328125,-8021.021484375
jbshield-gemma-phase2-gemma-2-27b-it,gemma-2-27b-it,last_token,28,attack_vs_harmless,zulu,none,0.978533923625946,0.021466076374053955,21851.08984375,25591.98046875,-3740.890625
jbshield-gemma-phase2-gemma-2-27b-it,gemma-2-27b-it,last_token,29,label_1_vs_label_0,label_1,label_0,0.9840564727783203,0.015943527221679688,25078.4765625,25270.13671875,-191.66015625
jbshield-gemma-phase2-gemma-2-27b-it,gemma-2-27b-it,last_token,29,direct_harmful_vs_harmless,direct_harmful,none,0.9477519989013672,0.05224800109863281,29523.654296875,25172.3359375,4351.318359375
jbshield-gemma-phase2-gemma-2-27b-it,gemma-2-27b-it,last_token,29,attack_vs_direct_harmful,autodan,direct_harmful,0.985897958278656,0.014102041721343994,28496.298828125,29523.654296875,-1027.35546875
jbshield-gemma-phase2-gemma-2-27b-it,gemma-2-27b-it,last_token,29,attack_vs_harmless,autodan,none,0.9655500650405884,0.03444993495941162,28496.298828125,25172.3359375,3323.962890625
jbshield-gemma-phase2-gemma-2-27b-it,gemma-2-27b-it,last_token,29,attack_vs_direct_harmful,base64,direct_harmful,0.9209524989128113,0.07904750108718872,24823.794921875,29523.654296875,-4699.859375
jbshield-gemma-phase2-gemma-2-27b-it,gemma-2-27b-it,last_token,29,attack_vs_harmless,base64,none,0.9545642733573914,0.04543572664260864,24823.794921875,25172.3359375,-348.541015625
jbshield-gemma-phase2-gemma-2-27b-it,gemma-2-27b-it,last_token,29,attack_vs_direct_harmful,drattack,direct_harmful,0.9600054621696472,0.03999453783035278,26773.8984375,29523.654296875,-2749.755859375
jbshield-gemma-phase2-gemma-2-27b-it,gemma-2-27b-it,last_token,29,attack_vs_harmless,drattack,none,0.9657853841781616,0.03421461582183838,26773.8984375,25172.3359375,1601.5625
jbshield-gemma-phase2-gemma-2-27b-it,gemma-2-27b-it,last_token,29,attack_vs_direct_harmful,gcg,direct_harmful,0.9931741952896118,0.006825804710388184,28133.546875,29523.654296875,-1390.107421875
jbshield-gemma-phase2-gemma-2-27b-it,gemma-2-27b-it,last_token,29,attack_vs_harmless,gcg,none,0.9625586867332458,0.03744131326675415,28133.546875,25172.3359375,2961.2109375
jbshield-gemma-phase2-gemma-2-27b-it,gemma-2-27b-it,last_token,29,attack_vs_direct_harmful,ijp,direct_harmful,0.9446075558662415,0.055392444133758545,24237.150390625,29523.654296875,-5286.50390625
jbshield-gemma-phase2-gemma-2-27b-it,gemma-2-27b-it,last_token,29,attack_vs_harmless,ijp,none,0.9766517877578735,0.023348212242126465,24237.150390625,25172.3359375,-935.185546875
jbshield-gemma-phase2-gemma-2-27b-it,gemma-2-27b-it,last_token,29,attack_vs_direct_harmful,pair,direct_harmful,0.9812591075897217,0.01874089241027832,28065.501953125,29523.654296875,-1458.15234375
jbshield-gemma-phase2-gemma-2-27b-it,gemma-2-27b-it,last_token,29,attack_vs_harmless,pair,none,0.9792417883872986,0.020758211612701416,28065.501953125,25172.3359375,2893.166015625
jbshield-gemma-phase2-gemma-2-27b-it,gemma-2-27b-it,last_token,29,attack_vs_direct_harmful,puzzler,direct_harmful,0.9072943925857544,0.0927056074142456,23006.94140625,29523.654296875,-6516.712890625
jbshield-gemma-phase2-gemma-2-27b-it,gemma-2-27b-it,last_token,29,attack_vs_harmless,puzzler,none,0.9572275876998901,0.04277241230010986,23006.94140625,25172.3359375,-2165.39453125
jbshield-gemma-phase2-gemma-2-27b-it,gemma-2-27b-it,last_token,29,attack_vs_direct_harmful,saa,direct_harmful,0.8998441696166992,0.10015583038330078,22670.0078125,29523.654296875,-6853.646484375
jbshield-gemma-phase2-gemma-2-27b-it,gemma-2-27b-it,last_token,29,attack_vs_harmless,saa,none,0.9387097954750061,0.061290204524993896,22670.0078125,25172.3359375,-2502.328125
jbshield-gemma-phase2-gemma-2-27b-it,gemma-2-27b-it,last_token,29,attack_vs_direct_harmful,zulu,direct_harmful,0.9564003348350525,0.04359966516494751,21748.3125,29523.654296875,-7775.341796875
jbshield-gemma-phase2-gemma-2-27b-it,gemma-2-27b-it,last_token,29,attack_vs_harmless,zulu,none,0.9721024036407471,0.02789759635925293,21748.3125,25172.3359375,-3424.0234375
jbshield-gemma-phase2-gemma-2-27b-it,gemma-2-27b-it,last_token,30,label_1_vs_label_0,label_1,label_0,0.9827628135681152,0.017237186431884766,26069.78125,26038.802734375,30.978515625
jbshield-gemma-phase2-gemma-2-27b-it,gemma-2-27b-it,last_token,30,direct_harmful_vs_harmless,direct_harmful,none,0.9426052570343018,0.05739474296569824,30680.62890625,25934.703125,4745.92578125
jbshield-gemma-phase2-gemma-2-27b-it,gemma-2-27b-it,last_token,30,attack_vs_direct_harmful,autodan,direct_harmful,0.9848814010620117,0.015118598937988281,29675.255859375,30680.62890625,-1005.373046875
jbshield-gemma-phase2-gemma-2-27b-it,gemma-2-27b-it,last_token,30,attack_vs_harmless,autodan,none,0.9610216617584229,0.03897833824157715,29675.255859375,25934.703125,3740.552734375
jbshield-gemma-phase2-gemma-2-27b-it,gemma-2-27b-it,last_token,30,attack_vs_direct_harmful,base64,direct_harmful,0.9058722853660583,0.09412771463394165,26218.517578125,30680.62890625,-4462.111328125
jbshield-gemma-phase2-gemma-2-27b-it,gemma-2-27b-it,last_token,30,attack_vs_harmless,base64,none,0.9446576833724976,0.05534231662750244,26218.517578125,25934.703125,283.814453125
jbshield-gemma-phase2-gemma-2-27b-it,gemma-2-27b-it,last_token,30,attack_vs_direct_harmful,drattack,direct_harmful,0.9588479399681091,0.04115206003189087,28141.146484375,30680.62890625,-2539.482421875
jbshield-gemma-phase2-gemma-2-27b-it,gemma-2-27b-it,last_token,30,attack_vs_harmless,drattack,none,0.9624174237251282,0.037582576274871826,28141.146484375,25934.703125,2206.443359375
jbshield-gemma-phase2-gemma-2-27b-it,gemma-2-27b-it,last_token,30,attack_vs_direct_harmful,gcg,direct_harmful,0.9925679564476013,0.007432043552398682,29228.798828125,30680.62890625,-1451.830078125
jbshield-gemma-phase2-gemma-2-27b-it,gemma-2-27b-it,last_token,30,attack_vs_harmless,gcg,none,0.9588198661804199,0.04118013381958008,29228.798828125,25934.703125,3294.095703125
jbshield-gemma-phase2-gemma-2-27b-it,gemma-2-27b-it,last_token,30,attack_vs_direct_harmful,ijp,direct_harmful,0.9402837157249451,0.05971628427505493,25182.61328125,30680.62890625,-5498.015625
jbshield-gemma-phase2-gemma-2-27b-it,gemma-2-27b-it,last_token,30,attack_vs_harmless,ijp,none,0.9751925468444824,0.024807453155517578,25182.61328125,25934.703125,-752.08984375
jbshield-gemma-phase2-gemma-2-27b-it,gemma-2-27b-it,last_token,30,attack_vs_direct_harmful,pair,direct_harmful,0.9800239205360413,0.01997607946395874,29027.267578125,30680.62890625,-1653.361328125
jbshield-gemma-phase2-gemma-2-27b-it,gemma-2-27b-it,last_token,30,attack_vs_harmless,pair,none,0.9767839312553406,0.023216068744659424,29027.267578125,25934.703125,3092.564453125
jbshield-gemma-phase2-gemma-2-27b-it,gemma-2-27b-it,last_token,30,attack_vs_direct_harmful,puzzler,direct_harmful,0.9030001759529114,0.09699982404708862,23868.76171875,30680.62890625,-6811.8671875
jbshield-gemma-phase2-gemma-2-27b-it,gemma-2-27b-it,last_token,30,attack_vs_harmless,puzzler,none,0.9573891758918762,0.04261082410812378,23868.76171875,25934.703125,-2065.94140625
jbshield-gemma-phase2-gemma-2-27b-it,gemma-2-27b-it,last_token,30,attack_vs_direct_harmful,saa,direct_harmful,0.8953802585601807,0.10461974143981934,24000.865234375,30680.62890625,-6679.763671875
jbshield-gemma-phase2-gemma-2-27b-it,gemma-2-27b-it,last_token,30,attack_vs_harmless,saa,none,0.9379761219024658,0.06202387809753418,24000.865234375,25934.703125,-1933.837890625
jbshield-gemma-phase2-gemma-2-27b-it,gemma-2-27b-it,last_token,30,attack_vs_direct_harmful,zulu,direct_harmful,0.9501172304153442,0.04988276958465576,22169.650390625,30680.62890625,-8510.978515625
jbshield-gemma-phase2-gemma-2-27b-it,gemma-2-27b-it,last_token,30,attack_vs_harmless,zulu,none,0.9702523350715637,0.02974766492843628,22169.650390625,25934.703125,-3765.052734375
jbshield-gemma-phase2-gemma-2-27b-it,gemma-2-27b-it,last_token,31,label_1_vs_label_0,label_1,label_0,0.9838176965713501,0.016182303428649902,27367.826171875,27495.275390625,-127.44921875
jbshield-gemma-phase2-gemma-2-27b-it,gemma-2-27b-it,last_token,31,direct_harmful_vs_harmless,direct_harmful,none,0.9430434107780457,0.056956589221954346,31708.171875,27407.888671875,4300.283203125
jbshield-gemma-phase2-gemma-2-27b-it,gemma-2-27b-it,last_token,31,attack_vs_direct_harmful,autodan,direct_harmful,0.9849972128868103,0.015002787113189697,30717.12890625,31708.171875,-991.04296875
jbshield-gemma-phase2-gemma-2-27b-it,gemma-2-27b-it,last_token,31,attack_vs_harmless,autodan,none,0.9617085456848145,0.03829145431518555,30717.12890625,27407.888671875,3309.240234375
jbshield-gemma-phase2-gemma-2-27b-it,gemma-2-27b-it,last_token,31,attack_vs_direct_harmful,base64,direct_harmful,0.9064040184020996,0.09359598159790039,27557.22265625,31708.171875,-4150.94921875
jbshield-gemma-phase2-gemma-2-27b-it,gemma-2-27b-it,last_token,31,attack_vs_harmless,base64,none,0.9452999830245972,0.05470001697540283,27557.22265625,27407.888671875,149.333984375
jbshield-gemma-phase2-gemma-2-27b-it,gemma-2-27b-it,last_token,31,attack_vs_direct_harmful,drattack,direct_harmful,0.9593751430511475,0.04062485694885254,29462.62109375,31708.171875,-2245.55078125
jbshield-gemma-phase2-gemma-2-27b-it,gemma-2-27b-it,last_token,31,attack_vs_harmless,drattack,none,0.9644327163696289,0.035567283630371094,29462.62109375,27407.888671875,2054.732421875
jbshield-gemma-phase2-gemma-2-27b-it,gemma-2-27b-it,last_token,31,attack_vs_direct_harmful,gcg,direct_harmful,0.9924955368041992,0.007504463195800781,30344.603515625,31708.171875,-1363.568359375
jbshield-gemma-phase2-gemma-2-27b-it,gemma-2-27b-it,last_token,31,attack_vs_harmless,gcg,none,0.9603373408317566,0.03966265916824341,30344.603515625,27407.888671875,2936.71484375
jbshield-gemma-phase2-gemma-2-27b-it,gemma-2-27b-it,last_token,31,attack_vs_direct_harmful,ijp,direct_harmful,0.9410813450813293,0.058918654918670654,26589.853515625,31708.171875,-5118.318359375
jbshield-gemma-phase2-gemma-2-27b-it,gemma-2-27b-it,last_token,31,attack_vs_harmless,ijp,none,0.9771628379821777,0.022837162017822266,26589.853515625,27407.888671875,-818.03515625
jbshield-gemma-phase2-gemma-2-27b-it,gemma-2-27b-it,last_token,31,attack_vs_direct_harmful,pair,direct_harmful,0.9802815914154053,0.019718408584594727,30126.380859375,31708.171875,-1581.791015625
jbshield-gemma-phase2-gemma-2-27b-it,gemma-2-27b-it,last_token,31,attack_vs_harmless,pair,none,0.9771997332572937,0.0228002667427063,30126.380859375,27407.888671875,2718.4921875
jbshield-gemma-phase2-gemma-2-27b-it,gemma-2-27b-it,last_token,31,attack_vs_direct_harmful,puzzler,direct_harmful,0.9050568342208862,0.09494316577911377,25340.205078125,31708.171875,-6367.966796875
jbshield-gemma-phase2-gemma-2-27b-it,gemma-2-27b-it,last_token,31,attack_vs_harmless,puzzler,none,0.9596664905548096,0.04033350944519043,25340.205078125,27407.888671875,-2067.68359375
jbshield-gemma-phase2-gemma-2-27b-it,gemma-2-27b-it,last_token,31,attack_vs_direct_harmful,saa,direct_harmful,0.8984658122062683,0.10153418779373169,25493.216796875,31708.171875,-6214.955078125
jbshield-gemma-phase2-gemma-2-27b-it,gemma-2-27b-it,last_token,31,attack_vs_harmless,saa,none,0.9420560598373413,0.05794394016265869,25493.216796875,27407.888671875,-1914.671875
jbshield-gemma-phase2-gemma-2-27b-it,gemma-2-27b-it,last_token,31,attack_vs_direct_harmful,zulu,direct_harmful,0.9493177533149719,0.050682246685028076,23861.580078125,31708.171875,-7846.591796875
jbshield-gemma-phase2-gemma-2-27b-it,gemma-2-27b-it,last_token,31,attack_vs_harmless,zulu,none,0.971592128276825,0.02840787172317505,23861.580078125,27407.888671875,-3546.30859375
jbshield-gemma-phase2-gemma-2-27b-it,gemma-2-27b-it,last_token,32,label_1_vs_label_0,label_1,label_0,0.9849081039428711,0.015091896057128906,29609.595703125,30006.345703125,-396.75
jbshield-gemma-phase2-gemma-2-27b-it,gemma-2-27b-it,last_token,32,direct_harmful_vs_harmless,direct_harmful,none,0.9489113688468933,0.05108863115310669,34479.8046875,29908.26171875,4571.54296875
jbshield-gemma-phase2-gemma-2-27b-it,gemma-2-27b-it,last_token,32,attack_vs_direct_harmful,autodan,direct_harmful,0.9867264032363892,0.01327359676361084,33248.52734375,34479.8046875,-1231.27734375
jbshield-gemma-phase2-gemma-2-27b-it,gemma-2-27b-it,last_token,32,attack_vs_harmless,autodan,none,0.964658796787262,0.03534120321273804,33248.52734375,29908.26171875,3340.265625
jbshield-gemma-phase2-gemma-2-27b-it,gemma-2-27b-it,last_token,32,attack_vs_direct_harmful,base64,direct_harmful,0.9121310710906982,0.08786892890930176,29658.62890625,34479.8046875,-4821.17578125
jbshield-gemma-phase2-gemma-2-27b-it,gemma-2-27b-it,last_token,32,attack_vs_harmless,base64,none,0.9473068118095398,0.052693188190460205,29658.62890625,29908.26171875,-249.6328125
jbshield-gemma-phase2-gemma-2-27b-it,gemma-2-27b-it,last_token,32,attack_vs_direct_harmful,drattack,direct_harmful,0.9627319574356079,0.03726804256439209,30887.517578125,34479.8046875,-3592.287109375
jbshield-gemma-phase2-gemma-2-27b-it,gemma-2-27b-it,last_token,32,attack_vs_harmless,drattack,none,0.9633649587631226,0.03663504123687744,30887.517578125,29908.26171875,979.255859375
jbshield-gemma-phase2-gemma-2-27b-it,gemma-2-27b-it,last_token,32,attack_vs_direct_harmful,gcg,direct_harmful,0.9932514429092407,0.006748557090759277,33038.91015625,34479.8046875,-1440.89453125
jbshield-gemma-phase2-gemma-2-27b-it,gemma-2-27b-it,last_token,32,attack_vs_harmless,gcg,none,0.9637711048126221,0.03622889518737793,33038.91015625,29908.26171875,3130.6484375
jbshield-gemma-phase2-gemma-2-27b-it,gemma-2-27b-it,last_token,32,attack_vs_direct_harmful,ijp,direct_harmful,0.9476709365844727,0.052329063415527344,28829.474609375,34479.8046875,-5650.330078125
jbshield-gemma-phase2-gemma-2-27b-it,gemma-2-27b-it,last_token,32,attack_vs_harmless,ijp,none,0.9794003367424011,0.020599663257598877,28829.474609375,29908.26171875,-1078.787109375
jbshield-gemma-phase2-gemma-2-27b-it,gemma-2-27b-it,last_token,32,attack_vs_direct_harmful,pair,direct_harmful,0.9826980829238892,0.01730191707611084,32770.30078125,34479.8046875,-1709.50390625
jbshield-gemma-phase2-gemma-2-27b-it,gemma-2-27b-it,last_token,32,attack_vs_harmless,pair,none,0.9793073534965515,0.020692646503448486,32770.30078125,29908.26171875,2862.0390625
jbshield-gemma-phase2-gemma-2-27b-it,gemma-2-27b-it,last_token,32,attack_vs_direct_harmful,puzzler,direct_harmful,0.9146379828453064,0.0853620171546936,27115.193359375,34479.8046875,-7364.611328125
jbshield-gemma-phase2-gemma-2-27b-it,gemma-2-27b-it,last_token,32,attack_vs_harmless,puzzler,none,0.9635472297668457,0.0364527702331543,27115.193359375,29908.26171875,-2793.068359375
jbshield-gemma-phase2-gemma-2-27b-it,gemma-2-27b-it,last_token,32,attack_vs_direct_harmful,saa,direct_harmful,0.9025081396102905,0.09749186038970947,26302.033203125,34479.8046875,-8177.771484375
jbshield-gemma-phase2-gemma-2-27b-it,gemma-2-27b-it,last_token,32,attack_vs_harmless,saa,none,0.9410240054130554,0.05897599458694458,26302.033203125,29908.26171875,-3606.228515625
jbshield-gemma-phase2-gemma-2-27b-it,gemma-2-27b-it,last_token,32,attack_vs_direct_harmful,zulu,direct_harmful,0.9541470408439636,0.04585295915603638,27247.5078125,34479.8046875,-7232.296875
jbshield-gemma-phase2-gemma-2-27b-it,gemma-2-27b-it,last_token,32,attack_vs_harmless,zulu,none,0.9726933836936951,0.02730661630630493,27247.5078125,29908.26171875,-2660.75390625
jbshield-gemma-phase2-gemma-2-27b-it,gemma-2-27b-it,last_token,33,label_1_vs_label_0,label_1,label_0,0.9858946204185486,0.014105379581451416,32066.810546875,32042.01953125,24.791015625
jbshield-gemma-phase2-gemma-2-27b-it,gemma-2-27b-it,last_token,33,direct_harmful_vs_harmless,direct_harmful,none,0.9513524770736694,0.048647522926330566,36888.12109375,31931.890625,4956.23046875
jbshield-gemma-phase2-gemma-2-27b-it,gemma-2-27b-it,last_token,33,attack_vs_direct_harmful,autodan,direct_harmful,0.9879709482192993,0.012029051780700684,35639.25,36888.12109375,-1248.87109375
jbshield-gemma-phase2-gemma-2-27b-it,gemma-2-27b-it,last_token,33,attack_vs_harmless,autodan,none,0.965027391910553,0.03497260808944702,35639.25,31931.890625,3707.359375
jbshield-gemma-phase2-gemma-2-27b-it,gemma-2-27b-it,last_token,33,attack_vs_direct_harmful,base64,direct_harmful,0.9173434376716614,0.08265656232833862,31669.421875,36888.12109375,-5218.69921875
jbshield-gemma-phase2-gemma-2-27b-it,gemma-2-27b-it,last_token,33,attack_vs_harmless,base64,none,0.9512918591499329,0.04870814085006714,31669.421875,31931.890625,-262.46875
jbshield-gemma-phase2-gemma-2-27b-it,gemma-2-27b-it,last_token,33,attack_vs_direct_harmful,drattack,direct_harmful,0.9652190208435059,0.03478097915649414,32951.828125,36888.12109375,-3936.29296875
jbshield-gemma-phase2-gemma-2-27b-it,gemma-2-27b-it,last_token,33,attack_vs_harmless,drattack,none,0.9650710821151733,0.03492891788482666,32951.828125,31931.890625,1019.9375
jbshield-gemma-phase2-gemma-2-27b-it,gemma-2-27b-it,last_token,33,attack_vs_direct_harmful,gcg,direct_harmful,0.9935615062713623,0.006438493728637695,35592.17578125,36888.12109375,-1295.9453125
jbshield-gemma-phase2-gemma-2-27b-it,gemma-2-27b-it,last_token,33,attack_vs_harmless,gcg,none,0.9652383923530579,0.03476160764694214,35592.17578125,31931.890625,3660.28515625
jbshield-gemma-phase2-gemma-2-27b-it,gemma-2-27b-it,last_token,33,attack_vs_direct_harmful,ijp,direct_harmful,0.9510995745658875,0.04890042543411255,31235.115234375,36888.12109375,-5653.005859375
jbshield-gemma-phase2-gemma-2-27b-it,gemma-2-27b-it,last_token,33,attack_vs_harmless,ijp,none,0.9808815717697144,0.019118428230285645,31235.115234375,31931.890625,-696.775390625
jbshield-gemma-phase2-gemma-2-27b-it,gemma-2-27b-it,last_token,33,attack_vs_direct_harmful,pair,direct_harmful,0.9841669797897339,0.015833020210266113,34903.92578125,36888.12109375,-1984.1953125
jbshield-gemma-phase2-gemma-2-27b-it,gemma-2-27b-it,last_token,33,attack_vs_harmless,pair,none,0.9794129133224487,0.02058708667755127,34903.92578125,31931.890625,2972.03515625
jbshield-gemma-phase2-gemma-2-27b-it,gemma-2-27b-it,last_token,33,attack_vs_direct_harmful,puzzler,direct_harmful,0.918482780456543,0.08151721954345703,29177.541015625,36888.12109375,-7710.580078125
jbshield-gemma-phase2-gemma-2-27b-it,gemma-2-27b-it,last_token,33,attack_vs_harmless,puzzler,none,0.9667776823043823,0.033222317695617676,29177.541015625,31931.890625,-2754.349609375
jbshield-gemma-phase2-gemma-2-27b-it,gemma-2-27b-it,last_token,33,attack_vs_direct_harmful,saa,direct_harmful,0.9100308418273926,0.08996915817260742,28402.841796875,36888.12109375,-8485.279296875
jbshield-gemma-phase2-gemma-2-27b-it,gemma-2-27b-it,last_token,33,attack_vs_harmless,saa,none,0.9487777948379517,0.05122220516204834,28402.841796875,31931.890625,-3529.048828125
jbshield-gemma-phase2-gemma-2-27b-it,gemma-2-27b-it,last_token,33,attack_vs_direct_harmful,zulu,direct_harmful,0.9555694460868835,0.044430553913116455,31137.494140625,36888.12109375,-5750.626953125
jbshield-gemma-phase2-gemma-2-27b-it,gemma-2-27b-it,last_token,33,attack_vs_harmless,zulu,none,0.9752972722053528,0.024702727794647217,31137.494140625,31931.890625,-794.396484375
jbshield-gemma-phase2-gemma-2-27b-it,gemma-2-27b-it,last_token,34,label_1_vs_label_0,label_1,label_0,0.9849173426628113,0.01508265733718872,31908.67578125,31679.17578125,229.5
jbshield-gemma-phase2-gemma-2-27b-it,gemma-2-27b-it,last_token,34,direct_harmful_vs_harmless,direct_harmful,none,0.9491267204284668,0.0508732795715332,36430.28515625,31574.408203125,4855.876953125
jbshield-gemma-phase2-gemma-2-27b-it,gemma-2-27b-it,last_token,34,attack_vs_direct_harmful,autodan,direct_harmful,0.9879376292228699,0.012062370777130127,35374.84765625,36430.28515625,-1055.4375
jbshield-gemma-phase2-gemma-2-27b-it,gemma-2-27b-it,last_token,34,attack_vs_harmless,autodan,none,0.9616345167160034,0.03836548328399658,35374.84765625,31574.408203125,3800.439453125
jbshield-gemma-phase2-gemma-2-27b-it,gemma-2-27b-it,last_token,34,attack_vs_direct_harmful,base64,direct_harmful,0.9148347973823547,0.08516520261764526,32042.103515625,36430.28515625,-4388.181640625
jbshield-gemma-phase2-gemma-2-27b-it,gemma-2-27b-it,last_token,34,attack_vs_harmless,base64,none,0.9511112570762634,0.04888874292373657,32042.103515625,31574.408203125,467.6953125
jbshield-gemma-phase2-gemma-2-27b-it,gemma-2-27b-it,last_token,34,attack_vs_direct_harmful,drattack,direct_harmful,0.9656150937080383,0.03438490629196167,32345.255859375,36430.28515625,-4085.029296875
jbshield-gemma-phase2-gemma-2-27b-it,gemma-2-27b-it,last_token,34,attack_vs_harmless,drattack,none,0.9619181752204895,0.0380818247795105,32345.255859375,31574.408203125,770.84765625
jbshield-gemma-phase2-gemma-2-27b-it,gemma-2-27b-it,last_token,34,attack_vs_direct_harmful,gcg,direct_harmful,0.9932326078414917,0.006767392158508301,35406.2109375,36430.28515625,-1024.07421875
jbshield-gemma-phase2-gemma-2-27b-it,gemma-2-27b-it,last_token,34,attack_vs_harmless,gcg,none,0.9629824161529541,0.0370175838470459,35406.2109375,31574.408203125,3831.802734375
jbshield-gemma-phase2-gemma-2-27b-it,gemma-2-27b-it,last_token,34,attack_vs_direct_harmful,ijp,direct_harmful,0.9497753381729126,0.0502246618270874,31436.94921875,36430.28515625,-4993.3359375
jbshield-gemma-phase2-gemma-2-27b-it,gemma-2-27b-it,last_token,34,attack_vs_harmless,ijp,none,0.9804266691207886,0.019573330879211426,31436.94921875,31574.408203125,-137.458984375
jbshield-gemma-phase2-gemma-2-27b-it,gemma-2-27b-it,last_token,34,attack_vs_direct_harmful,pair,direct_harmful,0.9841793179512024,0.015820682048797607,34556.16015625,36430.28515625,-1874.125
jbshield-gemma-phase2-gemma-2-27b-it,gemma-2-27b-it,last_token,34,attack_vs_harmless,pair,none,0.9774982929229736,0.022501707077026367,34556.16015625,31574.408203125,2981.751953125
jbshield-gemma-phase2-gemma-2-27b-it,gemma-2-27b-it,last_token,34,attack_vs_direct_harmful,puzzler,direct_harmful,0.9122446179389954,0.08775538206100464,28185.86328125,36430.28515625,-8244.421875
jbshield-gemma-phase2-gemma-2-27b-it,gemma-2-27b-it,last_token,34,attack_vs_harmless,puzzler,none,0.9628075361251831,0.037192463874816895,28185.86328125,31574.408203125,-3388.544921875
jbshield-gemma-phase2-gemma-2-27b-it,gemma-2-27b-it,last_token,34,attack_vs_direct_harmful,saa,direct_harmful,0.9092779755592346,0.09072202444076538,27479.087890625,36430.28515625,-8951.197265625
jbshield-gemma-phase2-gemma-2-27b-it,gemma-2-27b-it,last_token,34,attack_vs_harmless,saa,none,0.9493799805641174,0.05062001943588257,27479.087890625,31574.408203125,-4095.3203125
jbshield-gemma-phase2-gemma-2-27b-it,gemma-2-27b-it,last_token,34,attack_vs_direct_harmful,zulu,direct_harmful,0.9439412355422974,0.05605876445770264,31898.19140625,36430.28515625,-4532.09375
jbshield-gemma-phase2-gemma-2-27b-it,gemma-2-27b-it,last_token,34,attack_vs_harmless,zulu,none,0.9643948078155518,0.03560519218444824,31898.19140625,31574.408203125,323.783203125
jbshield-gemma-phase2-gemma-2-27b-it,gemma-2-27b-it,last_token,35,label_1_vs_label_0,label_1,label_0,0.9839234948158264,0.016076505184173584,33570.203125,32574.01171875,996.19140625
jbshield-gemma-phase2-gemma-2-27b-it,gemma-2-27b-it,last_token,35,direct_harmful_vs_harmless,direct_harmful,none,0.947598934173584,0.052401065826416016,37798.6875,32456.826171875,5341.861328125
jbshield-gemma-phase2-gemma-2-27b-it,gemma-2-27b-it,last_token,35,attack_vs_direct_harmful,autodan,direct_harmful,0.9875378608703613,0.012462139129638672,37192.00390625,37798.6875,-606.68359375
jbshield-gemma-phase2-gemma-2-27b-it,gemma-2-27b-it,last_token,35,attack_vs_harmless,autodan,none,0.9596156477928162,0.04038435220718384,37192.00390625,32456.826171875,4735.177734375
jbshield-gemma-phase2-gemma-2-27b-it,gemma-2-27b-it,last_token,35,attack_vs_direct_harmful,base64,direct_harmful,0.9114763736724854,0.08852362632751465,33643.6484375,37798.6875,-4155.0390625
jbshield-gemma-phase2-gemma-2-27b-it,gemma-2-27b-it,last_token,35,attack_vs_harmless,base64,none,0.9481232166290283,0.05187678337097168,33643.6484375,32456.826171875,1186.822265625
jbshield-gemma-phase2-gemma-2-27b-it,gemma-2-27b-it,last_token,35,attack_vs_direct_harmful,drattack,direct_harmful,0.9639949798583984,0.03600502014160156,35052.33203125,37798.6875,-2746.35546875
jbshield-gemma-phase2-gemma-2-27b-it,gemma-2-27b-it,last_token,35,attack_vs_harmless,drattack,none,0.9615705609321594,0.038429439067840576,35052.33203125,32456.826171875,2595.505859375
jbshield-gemma-phase2-gemma-2-27b-it,gemma-2-27b-it,last_token,35,attack_vs_direct_harmful,gcg,direct_harmful,0.9928592443466187,0.007140755653381348,36903.1640625,37798.6875,-895.5234375
jbshield-gemma-phase2-gemma-2-27b-it,gemma-2-27b-it,last_token,35,attack_vs_harmless,gcg,none,0.9610748291015625,0.0389251708984375,36903.1640625,32456.826171875,4446.337890625
jbshield-gemma-phase2-gemma-2-27b-it,gemma-2-27b-it,last_token,35,attack_vs_direct_harmful,ijp,direct_harmful,0.9484856128692627,0.051514387130737305,33237.5625,37798.6875,-4561.125
jbshield-gemma-phase2-gemma-2-27b-it,gemma-2-27b-it,last_token,35,attack_vs_harmless,ijp,none,0.9796997308731079,0.02030026912689209,33237.5625,32456.826171875,780.736328125
jbshield-gemma-phase2-gemma-2-27b-it,gemma-2-27b-it,last_token,35,attack_vs_direct_harmful,pair,direct_harmful,0.9837756752967834,0.016224324703216553,36005.82421875,37798.6875,-1792.86328125
jbshield-gemma-phase2-gemma-2-27b-it,gemma-2-27b-it,last_token,35,attack_vs_harmless,pair,none,0.9764809608459473,0.023519039154052734,36005.82421875,32456.826171875,3548.998046875
jbshield-gemma-phase2-gemma-2-27b-it,gemma-2-27b-it,last_token,35,attack_vs_direct_harmful,puzzler,direct_harmful,0.90929114818573,0.09070885181427002,29620.05859375,37798.6875,-8178.62890625
jbshield-gemma-phase2-gemma-2-27b-it,gemma-2-27b-it,last_token,35,attack_vs_harmless,puzzler,none,0.9601487517356873,0.039851248264312744,29620.05859375,32456.826171875,-2836.767578125
jbshield-gemma-phase2-gemma-2-27b-it,gemma-2-27b-it,last_token,35,attack_vs_direct_harmful,saa,direct_harmful,0.9055073261260986,0.09449267387390137,29999.30078125,37798.6875,-7799.38671875
jbshield-gemma-phase2-gemma-2-27b-it,gemma-2-27b-it,last_token,35,attack_vs_harmless,saa,none,0.9478024840354919,0.05219751596450806,29999.30078125,32456.826171875,-2457.525390625
jbshield-gemma-phase2-gemma-2-27b-it,gemma-2-27b-it,last_token,35,attack_vs_direct_harmful,zulu,direct_harmful,0.9337171316146851,0.06628286838531494,33025.00390625,37798.6875,-4773.68359375
jbshield-gemma-phase2-gemma-2-27b-it,gemma-2-27b-it,last_token,35,attack_vs_harmless,zulu,none,0.9514991641044617,0.04850083589553833,33025.00390625,32456.826171875,568.177734375
jbshield-gemma-phase2-gemma-2-27b-it,gemma-2-27b-it,last_token,36,label_1_vs_label_0,label_1,label_0,0.9840578436851501,0.015942156314849854,34809.95703125,33791.609375,1018.34765625
jbshield-gemma-phase2-gemma-2-27b-it,gemma-2-27b-it,last_token,36,direct_harmful_vs_harmless,direct_harmful,none,0.9519757032394409,0.04802429676055908,39459.8046875,33655.84765625,5803.95703125
jbshield-gemma-phase2-gemma-2-27b-it,gemma-2-27b-it,last_token,36,attack_vs_direct_harmful,autodan,direct_harmful,0.9884052276611328,0.011594772338867188,38614.46484375,39459.8046875,-845.33984375
jbshield-gemma-phase2-gemma-2-27b-it,gemma-2-27b-it,last_token,36,attack_vs_harmless,autodan,none,0.9616662859916687,0.0383337140083313,38614.46484375,33655.84765625,4958.6171875
jbshield-gemma-phase2-gemma-2-27b-it,gemma-2-27b-it,last_token,36,attack_vs_direct_harmful,base64,direct_harmful,0.9113189578056335,0.08868104219436646,35409.16015625,39459.8046875,-4050.64453125
jbshield-gemma-phase2-gemma-2-27b-it,gemma-2-27b-it,last_token,36,attack_vs_harmless,base64,none,0.9436278343200684,0.05637216567993164,35409.16015625,33655.84765625,1753.3125
jbshield-gemma-phase2-gemma-2-27b-it,gemma-2-27b-it,last_token,36,attack_vs_direct_harmful,drattack,direct_harmful,0.9659141898155212,0.03408581018447876,37250.03125,39459.8046875,-2209.7734375
jbshield-gemma-phase2-gemma-2-27b-it,gemma-2-27b-it,last_token,36,attack_vs_harmless,drattack,none,0.9637094140052795,0.03629058599472046,37250.03125,33655.84765625,3594.18359375
jbshield-gemma-phase2-gemma-2-27b-it,gemma-2-27b-it,last_token,36,attack_vs_direct_harmful,gcg,direct_harmful,0.9932953715324402,0.0067046284675598145,38291.140625,39459.8046875,-1168.6640625
jbshield-gemma-phase2-gemma-2-27b-it,gemma-2-27b-it,last_token,36,attack_vs_harmless,gcg,none,0.9634110927581787,0.03658890724182129,38291.140625,33655.84765625,4635.29296875
jbshield-gemma-phase2-gemma-2-27b-it,gemma-2-27b-it,last_token,36,attack_vs_direct_harmful,ijp,direct_harmful,0.9528011083602905,0.04719889163970947,34075.05859375,39459.8046875,-5384.74609375
jbshield-gemma-phase2-gemma-2-27b-it,gemma-2-27b-it,last_token,36,attack_vs_harmless,ijp,none,0.9801226854324341,0.019877314567565918,34075.05859375,33655.84765625,419.2109375
jbshield-gemma-phase2-gemma-2-27b-it,gemma-2-27b-it,last_token,36,attack_vs_direct_harmful,pair,direct_harmful,0.9851290583610535,0.014870941638946533,37450.828125,39459.8046875,-2008.9765625
jbshield-gemma-phase2-gemma-2-27b-it,gemma-2-27b-it,last_token,36,attack_vs_harmless,pair,none,0.9780893921852112,0.02191060781478882,37450.828125,33655.84765625,3794.98046875
jbshield-gemma-phase2-gemma-2-27b-it,gemma-2-27b-it,last_token,36,attack_vs_direct_harmful,puzzler,direct_harmful,0.9154773354530334,0.08452266454696655,29673.634765625,39459.8046875,-9786.169921875
jbshield-gemma-phase2-gemma-2-27b-it,gemma-2-27b-it,last_token,36,attack_vs_harmless,puzzler,none,0.9612011909484863,0.03879880905151367,29673.634765625,33655.84765625,-3982.212890625
jbshield-gemma-phase2-gemma-2-27b-it,gemma-2-27b-it,last_token,36,attack_vs_direct_harmful,saa,direct_harmful,0.9104807376861572,0.08951926231384277,31075.544921875,39459.8046875,-8384.259765625
jbshield-gemma-phase2-gemma-2-27b-it,gemma-2-27b-it,last_token,36,attack_vs_harmless,saa,none,0.9482116103172302,0.051788389682769775,31075.544921875,33655.84765625,-2580.302734375
jbshield-gemma-phase2-gemma-2-27b-it,gemma-2-27b-it,last_token,36,attack_vs_direct_harmful,zulu,direct_harmful,0.9227914214134216,0.07720857858657837,33859.23046875,39459.8046875,-5600.57421875
jbshield-gemma-phase2-gemma-2-27b-it,gemma-2-27b-it,last_token,36,attack_vs_harmless,zulu,none,0.9379141926765442,0.06208580732345581,33859.23046875,33655.84765625,203.3828125
jbshield-gemma-phase2-gemma-2-27b-it,gemma-2-27b-it,last_token,37,label_1_vs_label_0,label_1,label_0,0.9844669103622437,0.015533089637756348,36522.14453125,35107.265625,1414.87890625
jbshield-gemma-phase2-gemma-2-27b-it,gemma-2-27b-it,last_token,37,direct_harmful_vs_harmless,direct_harmful,none,0.9511845111846924,0.04881548881530762,40927.5078125,34969.62890625,5957.87890625
jbshield-gemma-phase2-gemma-2-27b-it,gemma-2-27b-it,last_token,37,attack_vs_direct_harmful,autodan,direct_harmful,0.989374577999115,0.01062542200088501,39999.625,40927.5078125,-927.8828125
jbshield-gemma-phase2-gemma-2-27b-it,gemma-2-27b-it,last_token,37,attack_vs_harmless,autodan,none,0.9611567258834839,0.03884327411651611,39999.625,34969.62890625,5029.99609375
jbshield-gemma-phase2-gemma-2-27b-it,gemma-2-27b-it,last_token,37,attack_vs_direct_harmful,base64,direct_harmful,0.9111988544464111,0.08880114555358887,36588.09765625,40927.5078125,-4339.41015625
jbshield-gemma-phase2-gemma-2-27b-it,gemma-2-27b-it,last_token,37,attack_vs_harmless,base64,none,0.945921778678894,0.05407822132110596,36588.09765625,34969.62890625,1618.46875
jbshield-gemma-phase2-gemma-2-27b-it,gemma-2-27b-it,last_token,37,attack_vs_direct_harmful,drattack,direct_harmful,0.9677956700325012,0.03220432996749878,39131.73828125,40927.5078125,-1795.76953125
jbshield-gemma-phase2-gemma-2-27b-it,gemma-2-27b-it,last_token,37,attack_vs_harmless,drattack,none,0.9659401774406433,0.03405982255935669,39131.73828125,34969.62890625,4162.109375
jbshield-gemma-phase2-gemma-2-27b-it,gemma-2-27b-it,last_token,37,attack_vs_direct_harmful,gcg,direct_harmful,0.9934938549995422,0.006506145000457764,39902.67578125,40927.5078125,-1024.83203125
jbshield-gemma-phase2-gemma-2-27b-it,gemma-2-27b-it,last_token,37,attack_vs_harmless,gcg,none,0.9632745981216431,0.036725401878356934,39902.67578125,34969.62890625,4933.046875
jbshield-gemma-phase2-gemma-2-27b-it,gemma-2-27b-it,last_token,37,attack_vs_direct_harmful,ijp,direct_harmful,0.9516602158546448,0.048339784145355225,35776.44140625,40927.5078125,-5151.06640625
jbshield-gemma-phase2-gemma-2-27b-it,gemma-2-27b-it,last_token,37,attack_vs_harmless,ijp,none,0.9809120893478394,0.019087910652160645,35776.44140625,34969.62890625,806.8125
jbshield-gemma-phase2-gemma-2-27b-it,gemma-2-27b-it,last_token,37,attack_vs_direct_harmful,pair,direct_harmful,0.9856399297714233,0.01436007022857666,38947.62109375,40927.5078125,-1979.88671875
jbshield-gemma-phase2-gemma-2-27b-it,gemma-2-27b-it,last_token,37,attack_vs_harmless,pair,none,0.9781618118286133,0.02183818817138672,38947.62109375,34969.62890625,3977.9921875
jbshield-gemma-phase2-gemma-2-27b-it,gemma-2-27b-it,last_token,37,attack_vs_direct_harmful,puzzler,direct_harmful,0.916507363319397,0.08349263668060303,30983.51953125,40927.5078125,-9943.98828125
jbshield-gemma-phase2-gemma-2-27b-it,gemma-2-27b-it,last_token,37,attack_vs_harmless,puzzler,none,0.9624999165534973,0.037500083446502686,30983.51953125,34969.62890625,-3986.109375
jbshield-gemma-phase2-gemma-2-27b-it,gemma-2-27b-it,last_token,37,attack_vs_direct_harmful,saa,direct_harmful,0.9149268269538879,0.08507317304611206,33302.84765625,40927.5078125,-7624.66015625
jbshield-gemma-phase2-gemma-2-27b-it,gemma-2-27b-it,last_token,37,attack_vs_harmless,saa,none,0.9534459114074707,0.0465540885925293,33302.84765625,34969.62890625,-1666.78125
jbshield-gemma-phase2-gemma-2-27b-it,gemma-2-27b-it,last_token,37,attack_vs_direct_harmful,zulu,direct_harmful,0.9168037176132202,0.08319628238677979,36484.53125,40927.5078125,-4442.9765625
jbshield-gemma-phase2-gemma-2-27b-it,gemma-2-27b-it,last_token,37,attack_vs_harmless,zulu,none,0.9327431917190552,0.06725680828094482,36484.53125,34969.62890625,1514.90234375
jbshield-gemma-phase2-gemma-2-27b-it,gemma-2-27b-it,last_token,38,label_1_vs_label_0,label_1,label_0,0.9836465120315552,0.016353487968444824,37067.9765625,35832.6796875,1235.296875
jbshield-gemma-phase2-gemma-2-27b-it,gemma-2-27b-it,last_token,38,direct_harmful_vs_harmless,direct_harmful,none,0.9504051804542542,0.04959481954574585,42034.89453125,35684.49609375,6350.3984375
jbshield-gemma-phase2-gemma-2-27b-it,gemma-2-27b-it,last_token,38,attack_vs_direct_harmful,autodan,direct_harmful,0.9897828102111816,0.01021718978881836,40552.16796875,42034.89453125,-1482.7265625
jbshield-gemma-phase2-gemma-2-27b-it,gemma-2-27b-it,last_token,38,attack_vs_harmless,autodan,none,0.9603457450866699,0.03965425491333008,40552.16796875,35684.49609375,4867.671875
jbshield-gemma-phase2-gemma-2-27b-it,gemma-2-27b-it,last_token,38,attack_vs_direct_harmful,base64,direct_harmful,0.9045316576957703,0.09546834230422974,36431.03125,42034.89453125,-5603.86328125
jbshield-gemma-phase2-gemma-2-27b-it,gemma-2-27b-it,last_token,38,attack_vs_harmless,base64,none,0.940555989742279,0.05944401025772095,36431.03125,35684.49609375,746.53515625
jbshield-gemma-phase2-gemma-2-27b-it,gemma-2-27b-it,last_token,38,attack_vs_direct_harmful,drattack,direct_harmful,0.9666391015052795,0.03336089849472046,39395.48828125,42034.89453125,-2639.40625
jbshield-gemma-phase2-gemma-2-27b-it,gemma-2-27b-it,last_token,38,attack_vs_harmless,drattack,none,0.9635283946990967,0.03647160530090332,39395.48828125,35684.49609375,3710.9921875
jbshield-gemma-phase2-gemma-2-27b-it,gemma-2-27b-it,last_token,38,attack_vs_direct_harmful,gcg,direct_harmful,0.993469774723053,0.0065302252769470215,40589.6953125,42034.89453125,-1445.19921875
jbshield-gemma-phase2-gemma-2-27b-it,gemma-2-27b-it,last_token,38,attack_vs_harmless,gcg,none,0.961913526058197,0.03808647394180298,40589.6953125,35684.49609375,4905.19921875
jbshield-gemma-phase2-gemma-2-27b-it,gemma-2-27b-it,last_token,38,attack_vs_direct_harmful,ijp,direct_harmful,0.9499289393424988,0.05007106065750122,35690.22265625,42034.89453125,-6344.671875
jbshield-gemma-phase2-gemma-2-27b-it,gemma-2-27b-it,last_token,38,attack_vs_harmless,ijp,none,0.9805435538291931,0.019456446170806885,35690.22265625,35684.49609375,5.7265625
jbshield-gemma-phase2-gemma-2-27b-it,gemma-2-27b-it,last_token,38,attack_vs_direct_harmful,pair,direct_harmful,0.9856939315795898,0.014306068420410156,39660.24609375,42034.89453125,-2374.6484375
jbshield-gemma-phase2-gemma-2-27b-it,gemma-2-27b-it,last_token,38,attack_vs_harmless,pair,none,0.9776908755302429,0.02230912446975708,39660.24609375,35684.49609375,3975.75
jbshield-gemma-phase2-gemma-2-27b-it,gemma-2-27b-it,last_token,38,attack_vs_direct_harmful,puzzler,direct_harmful,0.9143728017807007,0.08562719821929932,32314.953125,42034.89453125,-9719.94140625
jbshield-gemma-phase2-gemma-2-27b-it,gemma-2-27b-it,last_token,38,attack_vs_harmless,puzzler,none,0.9628682732582092,0.03713172674179077,32314.953125,35684.49609375,-3369.54296875
jbshield-gemma-phase2-gemma-2-27b-it,gemma-2-27b-it,last_token,38,attack_vs_direct_harmful,saa,direct_harmful,0.9066640138626099,0.09333598613739014,33212.6484375,42034.89453125,-8822.24609375
jbshield-gemma-phase2-gemma-2-27b-it,gemma-2-27b-it,last_token,38,attack_vs_harmless,saa,none,0.9455245137214661,0.054475486278533936,33212.6484375,35684.49609375,-2471.84765625
jbshield-gemma-phase2-gemma-2-27b-it,gemma-2-27b-it,last_token,38,attack_vs_direct_harmful,zulu,direct_harmful,0.9043329954147339,0.09566700458526611,39946.8671875,42034.89453125,-2088.02734375
jbshield-gemma-phase2-gemma-2-27b-it,gemma-2-27b-it,last_token,38,attack_vs_harmless,zulu,none,0.919528067111969,0.080471932888031,39946.8671875,35684.49609375,4262.37109375
jbshield-gemma-phase2-gemma-2-27b-it,gemma-2-27b-it,last_token,39,label_1_vs_label_0,label_1,label_0,0.9833166599273682,0.016683340072631836,38264.2265625,37077.4921875,1186.734375
jbshield-gemma-phase2-gemma-2-27b-it,gemma-2-27b-it,last_token,39,direct_harmful_vs_harmless,direct_harmful,none,0.951931893825531,0.048068106174468994,42910.2109375,36941.62890625,5968.58203125
jbshield-gemma-phase2-gemma-2-27b-it,gemma-2-27b-it,last_token,39,attack_vs_direct_harmful,autodan,direct_harmful,0.9896404147148132,0.010359585285186768,41564.28125,42910.2109375,-1345.9296875
jbshield-gemma-phase2-gemma-2-27b-it,gemma-2-27b-it,last_token,39,attack_vs_harmless,autodan,none,0.961395263671875,0.038604736328125,41564.28125,36941.62890625,4622.65234375
jbshield-gemma-phase2-gemma-2-27b-it,gemma-2-27b-it,last_token,39,attack_vs_direct_harmful,base64,direct_harmful,0.9028668403625488,0.09713315963745117,37153.1875,42910.2109375,-5757.0234375
jbshield-gemma-phase2-gemma-2-27b-it,gemma-2-27b-it,last_token,39,attack_vs_harmless,base64,none,0.9379699230194092,0.06203007698059082,37153.1875,36941.62890625,211.55859375
jbshield-gemma-phase2-gemma-2-27b-it,gemma-2-27b-it,last_token,39,attack_vs_direct_harmful,drattack,direct_harmful,0.962043821811676,0.037956178188323975,40847.40625,42910.2109375,-2062.8046875
jbshield-gemma-phase2-gemma-2-27b-it,gemma-2-27b-it,last_token,39,attack_vs_harmless,drattack,none,0.9594875574111938,0.04051244258880615,40847.40625,36941.62890625,3905.77734375
jbshield-gemma-phase2-gemma-2-27b-it,gemma-2-27b-it,last_token,39,attack_vs_direct_harmful,gcg,direct_harmful,0.9933125376701355,0.006687462329864502,41499.96875,42910.2109375,-1410.2421875
jbshield-gemma-phase2-gemma-2-27b-it,gemma-2-27b-it,last_token,39,attack_vs_harmless,gcg,none,0.9628871083259583,0.03711289167404175,41499.96875,36941.62890625,4558.33984375
jbshield-gemma-phase2-gemma-2-27b-it,gemma-2-27b-it,last_token,39,attack_vs_direct_harmful,ijp,direct_harmful,0.9510269165039062,0.04897308349609375,37223.484375,42910.2109375,-5686.7265625
jbshield-gemma-phase2-gemma-2-27b-it,gemma-2-27b-it,last_token,39,attack_vs_harmless,ijp,none,0.9808450937271118,0.019154906272888184,37223.484375,36941.62890625,281.85546875
jbshield-gemma-phase2-gemma-2-27b-it,gemma-2-27b-it,last_token,39,attack_vs_direct_harmful,pair,direct_harmful,0.9859406352043152,0.014059364795684814,40845.80859375,42910.2109375,-2064.40234375
jbshield-gemma-phase2-gemma-2-27b-it,gemma-2-27b-it,last_token,39,attack_vs_harmless,pair,none,0.9785178899765015,0.021482110023498535,40845.80859375,36941.62890625,3904.1796875
jbshield-gemma-phase2-gemma-2-27b-it,gemma-2-27b-it,last_token,39,attack_vs_direct_harmful,puzzler,direct_harmful,0.9091436266899109,0.09085637331008911,33802.80859375,42910.2109375,-9107.40234375
jbshield-gemma-phase2-gemma-2-27b-it,gemma-2-27b-it,last_token,39,attack_vs_harmless,puzzler,none,0.9564163684844971,0.04358363151550293,33802.80859375,36941.62890625,-3138.8203125
jbshield-gemma-phase2-gemma-2-27b-it,gemma-2-27b-it,last_token,39,attack_vs_direct_harmful,saa,direct_harmful,0.8935391306877136,0.10646086931228638,35940.63671875,42910.2109375,-6969.57421875
jbshield-gemma-phase2-gemma-2-27b-it,gemma-2-27b-it,last_token,39,attack_vs_harmless,saa,none,0.930491030216217,0.06950896978378296,35940.63671875,36941.62890625,-1000.9921875
jbshield-gemma-phase2-gemma-2-27b-it,gemma-2-27b-it,last_token,39,attack_vs_direct_harmful,zulu,direct_harmful,0.8894820213317871,0.11051797866821289,41552.015625,42910.2109375,-1358.1953125
jbshield-gemma-phase2-gemma-2-27b-it,gemma-2-27b-it,last_token,39,attack_vs_harmless,zulu,none,0.9045203924179077,0.09547960758209229,41552.015625,36941.62890625,4610.38671875
jbshield-gemma-phase2-gemma-2-27b-it,gemma-2-27b-it,last_token,40,label_1_vs_label_0,label_1,label_0,0.9842016100883484,0.01579838991165161,40267.9921875,39188.984375,1079.0078125
jbshield-gemma-phase2-gemma-2-27b-it,gemma-2-27b-it,last_token,40,direct_harmful_vs_harmless,direct_harmful,none,0.9567359089851379,0.04326409101486206,45056.265625,39048.05859375,6008.20703125
jbshield-gemma-phase2-gemma-2-27b-it,gemma-2-27b-it,last_token,40,attack_vs_direct_harmful,autodan,direct_harmful,0.9907519817352295,0.009248018264770508,44155.296875,45056.265625,-900.96875
jbshield-gemma-phase2-gemma-2-27b-it,gemma-2-27b-it,last_token,40,attack_vs_harmless,autodan,none,0.9650448560714722,0.03495514392852783,44155.296875,39048.05859375,5107.23828125
jbshield-gemma-phase2-gemma-2-27b-it,gemma-2-27b-it,last_token,40,attack_vs_direct_harmful,base64,direct_harmful,0.909867525100708,0.09013247489929199,38360.42578125,45056.265625,-6695.83984375
jbshield-gemma-phase2-gemma-2-27b-it,gemma-2-27b-it,last_token,40,attack_vs_harmless,base64,none,0.9406024217605591,0.05939757823944092,38360.42578125,39048.05859375,-687.6328125
jbshield-gemma-phase2-gemma-2-27b-it,gemma-2-27b-it,last_token,40,attack_vs_direct_harmful,drattack,direct_harmful,0.9574805498123169,0.042519450187683105,43938.5234375,45056.265625,-1117.7421875
jbshield-gemma-phase2-gemma-2-27b-it,gemma-2-27b-it,last_token,40,attack_vs_harmless,drattack,none,0.9549550414085388,0.04504495859146118,43938.5234375,39048.05859375,4890.46484375
jbshield-gemma-phase2-gemma-2-27b-it,gemma-2-27b-it,last_token,40,attack_vs_direct_harmful,gcg,direct_harmful,0.9936270713806152,0.006372928619384766,43798.91796875,45056.265625,-1257.34765625
jbshield-gemma-phase2-gemma-2-27b-it,gemma-2-27b-it,last_token,40,attack_vs_harmless,gcg,none,0.9659929275512695,0.03400707244873047,43798.91796875,39048.05859375,4750.859375
jbshield-gemma-phase2-gemma-2-27b-it,gemma-2-27b-it,last_token,40,attack_vs_direct_harmful,ijp,direct_harmful,0.9563564658164978,0.0436435341835022,39302.69921875,45056.265625,-5753.56640625
jbshield-gemma-phase2-gemma-2-27b-it,gemma-2-27b-it,last_token,40,attack_vs_harmless,ijp,none,0.9824534058570862,0.01754659414291382,39302.69921875,39048.05859375,254.640625
jbshield-gemma-phase2-gemma-2-27b-it,gemma-2-27b-it,last_token,40,attack_vs_direct_harmful,pair,direct_harmful,0.987413227558136,0.012586772441864014,43236.82421875,45056.265625,-1819.44140625
jbshield-gemma-phase2-gemma-2-27b-it,gemma-2-27b-it,last_token,40,attack_vs_harmless,pair,none,0.9802956581115723,0.019704341888427734,43236.82421875,39048.05859375,4188.765625
jbshield-gemma-phase2-gemma-2-27b-it,gemma-2-27b-it,last_token,40,attack_vs_direct_harmful,puzzler,direct_harmful,0.9160251617431641,0.08397483825683594,35998.3203125,45056.265625,-9057.9453125
jbshield-gemma-phase2-gemma-2-27b-it,gemma-2-27b-it,last_token,40,attack_vs_harmless,puzzler,none,0.9586820006370544,0.04131799936294556,35998.3203125,39048.05859375,-3049.73828125
jbshield-gemma-phase2-gemma-2-27b-it,gemma-2-27b-it,last_token,40,attack_vs_direct_harmful,saa,direct_harmful,0.895169734954834,0.10483026504516602,36945.3515625,45056.265625,-8110.9140625
jbshield-gemma-phase2-gemma-2-27b-it,gemma-2-27b-it,last_token,40,attack_vs_harmless,saa,none,0.9279919862747192,0.07200801372528076,36945.3515625,39048.05859375,-2102.70703125
jbshield-gemma-phase2-gemma-2-27b-it,gemma-2-27b-it,last_token,40,attack_vs_direct_harmful,zulu,direct_harmful,0.887723982334137,0.11227601766586304,43864.89453125,45056.265625,-1191.37109375
jbshield-gemma-phase2-gemma-2-27b-it,gemma-2-27b-it,last_token,40,attack_vs_harmless,zulu,none,0.9021962881088257,0.09780371189117432,43864.89453125,39048.05859375,4816.8359375
jbshield-gemma-phase2-gemma-2-27b-it,gemma-2-27b-it,last_token,41,label_1_vs_label_0,label_1,label_0,0.9850291013717651,0.014970898628234863,42091.00390625,41302.94140625,788.0625
jbshield-gemma-phase2-gemma-2-27b-it,gemma-2-27b-it,last_token,41,direct_harmful_vs_harmless,direct_harmful,none,0.9594069123268127,0.040593087673187256,46221.625,41193.08984375,5028.53515625
jbshield-gemma-phase2-gemma-2-27b-it,gemma-2-27b-it,last_token,41,attack_vs_direct_harmful,autodan,direct_harmful,0.9908125996589661,0.009187400341033936,45683.49609375,46221.625,-538.12890625
jbshield-gemma-phase2-gemma-2-27b-it,gemma-2-27b-it,last_token,41,attack_vs_harmless,autodan,none,0.9676875472068787,0.03231245279312134,45683.49609375,41193.08984375,4490.40625
jbshield-gemma-phase2-gemma-2-27b-it,gemma-2-27b-it,last_token,41,attack_vs_direct_harmful,base64,direct_harmful,0.9145901203155518,0.08540987968444824,40442.21875,46221.625,-5779.40625
jbshield-gemma-phase2-gemma-2-27b-it,gemma-2-27b-it,last_token,41,attack_vs_harmless,base64,none,0.9448189735412598,0.055181026458740234,40442.21875,41193.08984375,-750.87109375
jbshield-gemma-phase2-gemma-2-27b-it,gemma-2-27b-it,last_token,41,attack_vs_direct_harmful,drattack,direct_harmful,0.9553396701812744,0.044660329818725586,45402.75390625,46221.625,-818.87109375
jbshield-gemma-phase2-gemma-2-27b-it,gemma-2-27b-it,last_token,41,attack_vs_harmless,drattack,none,0.9539601802825928,0.04603981971740723,45402.75390625,41193.08984375,4209.6640625
jbshield-gemma-phase2-gemma-2-27b-it,gemma-2-27b-it,last_token,41,attack_vs_direct_harmful,gcg,direct_harmful,0.9934644103050232,0.006535589694976807,45168.08984375,46221.625,-1053.53515625
jbshield-gemma-phase2-gemma-2-27b-it,gemma-2-27b-it,last_token,41,attack_vs_harmless,gcg,none,0.9686160087585449,0.03138399124145508,45168.08984375,41193.08984375,3975.0
jbshield-gemma-phase2-gemma-2-27b-it,gemma-2-27b-it,last_token,41,attack_vs_direct_harmful,ijp,direct_harmful,0.957965612411499,0.04203438758850098,40784.28515625,46221.625,-5437.33984375
jbshield-gemma-phase2-gemma-2-27b-it,gemma-2-27b-it,last_token,41,attack_vs_harmless,ijp,none,0.983212947845459,0.016787052154541016,40784.28515625,41193.08984375,-408.8046875
jbshield-gemma-phase2-gemma-2-27b-it,gemma-2-27b-it,last_token,41,attack_vs_direct_harmful,pair,direct_harmful,0.9876540303230286,0.012345969676971436,45262.01171875,46221.625,-959.61328125
jbshield-gemma-phase2-gemma-2-27b-it,gemma-2-27b-it,last_token,41,attack_vs_harmless,pair,none,0.9822306632995605,0.017769336700439453,45262.01171875,41193.08984375,4068.921875
jbshield-gemma-phase2-gemma-2-27b-it,gemma-2-27b-it,last_token,41,attack_vs_direct_harmful,puzzler,direct_harmful,0.9139437675476074,0.08605623245239258,38184.3828125,46221.625,-8037.2421875
jbshield-gemma-phase2-gemma-2-27b-it,gemma-2-27b-it,last_token,41,attack_vs_harmless,puzzler,none,0.9541076421737671,0.04589235782623291,38184.3828125,41193.08984375,-3008.70703125
jbshield-gemma-phase2-gemma-2-27b-it,gemma-2-27b-it,last_token,41,attack_vs_direct_harmful,saa,direct_harmful,0.9017461538314819,0.09825384616851807,39545.76171875,46221.625,-6675.86328125
jbshield-gemma-phase2-gemma-2-27b-it,gemma-2-27b-it,last_token,41,attack_vs_harmless,saa,none,0.9323511123657227,0.06764888763427734,39545.76171875,41193.08984375,-1647.328125
jbshield-gemma-phase2-gemma-2-27b-it,gemma-2-27b-it,last_token,41,attack_vs_direct_harmful,zulu,direct_harmful,0.8843907713890076,0.11560922861099243,46061.58203125,46221.625,-160.04296875
jbshield-gemma-phase2-gemma-2-27b-it,gemma-2-27b-it,last_token,41,attack_vs_harmless,zulu,none,0.8984838724136353,0.10151612758636475,46061.58203125,41193.08984375,4868.4921875
jbshield-gemma-phase2-gemma-2-27b-it,gemma-2-27b-it,last_token,42,label_1_vs_label_0,label_1,label_0,0.9852237105369568,0.014776289463043213,43786.0859375,43362.34375,423.7421875
jbshield-gemma-phase2-gemma-2-27b-it,gemma-2-27b-it,last_token,42,direct_harmful_vs_harmless,direct_harmful,none,0.9625479578971863,0.03745204210281372,49285.06640625,43215.96875,6069.09765625
jbshield-gemma-phase2-gemma-2-27b-it,gemma-2-27b-it,last_token,42,attack_vs_direct_harmful,autodan,direct_harmful,0.991177499294281,0.008822500705718994,48520.40234375,49285.06640625,-764.6640625
jbshield-gemma-phase2-gemma-2-27b-it,gemma-2-27b-it,last_token,42,attack_vs_harmless,autodan,none,0.9701848030090332,0.029815196990966797,48520.40234375,43215.96875,5304.43359375
jbshield-gemma-phase2-gemma-2-27b-it,gemma-2-27b-it,last_token,42,attack_vs_direct_harmful,base64,direct_harmful,0.9109363555908203,0.08906364440917969,41178.78125,49285.06640625,-8106.28515625
jbshield-gemma-phase2-gemma-2-27b-it,gemma-2-27b-it,last_token,42,attack_vs_harmless,base64,none,0.938615083694458,0.06138491630554199,41178.78125,43215.96875,-2037.1875
jbshield-gemma-phase2-gemma-2-27b-it,gemma-2-27b-it,last_token,42,attack_vs_direct_harmful,drattack,direct_harmful,0.9550800919532776,0.04491990804672241,47626.2109375,49285.06640625,-1658.85546875
jbshield-gemma-phase2-gemma-2-27b-it,gemma-2-27b-it,last_token,42,attack_vs_harmless,drattack,none,0.952444851398468,0.04755514860153198,47626.2109375,43215.96875,4410.2421875
jbshield-gemma-phase2-gemma-2-27b-it,gemma-2-27b-it,last_token,42,attack_vs_direct_harmful,gcg,direct_harmful,0.9936689138412476,0.006331086158752441,47623.25390625,49285.06640625,-1661.8125
jbshield-gemma-phase2-gemma-2-27b-it,gemma-2-27b-it,last_token,42,attack_vs_harmless,gcg,none,0.9707084894180298,0.029291510581970215,47623.25390625,43215.96875,4407.28515625
jbshield-gemma-phase2-gemma-2-27b-it,gemma-2-27b-it,last_token,42,attack_vs_direct_harmful,ijp,direct_harmful,0.9607060551643372,0.03929394483566284,42511.67578125,49285.06640625,-6773.390625
jbshield-gemma-phase2-gemma-2-27b-it,gemma-2-27b-it,last_token,42,attack_vs_harmless,ijp,none,0.9833426475524902,0.016657352447509766,42511.67578125,43215.96875,-704.29296875
jbshield-gemma-phase2-gemma-2-27b-it,gemma-2-27b-it,last_token,42,attack_vs_direct_harmful,pair,direct_harmful,0.9885600805282593,0.011439919471740723,47904.8671875,49285.06640625,-1380.19921875
jbshield-gemma-phase2-gemma-2-27b-it,gemma-2-27b-it,last_token,42,attack_vs_harmless,pair,none,0.9834815859794617,0.01651841402053833,47904.8671875,43215.96875,4688.8984375
jbshield-gemma-phase2-gemma-2-27b-it,gemma-2-27b-it,last_token,42,attack_vs_direct_harmful,puzzler,direct_harmful,0.9126680493354797,0.08733195066452026,41236.203125,49285.06640625,-8048.86328125
jbshield-gemma-phase2-gemma-2-27b-it,gemma-2-27b-it,last_token,42,attack_vs_harmless,puzzler,none,0.9498880505561829,0.05011194944381714,41236.203125,43215.96875,-1979.765625
jbshield-gemma-phase2-gemma-2-27b-it,gemma-2-27b-it,last_token,42,attack_vs_direct_harmful,saa,direct_harmful,0.9046541452407837,0.09534585475921631,41701.99609375,49285.06640625,-7583.0703125
jbshield-gemma-phase2-gemma-2-27b-it,gemma-2-27b-it,last_token,42,attack_vs_harmless,saa,none,0.9323003888130188,0.0676996111869812,41701.99609375,43215.96875,-1513.97265625
jbshield-gemma-phase2-gemma-2-27b-it,gemma-2-27b-it,last_token,42,attack_vs_direct_harmful,zulu,direct_harmful,0.8779839873313904,0.12201601266860962,45712.109375,49285.06640625,-3572.95703125
jbshield-gemma-phase2-gemma-2-27b-it,gemma-2-27b-it,last_token,42,attack_vs_harmless,zulu,none,0.8902316689491272,0.1097683310508728,45712.109375,43215.96875,2496.140625
jbshield-gemma-phase2-gemma-2-27b-it,gemma-2-27b-it,last_token,43,label_1_vs_label_0,label_1,label_0,0.9858907461166382,0.014109253883361816,46105.48828125,46598.61328125,-493.125
jbshield-gemma-phase2-gemma-2-27b-it,gemma-2-27b-it,last_token,43,direct_harmful_vs_harmless,direct_harmful,none,0.9643405079841614,0.03565949201583862,53361.37890625,46424.51953125,6936.859375
jbshield-gemma-phase2-gemma-2-27b-it,gemma-2-27b-it,last_token,43,attack_vs_direct_harmful,autodan,direct_harmful,0.992004930973053,0.007995069026947021,51692.796875,53361.37890625,-1668.58203125
jbshield-gemma-phase2-gemma-2-27b-it,gemma-2-27b-it,last_token,43,attack_vs_harmless,autodan,none,0.9715893864631653,0.028410613536834717,51692.796875,46424.51953125,5268.27734375
jbshield-gemma-phase2-gemma-2-27b-it,gemma-2-27b-it,last_token,43,attack_vs_direct_harmful,base64,direct_harmful,0.910639226436615,0.08936077356338501,43819.54296875,53361.37890625,-9541.8359375
jbshield-gemma-phase2-gemma-2-27b-it,gemma-2-27b-it,last_token,43,attack_vs_harmless,base64,none,0.9364979267120361,0.06350207328796387,43819.54296875,46424.51953125,-2604.9765625
jbshield-gemma-phase2-gemma-2-27b-it,gemma-2-27b-it,last_token,43,attack_vs_direct_harmful,drattack,direct_harmful,0.9527713656425476,0.04722863435745239,50797.015625,53361.37890625,-2564.36328125
jbshield-gemma-phase2-gemma-2-27b-it,gemma-2-27b-it,last_token,43,attack_vs_harmless,drattack,none,0.9489233493804932,0.051076650619506836,50797.015625,46424.51953125,4372.49609375
jbshield-gemma-phase2-gemma-2-27b-it,gemma-2-27b-it,last_token,43,attack_vs_direct_harmful,gcg,direct_harmful,0.9939517378807068,0.006048262119293213,50295.13671875,53361.37890625,-3066.2421875
jbshield-gemma-phase2-gemma-2-27b-it,gemma-2-27b-it,last_token,43,attack_vs_harmless,gcg,none,0.9715225696563721,0.02847743034362793,50295.13671875,46424.51953125,3870.6171875
jbshield-gemma-phase2-gemma-2-27b-it,gemma-2-27b-it,last_token,43,attack_vs_direct_harmful,ijp,direct_harmful,0.9617529511451721,0.03824704885482788,44772.25390625,53361.37890625,-8589.125
jbshield-gemma-phase2-gemma-2-27b-it,gemma-2-27b-it,last_token,43,attack_vs_harmless,ijp,none,0.98391193151474,0.01608806848526001,44772.25390625,46424.51953125,-1652.265625
jbshield-gemma-phase2-gemma-2-27b-it,gemma-2-27b-it,last_token,43,attack_vs_direct_harmful,pair,direct_harmful,0.9893238544464111,0.010676145553588867,51328.078125,53361.37890625,-2033.30078125
jbshield-gemma-phase2-gemma-2-27b-it,gemma-2-27b-it,last_token,43,attack_vs_harmless,pair,none,0.9843895435333252,0.015610456466674805,51328.078125,46424.51953125,4903.55859375
jbshield-gemma-phase2-gemma-2-27b-it,gemma-2-27b-it,last_token,43,attack_vs_direct_harmful,puzzler,direct_harmful,0.9164541959762573,0.08354580402374268,44358.59375,53361.37890625,-9002.78515625
jbshield-gemma-phase2-gemma-2-27b-it,gemma-2-27b-it,last_token,43,attack_vs_harmless,puzzler,none,0.9518944025039673,0.048105597496032715,44358.59375,46424.51953125,-2065.92578125
jbshield-gemma-phase2-gemma-2-27b-it,gemma-2-27b-it,last_token,43,attack_vs_direct_harmful,saa,direct_harmful,0.9104543924331665,0.0895456075668335,44216.8125,53361.37890625,-9144.56640625
jbshield-gemma-phase2-gemma-2-27b-it,gemma-2-27b-it,last_token,43,attack_vs_harmless,saa,none,0.9362577199935913,0.06374228000640869,44216.8125,46424.51953125,-2207.70703125
jbshield-gemma-phase2-gemma-2-27b-it,gemma-2-27b-it,last_token,43,attack_vs_direct_harmful,zulu,direct_harmful,0.8764600157737732,0.1235399842262268,45175.68359375,53361.37890625,-8185.6953125
jbshield-gemma-phase2-gemma-2-27b-it,gemma-2-27b-it,last_token,43,attack_vs_harmless,zulu,none,0.8894363641738892,0.11056363582611084,45175.68359375,46424.51953125,-1248.8359375
jbshield-gemma-phase2-gemma-2-27b-it,gemma-2-27b-it,last_token,44,label_1_vs_label_0,label_1,label_0,0.9838513135910034,0.016148686408996582,46080.9140625,47417.69921875,-1336.78515625
jbshield-gemma-phase2-gemma-2-27b-it,gemma-2-27b-it,last_token,44,direct_harmful_vs_harmless,direct_harmful,none,0.9654529690742493,0.03454703092575073,55227.16796875,47206.78515625,8020.3828125
jbshield-gemma-phase2-gemma-2-27b-it,gemma-2-27b-it,last_token,44,attack_vs_direct_harmful,autodan,direct_harmful,0.9920032024383545,0.007996797561645508,53186.59375,55227.16796875,-2040.57421875
jbshield-gemma-phase2-gemma-2-27b-it,gemma-2-27b-it,last_token,44,attack_vs_harmless,autodan,none,0.9708647727966309,0.02913522720336914,53186.59375,47206.78515625,5979.80859375
jbshield-gemma-phase2-gemma-2-27b-it,gemma-2-27b-it,last_token,44,attack_vs_direct_harmful,base64,direct_harmful,0.8886252641677856,0.11137473583221436,44938.15625,55227.16796875,-10289.01171875
jbshield-gemma-phase2-gemma-2-27b-it,gemma-2-27b-it,last_token,44,attack_vs_harmless,base64,none,0.9116796255111694,0.08832037448883057,44938.15625,47206.78515625,-2268.62890625
jbshield-gemma-phase2-gemma-2-27b-it,gemma-2-27b-it,last_token,44,attack_vs_direct_harmful,drattack,direct_harmful,0.9467811584472656,0.053218841552734375,50234.21484375,55227.16796875,-4992.953125
jbshield-gemma-phase2-gemma-2-27b-it,gemma-2-27b-it,last_token,44,attack_vs_harmless,drattack,none,0.9393770694732666,0.0606229305267334,50234.21484375,47206.78515625,3027.4296875
jbshield-gemma-phase2-gemma-2-27b-it,gemma-2-27b-it,last_token,44,attack_vs_direct_harmful,gcg,direct_harmful,0.9934731721878052,0.006526827812194824,51119.46484375,55227.16796875,-4107.703125
jbshield-gemma-phase2-gemma-2-27b-it,gemma-2-27b-it,last_token,44,attack_vs_harmless,gcg,none,0.9709393978118896,0.02906060218811035,51119.46484375,47206.78515625,3912.6796875
jbshield-gemma-phase2-gemma-2-27b-it,gemma-2-27b-it,last_token,44,attack_vs_direct_harmful,ijp,direct_harmful,0.9614865779876709,0.0385134220123291,43643.95703125,55227.16796875,-11583.2109375
jbshield-gemma-phase2-gemma-2-27b-it,gemma-2-27b-it,last_token,44,attack_vs_harmless,ijp,none,0.980625569820404,0.019374430179595947,43643.95703125,47206.78515625,-3562.828125
jbshield-gemma-phase2-gemma-2-27b-it,gemma-2-27b-it,last_token,44,attack_vs_direct_harmful,pair,direct_harmful,0.9900370836257935,0.009962916374206543,52179.8671875,55227.16796875,-3047.30078125
jbshield-gemma-phase2-gemma-2-27b-it,gemma-2-27b-it,last_token,44,attack_vs_harmless,pair,none,0.9839823246002197,0.016017675399780273,52179.8671875,47206.78515625,4973.08203125
jbshield-gemma-phase2-gemma-2-27b-it,gemma-2-27b-it,last_token,44,attack_vs_direct_harmful,puzzler,direct_harmful,0.9126003384590149,0.08739966154098511,44535.21875,55227.16796875,-10691.94921875
jbshield-gemma-phase2-gemma-2-27b-it,gemma-2-27b-it,last_token,44,attack_vs_harmless,puzzler,none,0.9454788565635681,0.054521143436431885,44535.21875,47206.78515625,-2671.56640625
jbshield-gemma-phase2-gemma-2-27b-it,gemma-2-27b-it,last_token,44,attack_vs_direct_harmful,saa,direct_harmful,0.9130122661590576,0.08698773384094238,45082.328125,55227.16796875,-10144.83984375
jbshield-gemma-phase2-gemma-2-27b-it,gemma-2-27b-it,last_token,44,attack_vs_harmless,saa,none,0.9345651268959045,0.06543487310409546,45082.328125,47206.78515625,-2124.45703125
jbshield-gemma-phase2-gemma-2-27b-it,gemma-2-27b-it,last_token,44,attack_vs_direct_harmful,zulu,direct_harmful,0.8534897565841675,0.14651024341583252,43371.67578125,55227.16796875,-11855.4921875
jbshield-gemma-phase2-gemma-2-27b-it,gemma-2-27b-it,last_token,44,attack_vs_harmless,zulu,none,0.8637799024581909,0.13622009754180908,43371.67578125,47206.78515625,-3835.109375
jbshield-gemma-phase2-gemma-2-27b-it,gemma-2-27b-it,last_token,45,label_1_vs_label_0,label_1,label_0,0.9920383095741272,0.007961690425872803,68389.46875,69835.5703125,-1446.1015625
jbshield-gemma-phase2-gemma-2-27b-it,gemma-2-27b-it,last_token,45,direct_harmful_vs_harmless,direct_harmful,none,0.9849792718887329,0.01502072811126709,82751.390625,69421.828125,13329.5625
jbshield-gemma-phase2-gemma-2-27b-it,gemma-2-27b-it,last_token,45,attack_vs_direct_harmful,autodan,direct_harmful,0.9964761137962341,0.003523886203765869,78680.71875,82751.390625,-4070.671875
jbshield-gemma-phase2-gemma-2-27b-it,gemma-2-27b-it,last_token,45,attack_vs_harmless,autodan,none,0.9865297079086304,0.013470292091369629,78680.71875,69421.828125,9258.890625
jbshield-gemma-phase2-gemma-2-27b-it,gemma-2-27b-it,last_token,45,attack_vs_direct_harmful,base64,direct_harmful,0.9329755902290344,0.06702440977096558,57560.609375,82751.390625,-25190.78125
jbshield-gemma-phase2-gemma-2-27b-it,gemma-2-27b-it,last_token,45,attack_vs_harmless,base64,none,0.9418743252754211,0.05812567472457886,57560.609375,69421.828125,-11861.21875
jbshield-gemma-phase2-gemma-2-27b-it,gemma-2-27b-it,last_token,45,attack_vs_direct_harmful,drattack,direct_harmful,0.9742564558982849,0.025743544101715088,73116.796875,82751.390625,-9634.59375
jbshield-gemma-phase2-gemma-2-27b-it,gemma-2-27b-it,last_token,45,attack_vs_harmless,drattack,none,0.9694421887397766,0.03055781126022339,73116.796875,69421.828125,3694.96875
jbshield-gemma-phase2-gemma-2-27b-it,gemma-2-27b-it,last_token,45,attack_vs_direct_harmful,gcg,direct_harmful,0.996793270111084,0.0032067298889160156,76907.75,82751.390625,-5843.640625
jbshield-gemma-phase2-gemma-2-27b-it,gemma-2-27b-it,last_token,45,attack_vs_harmless,gcg,none,0.9868041276931763,0.01319587230682373,76907.75,69421.828125,7485.921875
jbshield-gemma-phase2-gemma-2-27b-it,gemma-2-27b-it,last_token,45,attack_vs_direct_harmful,ijp,direct_harmful,0.9833589196205139,0.016641080379486084,63460.41015625,82751.390625,-19290.98046875
jbshield-gemma-phase2-gemma-2-27b-it,gemma-2-27b-it,last_token,45,attack_vs_harmless,ijp,none,0.9902167320251465,0.009783267974853516,63460.41015625,69421.828125,-5961.41796875
jbshield-gemma-phase2-gemma-2-27b-it,gemma-2-27b-it,last_token,45,attack_vs_direct_harmful,pair,direct_harmful,0.995978832244873,0.004021167755126953,76232.6953125,82751.390625,-6518.6953125
jbshield-gemma-phase2-gemma-2-27b-it,gemma-2-27b-it,last_token,45,attack_vs_harmless,pair,none,0.9923271536827087,0.00767284631729126,76232.6953125,69421.828125,6810.8671875
jbshield-gemma-phase2-gemma-2-27b-it,gemma-2-27b-it,last_token,45,attack_vs_direct_harmful,puzzler,direct_harmful,0.9610193371772766,0.03898066282272339,68363.3515625,82751.390625,-14388.0390625
jbshield-gemma-phase2-gemma-2-27b-it,gemma-2-27b-it,last_token,45,attack_vs_harmless,puzzler,none,0.9737783074378967,0.02622169256210327,68363.3515625,69421.828125,-1058.4765625
jbshield-gemma-phase2-gemma-2-27b-it,gemma-2-27b-it,last_token,45,attack_vs_direct_harmful,saa,direct_harmful,0.9639232158660889,0.03607678413391113,68582.890625,82751.390625,-14168.5
jbshield-gemma-phase2-gemma-2-27b-it,gemma-2-27b-it,last_token,45,attack_vs_harmless,saa,none,0.972806453704834,0.027193546295166016,68582.890625,69421.828125,-838.9375
jbshield-gemma-phase2-gemma-2-27b-it,gemma-2-27b-it,last_token,45,attack_vs_direct_harmful,zulu,direct_harmful,0.9287059307098389,0.07129406929016113,64140.3828125,82751.390625,-18611.0078125
jbshield-gemma-phase2-gemma-2-27b-it,gemma-2-27b-it,last_token,45,attack_vs_harmless,zulu,none,0.9337372779846191,0.06626272201538086,64140.3828125,69421.828125,-5281.4453125
jbshield-gemma-phase2-gemma-2-27b-it,gemma-2-27b-it,last_token,46,label_1_vs_label_0,label_1,label_0,0.9965447783470154,0.003455221652984619,111888.4453125,113219.546875,-1331.1015625
jbshield-gemma-phase2-gemma-2-27b-it,gemma-2-27b-it,last_token,46,direct_harmful_vs_harmless,direct_harmful,none,0.9940490126609802,0.005950987339019775,129347.8359375,112676.4375,16671.3984375
jbshield-gemma-phase2-gemma-2-27b-it,gemma-2-27b-it,last_token,46,attack_vs_direct_harmful,autodan,direct_harmful,0.9984425902366638,0.0015574097633361816,125618.3203125,129347.8359375,-3729.515625
jbshield-gemma-phase2-gemma-2-27b-it,gemma-2-27b-it,last_token,46,attack_vs_harmless,autodan,none,0.9945625066757202,0.005437493324279785,125618.3203125,112676.4375,12941.8828125
jbshield-gemma-phase2-gemma-2-27b-it,gemma-2-27b-it,last_token,46,attack_vs_direct_harmful,base64,direct_harmful,0.9739775061607361,0.026022493839263916,94324.984375,129347.8359375,-35022.8515625
jbshield-gemma-phase2-gemma-2-27b-it,gemma-2-27b-it,last_token,46,attack_vs_harmless,base64,none,0.9768996238708496,0.02310037612915039,94324.984375,112676.4375,-18351.453125
jbshield-gemma-phase2-gemma-2-27b-it,gemma-2-27b-it,last_token,46,attack_vs_direct_harmful,drattack,direct_harmful,0.9891876578330994,0.010812342166900635,116983.3203125,129347.8359375,-12364.515625
jbshield-gemma-phase2-gemma-2-27b-it,gemma-2-27b-it,last_token,46,attack_vs_harmless,drattack,none,0.986966073513031,0.013033926486968994,116983.3203125,112676.4375,4306.8828125
jbshield-gemma-phase2-gemma-2-27b-it,gemma-2-27b-it,last_token,46,attack_vs_direct_harmful,gcg,direct_harmful,0.9984246492385864,0.0015753507614135742,122896.8984375,129347.8359375,-6450.9375
jbshield-gemma-phase2-gemma-2-27b-it,gemma-2-27b-it,last_token,46,attack_vs_harmless,gcg,none,0.9945869445800781,0.005413055419921875,122896.8984375,112676.4375,10220.4609375
jbshield-gemma-phase2-gemma-2-27b-it,gemma-2-27b-it,last_token,46,attack_vs_direct_harmful,ijp,direct_harmful,0.9933812022209167,0.006618797779083252,104098.8515625,129347.8359375,-25248.984375
jbshield-gemma-phase2-gemma-2-27b-it,gemma-2-27b-it,last_token,46,attack_vs_harmless,ijp,none,0.995817244052887,0.004182755947113037,104098.8515625,112676.4375,-8577.5859375
jbshield-gemma-phase2-gemma-2-27b-it,gemma-2-27b-it,last_token,46,attack_vs_direct_harmful,pair,direct_harmful,0.9983677268028259,0.0016322731971740723,121736.40625,129347.8359375,-7611.4296875
jbshield-gemma-phase2-gemma-2-27b-it,gemma-2-27b-it,last_token,46,attack_vs_harmless,pair,none,0.9969538450241089,0.0030461549758911133,121736.40625,112676.4375,9059.96875
jbshield-gemma-phase2-gemma-2-27b-it,gemma-2-27b-it,last_token,46,attack_vs_direct_harmful,puzzler,direct_harmful,0.9842584133148193,0.015741586685180664,118281.1015625,129347.8359375,-11066.734375
jbshield-gemma-phase2-gemma-2-27b-it,gemma-2-27b-it,last_token,46,attack_vs_harmless,puzzler,none,0.9886991381645203,0.011300861835479736,118281.1015625,112676.4375,5604.6640625
jbshield-gemma-phase2-gemma-2-27b-it,gemma-2-27b-it,last_token,46,attack_vs_direct_harmful,saa,direct_harmful,0.9867791533470154,0.01322084665298462,114040.59375,129347.8359375,-15307.2421875
jbshield-gemma-phase2-gemma-2-27b-it,gemma-2-27b-it,last_token,46,attack_vs_harmless,saa,none,0.9900045394897461,0.009995460510253906,114040.59375,112676.4375,1364.15625
jbshield-gemma-phase2-gemma-2-27b-it,gemma-2-27b-it,last_token,46,attack_vs_direct_harmful,zulu,direct_harmful,0.9670312404632568,0.032968759536743164,103557.953125,129347.8359375,-25789.8828125
jbshield-gemma-phase2-gemma-2-27b-it,gemma-2-27b-it,last_token,46,attack_vs_harmless,zulu,none,0.9688494801521301,0.031150519847869873,103557.953125,112676.4375,-9118.484375
jbshield-gemma-phase2-gemma-2-27b-it,gemma-2-27b-it,user_prompt,0,label_1_vs_label_0,label_1,label_0,0.9008805751800537,0.09911942481994629,19.701316833496094,21.53728675842285,-1.8359699249267578
jbshield-gemma-phase2-gemma-2-27b-it,gemma-2-27b-it,user_prompt,0,direct_harmful_vs_harmless,direct_harmful,none,0.8464866280555725,0.1535133719444275,20.92820167541504,21.66870880126953,-0.7405071258544922
jbshield-gemma-phase2-gemma-2-27b-it,gemma-2-27b-it,user_prompt,0,attack_vs_direct_harmful,autodan,direct_harmful,0.931590735912323,0.068409264087677,21.48797607421875,20.92820167541504,0.5597743988037109
jbshield-gemma-phase2-gemma-2-27b-it,gemma-2-27b-it,user_prompt,0,attack_vs_harmless,autodan,none,0.8849009275436401,0.11509907245635986,21.48797607421875,21.66870880126953,-0.18073272705078125
jbshield-gemma-phase2-gemma-2-27b-it,gemma-2-27b-it,user_prompt,0,attack_vs_direct_harmful,base64,direct_harmful,0.5509177446365356,0.44908225536346436,25.083158493041992,20.92820167541504,4.154956817626953
jbshield-gemma-phase2-gemma-2-27b-it,gemma-2-27b-it,user_prompt,0,attack_vs_harmless,base64,none,0.665969729423523,0.33403027057647705,25.083158493041992,21.66870880126953,3.414449691772461
jbshield-gemma-phase2-gemma-2-27b-it,gemma-2-27b-it,user_prompt,0,attack_vs_direct_harmful,drattack,direct_harmful,0.8845804333686829,0.11541956663131714,23.448932647705078,20.92820167541504,2.520730972290039
jbshield-gemma-phase2-gemma-2-27b-it,gemma-2-27b-it,user_prompt,0,attack_vs_harmless,drattack,none,0.8970782160758972,0.10292178392410278,23.448932647705078,21.66870880126953,1.7802238464355469
jbshield-gemma-phase2-gemma-2-27b-it,gemma-2-27b-it,user_prompt,0,attack_vs_direct_harmful,gcg,direct_harmful,0.9234434366226196,0.07655656337738037,16.202123641967773,20.92820167541504,-4.726078033447266
jbshield-gemma-phase2-gemma-2-27b-it,gemma-2-27b-it,user_prompt,0,attack_vs_harmless,gcg,none,0.8800619840621948,0.11993801593780518,16.202123641967773,21.66870880126953,-5.466585159301758
jbshield-gemma-phase2-gemma-2-27b-it,gemma-2-27b-it,user_prompt,0,attack_vs_direct_harmful,ijp,direct_harmful,0.9129425883293152,0.08705741167068481,21.43505859375,20.92820167541504,0.5068569183349609
jbshield-gemma-phase2-gemma-2-27b-it,gemma-2-27b-it,user_prompt,0,attack_vs_harmless,ijp,none,0.8948549628257751,0.10514503717422485,21.43505859375,21.66870880126953,-0.23365020751953125
jbshield-gemma-phase2-gemma-2-27b-it,gemma-2-27b-it,user_prompt,0,attack_vs_direct_harmful,pair,direct_harmful,0.9524295926094055,0.04757040739059448,23.03806495666504,20.92820167541504,2.10986328125
jbshield-gemma-phase2-gemma-2-27b-it,gemma-2-27b-it,user_prompt,0,attack_vs_harmless,pair,none,0.8612130284309387,0.13878697156906128,23.03806495666504,21.66870880126953,1.3693561553955078
jbshield-gemma-phase2-gemma-2-27b-it,gemma-2-27b-it,user_prompt,0,attack_vs_direct_harmful,puzzler,direct_harmful,0.9256308674812317,0.07436913251876831,21.302135467529297,20.92820167541504,0.3739337921142578
jbshield-gemma-phase2-gemma-2-27b-it,gemma-2-27b-it,user_prompt,0,attack_vs_harmless,puzzler,none,0.8747912049293518,0.1252087950706482,21.302135467529297,21.66870880126953,-0.3665733337402344
jbshield-gemma-phase2-gemma-2-27b-it,gemma-2-27b-it,user_prompt,0,attack_vs_direct_harmful,saa,direct_harmful,0.8311833739280701,0.16881662607192993,21.769607543945312,20.92820167541504,0.8414058685302734
jbshield-gemma-phase2-gemma-2-27b-it,gemma-2-27b-it,user_prompt,0,attack_vs_harmless,saa,none,0.8863212466239929,0.11367875337600708,21.769607543945312,21.66870880126953,0.10089874267578125
jbshield-gemma-phase2-gemma-2-27b-it,gemma-2-27b-it,user_prompt,0,attack_vs_direct_harmful,zulu,direct_harmful,0.5072888731956482,0.4927111268043518,22.06293487548828,20.92820167541504,1.1347332000732422
jbshield-gemma-phase2-gemma-2-27b-it,gemma-2-27b-it,user_prompt,0,attack_vs_harmless,zulu,none,0.6020474433898926,0.3979525566101074,22.06293487548828,21.66870880126953,0.39422607421875
jbshield-gemma-phase2-gemma-2-27b-it,gemma-2-27b-it,user_prompt,1,label_1_vs_label_0,label_1,label_0,0.9770365953445435,0.022963404655456543,760.612060546875,980.0131225585938,-219.40106201171875
jbshield-gemma-phase2-gemma-2-27b-it,gemma-2-27b-it,user_prompt,1,direct_harmful_vs_harmless,direct_harmful,none,0.9785550832748413,0.02144491672515869,770.165771484375,987.9869995117188,-217.82122802734375
jbshield-gemma-phase2-gemma-2-27b-it,gemma-2-27b-it,user_prompt,1,attack_vs_direct_harmful,autodan,direct_harmful,0.9938234686851501,0.0061765313148498535,762.8201293945312,770.165771484375,-7.34564208984375
jbshield-gemma-phase2-gemma-2-27b-it,gemma-2-27b-it,user_prompt,1,attack_vs_harmless,autodan,none,0.9797245264053345,0.020275473594665527,762.8201293945312,987.9869995117188,-225.1668701171875
jbshield-gemma-phase2-gemma-2-27b-it,gemma-2-27b-it,user_prompt,1,attack_vs_direct_harmful,base64,direct_harmful,0.9474800825119019,0.052519917488098145,797.2095336914062,770.165771484375,27.04376220703125
jbshield-gemma-phase2-gemma-2-27b-it,gemma-2-27b-it,user_prompt,1,attack_vs_harmless,base64,none,0.9326673746109009,0.06733262538909912,797.2095336914062,987.9869995117188,-190.7774658203125
jbshield-gemma-phase2-gemma-2-27b-it,gemma-2-27b-it,user_prompt,1,attack_vs_direct_harmful,drattack,direct_harmful,0.9845981001853943,0.015401899814605713,798.183349609375,770.165771484375,28.017578125
jbshield-gemma-phase2-gemma-2-27b-it,gemma-2-27b-it,user_prompt,1,attack_vs_harmless,drattack,none,0.9762410521507263,0.02375894784927368,798.183349609375,987.9869995117188,-189.80364990234375
jbshield-gemma-phase2-gemma-2-27b-it,gemma-2-27b-it,user_prompt,1,attack_vs_direct_harmful,gcg,direct_harmful,0.994789719581604,0.005210280418395996,740.9773559570312,770.165771484375,-29.18841552734375
jbshield-gemma-phase2-gemma-2-27b-it,gemma-2-27b-it,user_prompt,1,attack_vs_harmless,gcg,none,0.9764410853385925,0.02355891466140747,740.9773559570312,987.9869995117188,-247.0096435546875
jbshield-gemma-phase2-gemma-2-27b-it,gemma-2-27b-it,user_prompt,1,attack_vs_direct_harmful,ijp,direct_harmful,0.9882127046585083,0.0117872953414917,767.7194213867188,770.165771484375,-2.44635009765625
jbshield-gemma-phase2-gemma-2-27b-it,gemma-2-27b-it,user_prompt,1,attack_vs_harmless,ijp,none,0.9778603315353394,0.022139668464660645,767.7194213867188,987.9869995117188,-220.267578125
jbshield-gemma-phase2-gemma-2-27b-it,gemma-2-27b-it,user_prompt,1,attack_vs_direct_harmful,pair,direct_harmful,0.994366466999054,0.005633533000946045,768.3118896484375,770.165771484375,-1.8538818359375
jbshield-gemma-phase2-gemma-2-27b-it,gemma-2-27b-it,user_prompt,1,attack_vs_harmless,pair,none,0.979241132736206,0.020758867263793945,768.3118896484375,987.9869995117188,-219.67510986328125
jbshield-gemma-phase2-gemma-2-27b-it,gemma-2-27b-it,user_prompt,1,attack_vs_direct_harmful,puzzler,direct_harmful,0.9890739917755127,0.010926008224487305,752.8433837890625,770.165771484375,-17.3223876953125
jbshield-gemma-phase2-gemma-2-27b-it,gemma-2-27b-it,user_prompt,1,attack_vs_harmless,puzzler,none,0.9750863909721375,0.02491360902786255,752.8433837890625,987.9869995117188,-235.14361572265625
jbshield-gemma-phase2-gemma-2-27b-it,gemma-2-27b-it,user_prompt,1,attack_vs_direct_harmful,saa,direct_harmful,0.9787739515304565,0.021226048469543457,805.14990234375,770.165771484375,34.984130859375
jbshield-gemma-phase2-gemma-2-27b-it,gemma-2-27b-it,user_prompt,1,attack_vs_harmless,saa,none,0.9750145673751831,0.024985432624816895,805.14990234375,987.9869995117188,-182.83709716796875
jbshield-gemma-phase2-gemma-2-27b-it,gemma-2-27b-it,user_prompt,1,attack_vs_direct_harmful,zulu,direct_harmful,0.9521574974060059,0.04784250259399414,724.24609375,770.165771484375,-45.919677734375
jbshield-gemma-phase2-gemma-2-27b-it,gemma-2-27b-it,user_prompt,1,attack_vs_harmless,zulu,none,0.9287198781967163,0.07128012180328369,724.24609375,987.9869995117188,-263.74090576171875
jbshield-gemma-phase2-gemma-2-27b-it,gemma-2-27b-it,user_prompt,2,label_1_vs_label_0,label_1,label_0,0.97566157579422,0.02433842420578003,1004.4506225585938,1264.0743408203125,-259.62371826171875
jbshield-gemma-phase2-gemma-2-27b-it,gemma-2-27b-it,user_prompt,2,direct_harmful_vs_harmless,direct_harmful,none,0.977259635925293,0.02274036407470703,1012.0225219726562,1273.7606201171875,-261.73809814453125
jbshield-gemma-phase2-gemma-2-27b-it,gemma-2-27b-it,user_prompt,2,attack_vs_direct_harmful,autodan,direct_harmful,0.9960277676582336,0.003972232341766357,986.1388549804688,1012.0225219726562,-25.8836669921875
jbshield-gemma-phase2-gemma-2-27b-it,gemma-2-27b-it,user_prompt,2,attack_vs_harmless,autodan,none,0.9771371483802795,0.02286285161972046,986.1388549804688,1273.7606201171875,-287.62176513671875
jbshield-gemma-phase2-gemma-2-27b-it,gemma-2-27b-it,user_prompt,2,attack_vs_direct_harmful,base64,direct_harmful,0.9573704600334167,0.04262953996658325,1073.6802978515625,1012.0225219726562,61.65777587890625
jbshield-gemma-phase2-gemma-2-27b-it,gemma-2-27b-it,user_prompt,2,attack_vs_harmless,base64,none,0.9369252324104309,0.06307476758956909,1073.6802978515625,1273.7606201171875,-200.080322265625
jbshield-gemma-phase2-gemma-2-27b-it,gemma-2-27b-it,user_prompt,2,attack_vs_direct_harmful,drattack,direct_harmful,0.9891689419746399,0.010831058025360107,1025.9276123046875,1012.0225219726562,13.90509033203125
jbshield-gemma-phase2-gemma-2-27b-it,gemma-2-27b-it,user_prompt,2,attack_vs_harmless,drattack,none,0.9774100184440613,0.02258998155593872,1025.9276123046875,1273.7606201171875,-247.8330078125
jbshield-gemma-phase2-gemma-2-27b-it,gemma-2-27b-it,user_prompt,2,attack_vs_direct_harmful,gcg,direct_harmful,0.9961147904396057,0.003885209560394287,982.2421264648438,1012.0225219726562,-29.7803955078125
jbshield-gemma-phase2-gemma-2-27b-it,gemma-2-27b-it,user_prompt,2,attack_vs_harmless,gcg,none,0.9733062982559204,0.02669370174407959,982.2421264648438,1273.7606201171875,-291.51849365234375
jbshield-gemma-phase2-gemma-2-27b-it,gemma-2-27b-it,user_prompt,2,attack_vs_direct_harmful,ijp,direct_harmful,0.9920907020568848,0.007909297943115234,992.2747802734375,1012.0225219726562,-19.74774169921875
jbshield-gemma-phase2-gemma-2-27b-it,gemma-2-27b-it,user_prompt,2,attack_vs_harmless,ijp,none,0.9776235222816467,0.02237647771835327,992.2747802734375,1273.7606201171875,-281.48583984375
jbshield-gemma-phase2-gemma-2-27b-it,gemma-2-27b-it,user_prompt,2,attack_vs_direct_harmful,pair,direct_harmful,0.9963464736938477,0.0036535263061523438,990.3165283203125,1012.0225219726562,-21.70599365234375
jbshield-gemma-phase2-gemma-2-27b-it,gemma-2-27b-it,user_prompt,2,attack_vs_harmless,pair,none,0.978008508682251,0.021991491317749023,990.3165283203125,1273.7606201171875,-283.444091796875
jbshield-gemma-phase2-gemma-2-27b-it,gemma-2-27b-it,user_prompt,2,attack_vs_direct_harmful,puzzler,direct_harmful,0.9925813674926758,0.007418632507324219,973.3577270507812,1012.0225219726562,-38.664794921875
jbshield-gemma-phase2-gemma-2-27b-it,gemma-2-27b-it,user_prompt,2,attack_vs_harmless,puzzler,none,0.9755720496177673,0.024427950382232666,973.3577270507812,1273.7606201171875,-300.40289306640625
jbshield-gemma-phase2-gemma-2-27b-it,gemma-2-27b-it,user_prompt,2,attack_vs_direct_harmful,saa,direct_harmful,0.9842212796211243,0.015778720378875732,1033.326171875,1012.0225219726562,21.30364990234375
jbshield-gemma-phase2-gemma-2-27b-it,gemma-2-27b-it,user_prompt,2,attack_vs_harmless,saa,none,0.9769384264945984,0.02306157350540161,1033.326171875,1273.7606201171875,-240.4344482421875
jbshield-gemma-phase2-gemma-2-27b-it,gemma-2-27b-it,user_prompt,2,attack_vs_direct_harmful,zulu,direct_harmful,0.9659736156463623,0.034026384353637695,1028.5213623046875,1012.0225219726562,16.49884033203125
jbshield-gemma-phase2-gemma-2-27b-it,gemma-2-27b-it,user_prompt,2,attack_vs_harmless,zulu,none,0.9391081929206848,0.060891807079315186,1028.5213623046875,1273.7606201171875,-245.2392578125
jbshield-gemma-phase2-gemma-2-27b-it,gemma-2-27b-it,user_prompt,3,label_1_vs_label_0,label_1,label_0,0.9461285471916199,0.05387145280838013,1138.7105712890625,1610.9630126953125,-472.25244140625
jbshield-gemma-phase2-gemma-2-27b-it,gemma-2-27b-it,user_prompt,3,direct_harmful_vs_harmless,direct_harmful,none,0.9633047580718994,0.036695241928100586,1225.4996337890625,1626.1142578125,-400.6146240234375
jbshield-gemma-phase2-gemma-2-27b-it,gemma-2-27b-it,user_prompt,3,attack_vs_direct_harmful,autodan,direct_harmful,0.9950767159461975,0.00492328405380249,1129.7633056640625,1225.4996337890625,-95.736328125
jbshield-gemma-phase2-gemma-2-27b-it,gemma-2-27b-it,user_prompt,3,attack_vs_harmless,autodan,none,0.948825478553772,0.05117452144622803,1129.7633056640625,1626.1142578125,-496.3509521484375
jbshield-gemma-phase2-gemma-2-27b-it,gemma-2-27b-it,user_prompt,3,attack_vs_direct_harmful,base64,direct_harmful,0.9514398574829102,0.048560142517089844,1153.7349853515625,1225.4996337890625,-71.7646484375
jbshield-gemma-phase2-gemma-2-27b-it,gemma-2-27b-it,user_prompt,3,attack_vs_harmless,base64,none,0.8933894038200378,0.10661059617996216,1153.7349853515625,1626.1142578125,-472.3792724609375
jbshield-gemma-phase2-gemma-2-27b-it,gemma-2-27b-it,user_prompt,3,attack_vs_direct_harmful,drattack,direct_harmful,0.9867182970046997,0.013281702995300293,1110.373046875,1225.4996337890625,-115.1265869140625
jbshield-gemma-phase2-gemma-2-27b-it,gemma-2-27b-it,user_prompt,3,attack_vs_harmless,drattack,none,0.9421581029891968,0.05784189701080322,1110.373046875,1626.1142578125,-515.7412109375
jbshield-gemma-phase2-gemma-2-27b-it,gemma-2-27b-it,user_prompt,3,attack_vs_direct_harmful,gcg,direct_harmful,0.9963341355323792,0.0036658644676208496,1195.6649169921875,1225.4996337890625,-29.834716796875
jbshield-gemma-phase2-gemma-2-27b-it,gemma-2-27b-it,user_prompt,3,attack_vs_harmless,gcg,none,0.9557040929794312,0.04429590702056885,1195.6649169921875,1626.1142578125,-430.4493408203125
jbshield-gemma-phase2-gemma-2-27b-it,gemma-2-27b-it,user_prompt,3,attack_vs_direct_harmful,ijp,direct_harmful,0.9894384741783142,0.010561525821685791,1090.1705322265625,1225.4996337890625,-135.3291015625
jbshield-gemma-phase2-gemma-2-27b-it,gemma-2-27b-it,user_prompt,3,attack_vs_harmless,ijp,none,0.9415755271911621,0.05842447280883789,1090.1705322265625,1626.1142578125,-535.9437255859375
jbshield-gemma-phase2-gemma-2-27b-it,gemma-2-27b-it,user_prompt,3,attack_vs_direct_harmful,pair,direct_harmful,0.9953707456588745,0.004629254341125488,1124.0731201171875,1225.4996337890625,-101.426513671875
jbshield-gemma-phase2-gemma-2-27b-it,gemma-2-27b-it,user_prompt,3,attack_vs_harmless,pair,none,0.9508658647537231,0.049134135246276855,1124.0731201171875,1626.1142578125,-502.0411376953125
jbshield-gemma-phase2-gemma-2-27b-it,gemma-2-27b-it,user_prompt,3,attack_vs_direct_harmful,puzzler,direct_harmful,0.9879987239837646,0.012001276016235352,1063.7454833984375,1225.4996337890625,-161.754150390625
jbshield-gemma-phase2-gemma-2-27b-it,gemma-2-27b-it,user_prompt,3,attack_vs_harmless,puzzler,none,0.9355888962745667,0.06441110372543335,1063.7454833984375,1626.1142578125,-562.3687744140625
jbshield-gemma-phase2-gemma-2-27b-it,gemma-2-27b-it,user_prompt,3,attack_vs_direct_harmful,saa,direct_harmful,0.9833477735519409,0.016652226448059082,1118.486328125,1225.4996337890625,-107.0133056640625
jbshield-gemma-phase2-gemma-2-27b-it,gemma-2-27b-it,user_prompt,3,attack_vs_harmless,saa,none,0.9450098276138306,0.054990172386169434,1118.486328125,1626.1142578125,-507.6279296875
jbshield-gemma-phase2-gemma-2-27b-it,gemma-2-27b-it,user_prompt,3,attack_vs_direct_harmful,zulu,direct_harmful,0.9670572280883789,0.032942771911621094,1255.516357421875,1225.4996337890625,30.0167236328125
jbshield-gemma-phase2-gemma-2-27b-it,gemma-2-27b-it,user_prompt,3,attack_vs_harmless,zulu,none,0.9155622124671936,0.0844377875328064,1255.516357421875,1626.1142578125,-370.597900390625
jbshield-gemma-phase2-gemma-2-27b-it,gemma-2-27b-it,user_prompt,4,label_1_vs_label_0,label_1,label_0,0.9195374250411987,0.08046257495880127,1091.0384521484375,1573.7703857421875,-482.73193359375
jbshield-gemma-phase2-gemma-2-27b-it,gemma-2-27b-it,user_prompt,4,direct_harmful_vs_harmless,direct_harmful,none,0.9528858661651611,0.04711413383483887,1206.0479736328125,1588.703125,-382.6551513671875
jbshield-gemma-phase2-gemma-2-27b-it,gemma-2-27b-it,user_prompt,4,attack_vs_direct_harmful,autodan,direct_harmful,0.9929150938987732,0.007084906101226807,1098.8238525390625,1206.0479736328125,-107.22412109375
jbshield-gemma-phase2-gemma-2-27b-it,gemma-2-27b-it,user_prompt,4,attack_vs_harmless,autodan,none,0.9286336302757263,0.07136636972427368,1098.8238525390625,1588.703125,-489.8792724609375
jbshield-gemma-phase2-gemma-2-27b-it,gemma-2-27b-it,user_prompt,4,attack_vs_direct_harmful,base64,direct_harmful,0.9389392137527466,0.06106078624725342,1105.384521484375,1206.0479736328125,-100.6634521484375
jbshield-gemma-phase2-gemma-2-27b-it,gemma-2-27b-it,user_prompt,4,attack_vs_harmless,base64,none,0.8531625270843506,0.14683747291564941,1105.384521484375,1588.703125,-483.318603515625
jbshield-gemma-phase2-gemma-2-27b-it,gemma-2-27b-it,user_prompt,4,attack_vs_direct_harmful,drattack,direct_harmful,0.98188716173172,0.01811283826828003,1071.0936279296875,1206.0479736328125,-134.954345703125
jbshield-gemma-phase2-gemma-2-27b-it,gemma-2-27b-it,user_prompt,4,attack_vs_harmless,drattack,none,0.9169678092002869,0.08303219079971313,1071.0936279296875,1588.703125,-517.6094970703125
jbshield-gemma-phase2-gemma-2-27b-it,gemma-2-27b-it,user_prompt,4,attack_vs_direct_harmful,gcg,direct_harmful,0.994483232498169,0.005516767501831055,1153.4556884765625,1206.0479736328125,-52.59228515625
jbshield-gemma-phase2-gemma-2-27b-it,gemma-2-27b-it,user_prompt,4,attack_vs_harmless,gcg,none,0.9354122281074524,0.06458777189254761,1153.4556884765625,1588.703125,-435.2474365234375
jbshield-gemma-phase2-gemma-2-27b-it,gemma-2-27b-it,user_prompt,4,attack_vs_direct_harmful,ijp,direct_harmful,0.9852592945098877,0.014740705490112305,1053.5340576171875,1206.0479736328125,-152.513916015625
jbshield-gemma-phase2-gemma-2-27b-it,gemma-2-27b-it,user_prompt,4,attack_vs_harmless,ijp,none,0.9168108105659485,0.08318918943405151,1053.5340576171875,1588.703125,-535.1690673828125
jbshield-gemma-phase2-gemma-2-27b-it,gemma-2-27b-it,user_prompt,4,attack_vs_direct_harmful,pair,direct_harmful,0.9937968850135803,0.006203114986419678,1096.83740234375,1206.0479736328125,-109.2105712890625
jbshield-gemma-phase2-gemma-2-27b-it,gemma-2-27b-it,user_prompt,4,attack_vs_harmless,pair,none,0.9341158866882324,0.06588411331176758,1096.83740234375,1588.703125,-491.86572265625
jbshield-gemma-phase2-gemma-2-27b-it,gemma-2-27b-it,user_prompt,4,attack_vs_direct_harmful,puzzler,direct_harmful,0.9845761060714722,0.015423893928527832,1035.0916748046875,1206.0479736328125,-170.956298828125
jbshield-gemma-phase2-gemma-2-27b-it,gemma-2-27b-it,user_prompt,4,attack_vs_harmless,puzzler,none,0.9132632613182068,0.08673673868179321,1035.0916748046875,1588.703125,-553.6114501953125
jbshield-gemma-phase2-gemma-2-27b-it,gemma-2-27b-it,user_prompt,4,attack_vs_direct_harmful,saa,direct_harmful,0.9781039953231812,0.021896004676818848,1065.7108154296875,1206.0479736328125,-140.337158203125
jbshield-gemma-phase2-gemma-2-27b-it,gemma-2-27b-it,user_prompt,4,attack_vs_harmless,saa,none,0.9181697368621826,0.08183026313781738,1065.7108154296875,1588.703125,-522.9923095703125
jbshield-gemma-phase2-gemma-2-27b-it,gemma-2-27b-it,user_prompt,4,attack_vs_direct_harmful,zulu,direct_harmful,0.9459909796714783,0.05400902032852173,1170.2340087890625,1206.0479736328125,-35.81396484375
jbshield-gemma-phase2-gemma-2-27b-it,gemma-2-27b-it,user_prompt,4,attack_vs_harmless,zulu,none,0.8572301268577576,0.14276987314224243,1170.2340087890625,1588.703125,-418.4691162109375
jbshield-gemma-phase2-gemma-2-27b-it,gemma-2-27b-it,user_prompt,5,label_1_vs_label_0,label_1,label_0,0.9061564207077026,0.09384357929229736,1088.9039306640625,1543.659423828125,-454.7554931640625
jbshield-gemma-phase2-gemma-2-27b-it,gemma-2-27b-it,user_prompt,5,direct_harmful_vs_harmless,direct_harmful,none,0.9439958333969116,0.05600416660308838,1197.25,1558.1912841796875,-360.9412841796875
jbshield-gemma-phase2-gemma-2-27b-it,gemma-2-27b-it,user_prompt,5,attack_vs_direct_harmful,autodan,direct_harmful,0.9917923808097839,0.008207619190216064,1095.7037353515625,1197.25,-101.5462646484375
jbshield-gemma-phase2-gemma-2-27b-it,gemma-2-27b-it,user_prompt,5,attack_vs_harmless,autodan,none,0.9162492752075195,0.08375072479248047,1095.7037353515625,1558.1912841796875,-462.487548828125
jbshield-gemma-phase2-gemma-2-27b-it,gemma-2-27b-it,user_prompt,5,attack_vs_direct_harmful,base64,direct_harmful,0.9343947172164917,0.0656052827835083,1094.8511962890625,1197.25,-102.3988037109375
jbshield-gemma-phase2-gemma-2-27b-it,gemma-2-27b-it,user_prompt,5,attack_vs_harmless,base64,none,0.8315138220787048,0.16848617792129517,1094.8511962890625,1558.1912841796875,-463.340087890625
jbshield-gemma-phase2-gemma-2-27b-it,gemma-2-27b-it,user_prompt,5,attack_vs_direct_harmful,drattack,direct_harmful,0.9798848032951355,0.020115196704864502,1073.1580810546875,1197.25,-124.0919189453125
jbshield-gemma-phase2-gemma-2-27b-it,gemma-2-27b-it,user_prompt,5,attack_vs_harmless,drattack,none,0.9048738479614258,0.09512615203857422,1073.1580810546875,1558.1912841796875,-485.033203125
jbshield-gemma-phase2-gemma-2-27b-it,gemma-2-27b-it,user_prompt,5,attack_vs_direct_harmful,gcg,direct_harmful,0.9928132891654968,0.007186710834503174,1144.692626953125,1197.25,-52.557373046875
jbshield-gemma-phase2-gemma-2-27b-it,gemma-2-27b-it,user_prompt,5,attack_vs_harmless,gcg,none,0.9208397269248962,0.07916027307510376,1144.692626953125,1558.1912841796875,-413.4986572265625
jbshield-gemma-phase2-gemma-2-27b-it,gemma-2-27b-it,user_prompt,5,attack_vs_direct_harmful,ijp,direct_harmful,0.9839344620704651,0.016065537929534912,1055.0015869140625,1197.25,-142.2484130859375
jbshield-gemma-phase2-gemma-2-27b-it,gemma-2-27b-it,user_prompt,5,attack_vs_harmless,ijp,none,0.9054826498031616,0.09451735019683838,1055.0015869140625,1558.1912841796875,-503.189697265625
jbshield-gemma-phase2-gemma-2-27b-it,gemma-2-27b-it,user_prompt,5,attack_vs_direct_harmful,pair,direct_harmful,0.9929237365722656,0.007076263427734375,1095.95654296875,1197.25,-101.29345703125
jbshield-gemma-phase2-gemma-2-27b-it,gemma-2-27b-it,user_prompt,5,attack_vs_harmless,pair,none,0.9253864884376526,0.07461351156234741,1095.95654296875,1558.1912841796875,-462.2347412109375
jbshield-gemma-phase2-gemma-2-27b-it,gemma-2-27b-it,user_prompt,5,attack_vs_direct_harmful,puzzler,direct_harmful,0.9839955568313599,0.016004443168640137,1046.067626953125,1197.25,-151.182373046875
jbshield-gemma-phase2-gemma-2-27b-it,gemma-2-27b-it,user_prompt,5,attack_vs_harmless,puzzler,none,0.9041262865066528,0.09587371349334717,1046.067626953125,1558.1912841796875,-512.1236572265625
jbshield-gemma-phase2-gemma-2-27b-it,gemma-2-27b-it,user_prompt,5,attack_vs_direct_harmful,saa,direct_harmful,0.9756372570991516,0.02436274290084839,1065.4466552734375,1197.25,-131.8033447265625
jbshield-gemma-phase2-gemma-2-27b-it,gemma-2-27b-it,user_prompt,5,attack_vs_harmless,saa,none,0.9056331515312195,0.09436684846878052,1065.4466552734375,1558.1912841796875,-492.74462890625
jbshield-gemma-phase2-gemma-2-27b-it,gemma-2-27b-it,user_prompt,5,attack_vs_direct_harmful,zulu,direct_harmful,0.9409042000770569,0.059095799922943115,1179.3001708984375,1197.25,-17.9498291015625
jbshield-gemma-phase2-gemma-2-27b-it,gemma-2-27b-it,user_prompt,5,attack_vs_harmless,zulu,none,0.8371219038963318,0.1628780961036682,1179.3001708984375,1558.1912841796875,-378.89111328125
jbshield-gemma-phase2-gemma-2-27b-it,gemma-2-27b-it,user_prompt,6,label_1_vs_label_0,label_1,label_0,0.8957487344741821,0.10425126552581787,1161.525634765625,1658.67578125,-497.150146484375
jbshield-gemma-phase2-gemma-2-27b-it,gemma-2-27b-it,user_prompt,6,direct_harmful_vs_harmless,direct_harmful,none,0.9337425827980042,0.06625741720199585,1259.922607421875,1675.6220703125,-415.699462890625
jbshield-gemma-phase2-gemma-2-27b-it,gemma-2-27b-it,user_prompt,6,attack_vs_direct_harmful,autodan,direct_harmful,0.9914780855178833,0.0085219144821167,1159.99755859375,1259.922607421875,-99.925048828125
jbshield-gemma-phase2-gemma-2-27b-it,gemma-2-27b-it,user_prompt,6,attack_vs_harmless,autodan,none,0.9039511680603027,0.09604883193969727,1159.99755859375,1675.6220703125,-515.62451171875
jbshield-gemma-phase2-gemma-2-27b-it,gemma-2-27b-it,user_prompt,6,attack_vs_direct_harmful,base64,direct_harmful,0.9293354153633118,0.07066458463668823,1162.0162353515625,1259.922607421875,-97.9063720703125
jbshield-gemma-phase2-gemma-2-27b-it,gemma-2-27b-it,user_prompt,6,attack_vs_harmless,base64,none,0.8106465935707092,0.18935340642929077,1162.0162353515625,1675.6220703125,-513.6058349609375
jbshield-gemma-phase2-gemma-2-27b-it,gemma-2-27b-it,user_prompt,6,attack_vs_direct_harmful,drattack,direct_harmful,0.9792214035987854,0.0207785964012146,1154.0692138671875,1259.922607421875,-105.8533935546875
jbshield-gemma-phase2-gemma-2-27b-it,gemma-2-27b-it,user_prompt,6,attack_vs_harmless,drattack,none,0.8981293439865112,0.10187065601348877,1154.0692138671875,1675.6220703125,-521.5528564453125
jbshield-gemma-phase2-gemma-2-27b-it,gemma-2-27b-it,user_prompt,6,attack_vs_direct_harmful,gcg,direct_harmful,0.9911683797836304,0.008831620216369629,1199.1400146484375,1259.922607421875,-60.7825927734375
jbshield-gemma-phase2-gemma-2-27b-it,gemma-2-27b-it,user_prompt,6,attack_vs_harmless,gcg,none,0.9040108919143677,0.09598910808563232,1199.1400146484375,1675.6220703125,-476.4820556640625
jbshield-gemma-phase2-gemma-2-27b-it,gemma-2-27b-it,user_prompt,6,attack_vs_direct_harmful,ijp,direct_harmful,0.9833434820175171,0.01665651798248291,1132.5452880859375,1259.922607421875,-127.3773193359375
jbshield-gemma-phase2-gemma-2-27b-it,gemma-2-27b-it,user_prompt,6,attack_vs_harmless,ijp,none,0.897032618522644,0.10296738147735596,1132.5452880859375,1675.6220703125,-543.0767822265625
jbshield-gemma-phase2-gemma-2-27b-it,gemma-2-27b-it,user_prompt,6,attack_vs_direct_harmful,pair,direct_harmful,0.9931517243385315,0.006848275661468506,1171.7095947265625,1259.922607421875,-88.2130126953125
jbshield-gemma-phase2-gemma-2-27b-it,gemma-2-27b-it,user_prompt,6,attack_vs_harmless,pair,none,0.9179301857948303,0.08206981420516968,1171.7095947265625,1675.6220703125,-503.9124755859375
jbshield-gemma-phase2-gemma-2-27b-it,gemma-2-27b-it,user_prompt,6,attack_vs_direct_harmful,puzzler,direct_harmful,0.9839809536933899,0.016019046306610107,1134.4776611328125,1259.922607421875,-125.4449462890625
jbshield-gemma-phase2-gemma-2-27b-it,gemma-2-27b-it,user_prompt,6,attack_vs_harmless,puzzler,none,0.8991592526435852,0.1008407473564148,1134.4776611328125,1675.6220703125,-541.1444091796875
jbshield-gemma-phase2-gemma-2-27b-it,gemma-2-27b-it,user_prompt,6,attack_vs_direct_harmful,saa,direct_harmful,0.9736354947090149,0.026364505290985107,1139.5751953125,1259.922607421875,-120.347412109375
jbshield-gemma-phase2-gemma-2-27b-it,gemma-2-27b-it,user_prompt,6,attack_vs_harmless,saa,none,0.896491527557373,0.10350847244262695,1139.5751953125,1675.6220703125,-536.046875
jbshield-gemma-phase2-gemma-2-27b-it,gemma-2-27b-it,user_prompt,6,attack_vs_direct_harmful,zulu,direct_harmful,0.9447002410888672,0.05529975891113281,1279.340087890625,1259.922607421875,19.41748046875
jbshield-gemma-phase2-gemma-2-27b-it,gemma-2-27b-it,user_prompt,6,attack_vs_harmless,zulu,none,0.8319092988967896,0.16809070110321045,1279.340087890625,1675.6220703125,-396.281982421875
jbshield-gemma-phase2-gemma-2-27b-it,gemma-2-27b-it,user_prompt,7,label_1_vs_label_0,label_1,label_0,0.9338473081588745,0.06615269184112549,1427.864013671875,1941.3875732421875,-513.5235595703125
jbshield-gemma-phase2-gemma-2-27b-it,gemma-2-27b-it,user_prompt,7,direct_harmful_vs_harmless,direct_harmful,none,0.9569268822669983,0.04307311773300171,1554.42041015625,1957.34521484375,-402.9248046875
jbshield-gemma-phase2-gemma-2-27b-it,gemma-2-27b-it,user_prompt,7,attack_vs_direct_harmful,autodan,direct_harmful,0.9920100569725037,0.007989943027496338,1420.4215087890625,1554.42041015625,-133.9989013671875
jbshield-gemma-phase2-gemma-2-27b-it,gemma-2-27b-it,user_prompt,7,attack_vs_harmless,autodan,none,0.9363709688186646,0.06362903118133545,1420.4215087890625,1957.34521484375,-536.9237060546875
jbshield-gemma-phase2-gemma-2-27b-it,gemma-2-27b-it,user_prompt,7,attack_vs_direct_harmful,base64,direct_harmful,0.9446651339530945,0.05533486604690552,1415.877197265625,1554.42041015625,-138.543212890625
jbshield-gemma-phase2-gemma-2-27b-it,gemma-2-27b-it,user_prompt,7,attack_vs_harmless,base64,none,0.8803656101226807,0.11963438987731934,1415.877197265625,1957.34521484375,-541.468017578125
jbshield-gemma-phase2-gemma-2-27b-it,gemma-2-27b-it,user_prompt,7,attack_vs_direct_harmful,drattack,direct_harmful,0.9780934453010559,0.021906554698944092,1392.9144287109375,1554.42041015625,-161.5059814453125
jbshield-gemma-phase2-gemma-2-27b-it,gemma-2-27b-it,user_prompt,7,attack_vs_harmless,drattack,none,0.9288871884346008,0.07111281156539917,1392.9144287109375,1957.34521484375,-564.4307861328125
jbshield-gemma-phase2-gemma-2-27b-it,gemma-2-27b-it,user_prompt,7,attack_vs_direct_harmful,gcg,direct_harmful,0.9918691515922546,0.008130848407745361,1476.770263671875,1554.42041015625,-77.650146484375
jbshield-gemma-phase2-gemma-2-27b-it,gemma-2-27b-it,user_prompt,7,attack_vs_harmless,gcg,none,0.9354274868965149,0.06457251310348511,1476.770263671875,1957.34521484375,-480.574951171875
jbshield-gemma-phase2-gemma-2-27b-it,gemma-2-27b-it,user_prompt,7,attack_vs_direct_harmful,ijp,direct_harmful,0.981583833694458,0.018416166305541992,1373.7686767578125,1554.42041015625,-180.6517333984375
jbshield-gemma-phase2-gemma-2-27b-it,gemma-2-27b-it,user_prompt,7,attack_vs_harmless,ijp,none,0.9287487864494324,0.07125121355056763,1373.7686767578125,1957.34521484375,-583.5765380859375
jbshield-gemma-phase2-gemma-2-27b-it,gemma-2-27b-it,user_prompt,7,attack_vs_direct_harmful,pair,direct_harmful,0.993288516998291,0.006711483001708984,1421.4256591796875,1554.42041015625,-132.9947509765625
jbshield-gemma-phase2-gemma-2-27b-it,gemma-2-27b-it,user_prompt,7,attack_vs_harmless,pair,none,0.9441932439804077,0.055806756019592285,1421.4256591796875,1957.34521484375,-535.9195556640625
jbshield-gemma-phase2-gemma-2-27b-it,gemma-2-27b-it,user_prompt,7,attack_vs_direct_harmful,puzzler,direct_harmful,0.9777348041534424,0.022265195846557617,1372.7252197265625,1554.42041015625,-181.6951904296875
jbshield-gemma-phase2-gemma-2-27b-it,gemma-2-27b-it,user_prompt,7,attack_vs_harmless,puzzler,none,0.927660346031189,0.07233965396881104,1372.7252197265625,1957.34521484375,-584.6199951171875
jbshield-gemma-phase2-gemma-2-27b-it,gemma-2-27b-it,user_prompt,7,attack_vs_direct_harmful,saa,direct_harmful,0.9738814830780029,0.02611851692199707,1374.8494873046875,1554.42041015625,-179.5709228515625
jbshield-gemma-phase2-gemma-2-27b-it,gemma-2-27b-it,user_prompt,7,attack_vs_harmless,saa,none,0.9279553294181824,0.07204467058181763,1374.8494873046875,1957.34521484375,-582.4957275390625
jbshield-gemma-phase2-gemma-2-27b-it,gemma-2-27b-it,user_prompt,7,attack_vs_direct_harmful,zulu,direct_harmful,0.9622254371643066,0.03777456283569336,1639.9058837890625,1554.42041015625,85.4854736328125
jbshield-gemma-phase2-gemma-2-27b-it,gemma-2-27b-it,user_prompt,7,attack_vs_harmless,zulu,none,0.9035653471946716,0.09643465280532837,1639.9058837890625,1957.34521484375,-317.4393310546875
jbshield-gemma-phase2-gemma-2-27b-it,gemma-2-27b-it,user_prompt,8,label_1_vs_label_0,label_1,label_0,0.936953067779541,0.06304693222045898,1589.8055419921875,2174.1328125,-584.3272705078125
jbshield-gemma-phase2-gemma-2-27b-it,gemma-2-27b-it,user_prompt,8,direct_harmful_vs_harmless,direct_harmful,none,0.9638869166374207,0.036113083362579346,1773.0062255859375,2190.48828125,-417.4820556640625
jbshield-gemma-phase2-gemma-2-27b-it,gemma-2-27b-it,user_prompt,8,attack_vs_direct_harmful,autodan,direct_harmful,0.990402102470398,0.00959789752960205,1605.733154296875,1773.0062255859375,-167.2730712890625
jbshield-gemma-phase2-gemma-2-27b-it,gemma-2-27b-it,user_prompt,8,attack_vs_harmless,autodan,none,0.9422397017478943,0.05776029825210571,1605.733154296875,2190.48828125,-584.755126953125
jbshield-gemma-phase2-gemma-2-27b-it,gemma-2-27b-it,user_prompt,8,attack_vs_direct_harmful,base64,direct_harmful,0.9335469603538513,0.06645303964614868,1561.2813720703125,1773.0062255859375,-211.724853515625
jbshield-gemma-phase2-gemma-2-27b-it,gemma-2-27b-it,user_prompt,8,attack_vs_harmless,base64,none,0.8754429817199707,0.1245570182800293,1561.2813720703125,2190.48828125,-629.2069091796875
jbshield-gemma-phase2-gemma-2-27b-it,gemma-2-27b-it,user_prompt,8,attack_vs_direct_harmful,drattack,direct_harmful,0.9705053567886353,0.029494643211364746,1543.564453125,1773.0062255859375,-229.4417724609375
jbshield-gemma-phase2-gemma-2-27b-it,gemma-2-27b-it,user_prompt,8,attack_vs_harmless,drattack,none,0.9281296133995056,0.07187038660049438,1543.564453125,2190.48828125,-646.923828125
jbshield-gemma-phase2-gemma-2-27b-it,gemma-2-27b-it,user_prompt,8,attack_vs_direct_harmful,gcg,direct_harmful,0.9915688633918762,0.00843113660812378,1680.79150390625,1773.0062255859375,-92.2147216796875
jbshield-gemma-phase2-gemma-2-27b-it,gemma-2-27b-it,user_prompt,8,attack_vs_harmless,gcg,none,0.9443395137786865,0.05566048622131348,1680.79150390625,2190.48828125,-509.69677734375
jbshield-gemma-phase2-gemma-2-27b-it,gemma-2-27b-it,user_prompt,8,attack_vs_direct_harmful,ijp,direct_harmful,0.9757440090179443,0.024255990982055664,1527.0009765625,1773.0062255859375,-246.0052490234375
jbshield-gemma-phase2-gemma-2-27b-it,gemma-2-27b-it,user_prompt,8,attack_vs_harmless,ijp,none,0.929444432258606,0.07055556774139404,1527.0009765625,2190.48828125,-663.4873046875
jbshield-gemma-phase2-gemma-2-27b-it,gemma-2-27b-it,user_prompt,8,attack_vs_direct_harmful,pair,direct_harmful,0.9929630756378174,0.007036924362182617,1612.989501953125,1773.0062255859375,-160.0167236328125
jbshield-gemma-phase2-gemma-2-27b-it,gemma-2-27b-it,user_prompt,8,attack_vs_harmless,pair,none,0.9510895609855652,0.048910439014434814,1612.989501953125,2190.48828125,-577.498779296875
jbshield-gemma-phase2-gemma-2-27b-it,gemma-2-27b-it,user_prompt,8,attack_vs_direct_harmful,puzzler,direct_harmful,0.9658818244934082,0.0341181755065918,1520.5550537109375,1773.0062255859375,-252.451171875
jbshield-gemma-phase2-gemma-2-27b-it,gemma-2-27b-it,user_prompt,8,attack_vs_harmless,puzzler,none,0.9225889444351196,0.07741105556488037,1520.5550537109375,2190.48828125,-669.9332275390625
jbshield-gemma-phase2-gemma-2-27b-it,gemma-2-27b-it,user_prompt,8,attack_vs_direct_harmful,saa,direct_harmful,0.966719388961792,0.03328061103820801,1502.197998046875,1773.0062255859375,-270.8082275390625
jbshield-gemma-phase2-gemma-2-27b-it,gemma-2-27b-it,user_prompt,8,attack_vs_harmless,saa,none,0.9247222542762756,0.07527774572372437,1502.197998046875,2190.48828125,-688.290283203125
jbshield-gemma-phase2-gemma-2-27b-it,gemma-2-27b-it,user_prompt,8,attack_vs_direct_harmful,zulu,direct_harmful,0.9592142105102539,0.040785789489746094,1799.0313720703125,1773.0062255859375,26.025146484375
jbshield-gemma-phase2-gemma-2-27b-it,gemma-2-27b-it,user_prompt,8,attack_vs_harmless,zulu,none,0.9060162305831909,0.09398376941680908,1799.0313720703125,2190.48828125,-391.4569091796875
jbshield-gemma-phase2-gemma-2-27b-it,gemma-2-27b-it,user_prompt,9,label_1_vs_label_0,label_1,label_0,0.9342861175537109,0.06571388244628906,1705.2589111328125,2286.5185546875,-581.2596435546875
jbshield-gemma-phase2-gemma-2-27b-it,gemma-2-27b-it,user_prompt,9,direct_harmful_vs_harmless,direct_harmful,none,0.9634683132171631,0.036531686782836914,1897.298828125,2302.63427734375,-405.33544921875
jbshield-gemma-phase2-gemma-2-27b-it,gemma-2-27b-it,user_prompt,9,attack_vs_direct_harmful,autodan,direct_harmful,0.9881513118743896,0.011848688125610352,1714.4176025390625,1897.298828125,-182.8812255859375
jbshield-gemma-phase2-gemma-2-27b-it,gemma-2-27b-it,user_prompt,9,attack_vs_harmless,autodan,none,0.936306893825531,0.063693106174469,1714.4176025390625,2302.63427734375,-588.2166748046875
jbshield-gemma-phase2-gemma-2-27b-it,gemma-2-27b-it,user_prompt,9,attack_vs_direct_harmful,base64,direct_harmful,0.9324101209640503,0.06758987903594971,1674.19091796875,1897.298828125,-223.10791015625
jbshield-gemma-phase2-gemma-2-27b-it,gemma-2-27b-it,user_prompt,9,attack_vs_harmless,base64,none,0.8744699358940125,0.12553006410598755,1674.19091796875,2302.63427734375,-628.443359375
jbshield-gemma-phase2-gemma-2-27b-it,gemma-2-27b-it,user_prompt,9,attack_vs_direct_harmful,drattack,direct_harmful,0.9695716500282288,0.03042834997177124,1668.5172119140625,1897.298828125,-228.7816162109375
jbshield-gemma-phase2-gemma-2-27b-it,gemma-2-27b-it,user_prompt,9,attack_vs_harmless,drattack,none,0.9279851913452148,0.07201480865478516,1668.5172119140625,2302.63427734375,-634.1170654296875
jbshield-gemma-phase2-gemma-2-27b-it,gemma-2-27b-it,user_prompt,9,attack_vs_direct_harmful,gcg,direct_harmful,0.989189863204956,0.010810136795043945,1785.4537353515625,1897.298828125,-111.8450927734375
jbshield-gemma-phase2-gemma-2-27b-it,gemma-2-27b-it,user_prompt,9,attack_vs_harmless,gcg,none,0.9380797743797302,0.061920225620269775,1785.4537353515625,2302.63427734375,-517.1805419921875
jbshield-gemma-phase2-gemma-2-27b-it,gemma-2-27b-it,user_prompt,9,attack_vs_direct_harmful,ijp,direct_harmful,0.974433183670044,0.025566816329956055,1650.5716552734375,1897.298828125,-246.7271728515625
jbshield-gemma-phase2-gemma-2-27b-it,gemma-2-27b-it,user_prompt,9,attack_vs_harmless,ijp,none,0.9271201491355896,0.0728798508644104,1650.5716552734375,2302.63427734375,-652.0626220703125
jbshield-gemma-phase2-gemma-2-27b-it,gemma-2-27b-it,user_prompt,9,attack_vs_direct_harmful,pair,direct_harmful,0.9925394058227539,0.007460594177246094,1742.325439453125,1897.298828125,-154.973388671875
jbshield-gemma-phase2-gemma-2-27b-it,gemma-2-27b-it,user_prompt,9,attack_vs_harmless,pair,none,0.9506441354751587,0.04935586452484131,1742.325439453125,2302.63427734375,-560.308837890625
jbshield-gemma-phase2-gemma-2-27b-it,gemma-2-27b-it,user_prompt,9,attack_vs_direct_harmful,puzzler,direct_harmful,0.9621787071228027,0.037821292877197266,1657.6160888671875,1897.298828125,-239.6827392578125
jbshield-gemma-phase2-gemma-2-27b-it,gemma-2-27b-it,user_prompt,9,attack_vs_harmless,puzzler,none,0.9180518388748169,0.0819481611251831,1657.6160888671875,2302.63427734375,-645.0181884765625
jbshield-gemma-phase2-gemma-2-27b-it,gemma-2-27b-it,user_prompt,9,attack_vs_direct_harmful,saa,direct_harmful,0.9650449752807617,0.03495502471923828,1617.698974609375,1897.298828125,-279.599853515625
jbshield-gemma-phase2-gemma-2-27b-it,gemma-2-27b-it,user_prompt,9,attack_vs_harmless,saa,none,0.921521008014679,0.07847899198532104,1617.698974609375,2302.63427734375,-684.935302734375
jbshield-gemma-phase2-gemma-2-27b-it,gemma-2-27b-it,user_prompt,9,attack_vs_direct_harmful,zulu,direct_harmful,0.954982578754425,0.04501742124557495,1922.101806640625,1897.298828125,24.802978515625
jbshield-gemma-phase2-gemma-2-27b-it,gemma-2-27b-it,user_prompt,9,attack_vs_harmless,zulu,none,0.9010559916496277,0.09894400835037231,1922.101806640625,2302.63427734375,-380.532470703125
jbshield-gemma-phase2-gemma-2-27b-it,gemma-2-27b-it,user_prompt,10,label_1_vs_label_0,label_1,label_0,0.9521229863166809,0.04787701368331909,2355.05126953125,3371.644775390625,-1016.593505859375
jbshield-gemma-phase2-gemma-2-27b-it,gemma-2-27b-it,user_prompt,10,direct_harmful_vs_harmless,direct_harmful,none,0.9713315367698669,0.028668463230133057,2683.059326171875,3398.589599609375,-715.5302734375
jbshield-gemma-phase2-gemma-2-27b-it,gemma-2-27b-it,user_prompt,10,attack_vs_direct_harmful,autodan,direct_harmful,0.9888463616371155,0.011153638362884521,2376.191162109375,2683.059326171875,-306.8681640625
jbshield-gemma-phase2-gemma-2-27b-it,gemma-2-27b-it,user_prompt,10,attack_vs_harmless,autodan,none,0.9532382488250732,0.04676175117492676,2376.191162109375,3398.589599609375,-1022.3984375
jbshield-gemma-phase2-gemma-2-27b-it,gemma-2-27b-it,user_prompt,10,attack_vs_direct_harmful,base64,direct_harmful,0.9487179517745972,0.05128204822540283,2281.77978515625,2683.059326171875,-401.279541015625
jbshield-gemma-phase2-gemma-2-27b-it,gemma-2-27b-it,user_prompt,10,attack_vs_harmless,base64,none,0.9141885638237,0.08581143617630005,2281.77978515625,3398.589599609375,-1116.809814453125
jbshield-gemma-phase2-gemma-2-27b-it,gemma-2-27b-it,user_prompt,10,attack_vs_direct_harmful,drattack,direct_harmful,0.966092050075531,0.033907949924468994,2271.5830078125,2683.059326171875,-411.476318359375
jbshield-gemma-phase2-gemma-2-27b-it,gemma-2-27b-it,user_prompt,10,attack_vs_harmless,drattack,none,0.9353510141372681,0.06464898586273193,2271.5830078125,3398.589599609375,-1127.006591796875
jbshield-gemma-phase2-gemma-2-27b-it,gemma-2-27b-it,user_prompt,10,attack_vs_direct_harmful,gcg,direct_harmful,0.9906435012817383,0.009356498718261719,2485.123779296875,2683.059326171875,-197.935546875
jbshield-gemma-phase2-gemma-2-27b-it,gemma-2-27b-it,user_prompt,10,attack_vs_harmless,gcg,none,0.9561245441436768,0.04387545585632324,2485.123779296875,3398.589599609375,-913.4658203125
jbshield-gemma-phase2-gemma-2-27b-it,gemma-2-27b-it,user_prompt,10,attack_vs_direct_harmful,ijp,direct_harmful,0.9754242300987244,0.024575769901275635,2306.27197265625,2683.059326171875,-376.787353515625
jbshield-gemma-phase2-gemma-2-27b-it,gemma-2-27b-it,user_prompt,10,attack_vs_harmless,ijp,none,0.9455370903015137,0.05446290969848633,2306.27197265625,3398.589599609375,-1092.317626953125
jbshield-gemma-phase2-gemma-2-27b-it,gemma-2-27b-it,user_prompt,10,attack_vs_direct_harmful,pair,direct_harmful,0.993574857711792,0.006425142288208008,2469.767822265625,2683.059326171875,-213.29150390625
jbshield-gemma-phase2-gemma-2-27b-it,gemma-2-27b-it,user_prompt,10,attack_vs_harmless,pair,none,0.9645931720733643,0.03540682792663574,2469.767822265625,3398.589599609375,-928.82177734375
jbshield-gemma-phase2-gemma-2-27b-it,gemma-2-27b-it,user_prompt,10,attack_vs_direct_harmful,puzzler,direct_harmful,0.9571656584739685,0.042834341526031494,2377.025390625,2683.059326171875,-306.033935546875
jbshield-gemma-phase2-gemma-2-27b-it,gemma-2-27b-it,user_prompt,10,attack_vs_harmless,puzzler,none,0.9307610392570496,0.06923896074295044,2377.025390625,3398.589599609375,-1021.564208984375
jbshield-gemma-phase2-gemma-2-27b-it,gemma-2-27b-it,user_prompt,10,attack_vs_direct_harmful,saa,direct_harmful,0.9678468108177185,0.032153189182281494,2227.652587890625,2683.059326171875,-455.40673828125
jbshield-gemma-phase2-gemma-2-27b-it,gemma-2-27b-it,user_prompt,10,attack_vs_harmless,saa,none,0.9402105808258057,0.059789419174194336,2227.652587890625,3398.589599609375,-1170.93701171875
jbshield-gemma-phase2-gemma-2-27b-it,gemma-2-27b-it,user_prompt,10,attack_vs_direct_harmful,zulu,direct_harmful,0.9602132439613342,0.03978675603866577,2552.89794921875,2683.059326171875,-130.161376953125
jbshield-gemma-phase2-gemma-2-27b-it,gemma-2-27b-it,user_prompt,10,attack_vs_harmless,zulu,none,0.9229117035865784,0.07708829641342163,2552.89794921875,3398.589599609375,-845.691650390625
jbshield-gemma-phase2-gemma-2-27b-it,gemma-2-27b-it,user_prompt,11,label_1_vs_label_0,label_1,label_0,0.944452166557312,0.05554783344268799,2529.864013671875,3795.842529296875,-1265.978515625
jbshield-gemma-phase2-gemma-2-27b-it,gemma-2-27b-it,user_prompt,11,direct_harmful_vs_harmless,direct_harmful,none,0.9729205369949341,0.027079463005065918,3078.259521484375,3824.030517578125,-745.77099609375
jbshield-gemma-phase2-gemma-2-27b-it,gemma-2-27b-it,user_prompt,11,attack_vs_direct_harmful,autodan,direct_harmful,0.9868535399436951,0.013146460056304932,2607.177490234375,3078.259521484375,-471.08203125
jbshield-gemma-phase2-gemma-2-27b-it,gemma-2-27b-it,user_prompt,11,attack_vs_harmless,autodan,none,0.9473934769630432,0.05260652303695679,2607.177490234375,3824.030517578125,-1216.85302734375
jbshield-gemma-phase2-gemma-2-27b-it,gemma-2-27b-it,user_prompt,11,attack_vs_direct_harmful,base64,direct_harmful,0.9351477026939392,0.06485229730606079,2394.7470703125,3078.259521484375,-683.512451171875
jbshield-gemma-phase2-gemma-2-27b-it,gemma-2-27b-it,user_prompt,11,attack_vs_harmless,base64,none,0.8885515928268433,0.11144840717315674,2394.7470703125,3824.030517578125,-1429.283447265625
jbshield-gemma-phase2-gemma-2-27b-it,gemma-2-27b-it,user_prompt,11,attack_vs_direct_harmful,drattack,direct_harmful,0.9612900018692017,0.03870999813079834,2469.854736328125,3078.259521484375,-608.40478515625
jbshield-gemma-phase2-gemma-2-27b-it,gemma-2-27b-it,user_prompt,11,attack_vs_harmless,drattack,none,0.9267226457595825,0.07327735424041748,2469.854736328125,3824.030517578125,-1354.17578125
jbshield-gemma-phase2-gemma-2-27b-it,gemma-2-27b-it,user_prompt,11,attack_vs_direct_harmful,gcg,direct_harmful,0.9887712597846985,0.011228740215301514,2731.639892578125,3078.259521484375,-346.61962890625
jbshield-gemma-phase2-gemma-2-27b-it,gemma-2-27b-it,user_prompt,11,attack_vs_harmless,gcg,none,0.9511590003967285,0.048840999603271484,2731.639892578125,3824.030517578125,-1092.390625
jbshield-gemma-phase2-gemma-2-27b-it,gemma-2-27b-it,user_prompt,11,attack_vs_direct_harmful,ijp,direct_harmful,0.9743548631668091,0.025645136833190918,2486.573486328125,3078.259521484375,-591.68603515625
jbshield-gemma-phase2-gemma-2-27b-it,gemma-2-27b-it,user_prompt,11,attack_vs_harmless,ijp,none,0.9400723576545715,0.05992764234542847,2486.573486328125,3824.030517578125,-1337.45703125
jbshield-gemma-phase2-gemma-2-27b-it,gemma-2-27b-it,user_prompt,11,attack_vs_direct_harmful,pair,direct_harmful,0.9932892918586731,0.006710708141326904,2780.714111328125,3078.259521484375,-297.54541015625
jbshield-gemma-phase2-gemma-2-27b-it,gemma-2-27b-it,user_prompt,11,attack_vs_harmless,pair,none,0.9646731019020081,0.03532689809799194,2780.714111328125,3824.030517578125,-1043.31640625
jbshield-gemma-phase2-gemma-2-27b-it,gemma-2-27b-it,user_prompt,11,attack_vs_direct_harmful,puzzler,direct_harmful,0.951657772064209,0.048342227935791016,2555.998046875,3078.259521484375,-522.261474609375
jbshield-gemma-phase2-gemma-2-27b-it,gemma-2-27b-it,user_prompt,11,attack_vs_harmless,puzzler,none,0.9180455803871155,0.08195441961288452,2555.998046875,3824.030517578125,-1268.032470703125
jbshield-gemma-phase2-gemma-2-27b-it,gemma-2-27b-it,user_prompt,11,attack_vs_direct_harmful,saa,direct_harmful,0.9667194485664368,0.03328055143356323,2367.60009765625,3078.259521484375,-710.659423828125
jbshield-gemma-phase2-gemma-2-27b-it,gemma-2-27b-it,user_prompt,11,attack_vs_harmless,saa,none,0.9326238036155701,0.06737619638442993,2367.60009765625,3824.030517578125,-1456.430419921875
jbshield-gemma-phase2-gemma-2-27b-it,gemma-2-27b-it,user_prompt,11,attack_vs_direct_harmful,zulu,direct_harmful,0.9467599391937256,0.053240060806274414,2598.770751953125,3078.259521484375,-479.48876953125
jbshield-gemma-phase2-gemma-2-27b-it,gemma-2-27b-it,user_prompt,11,attack_vs_harmless,zulu,none,0.8969892859458923,0.10301071405410767,2598.770751953125,3824.030517578125,-1225.259765625
jbshield-gemma-phase2-gemma-2-27b-it,gemma-2-27b-it,user_prompt,12,label_1_vs_label_0,label_1,label_0,0.9526540637016296,0.04734593629837036,3001.917236328125,4477.34912109375,-1475.431884765625
jbshield-gemma-phase2-gemma-2-27b-it,gemma-2-27b-it,user_prompt,12,direct_harmful_vs_harmless,direct_harmful,none,0.9762075543403625,0.02379244565963745,3601.9541015625,4511.18798828125,-909.23388671875
jbshield-gemma-phase2-gemma-2-27b-it,gemma-2-27b-it,user_prompt,12,attack_vs_direct_harmful,autodan,direct_harmful,0.9884302020072937,0.011569797992706299,3071.424072265625,3601.9541015625,-530.530029296875
jbshield-gemma-phase2-gemma-2-27b-it,gemma-2-27b-it,user_prompt,12,attack_vs_harmless,autodan,none,0.9542538523674011,0.04574614763259888,3071.424072265625,4511.18798828125,-1439.763916015625
jbshield-gemma-phase2-gemma-2-27b-it,gemma-2-27b-it,user_prompt,12,attack_vs_direct_harmful,base64,direct_harmful,0.9476000666618347,0.05239993333816528,2978.502685546875,3601.9541015625,-623.451416015625
jbshield-gemma-phase2-gemma-2-27b-it,gemma-2-27b-it,user_prompt,12,attack_vs_harmless,base64,none,0.912950873374939,0.08704912662506104,2978.502685546875,4511.18798828125,-1532.685302734375
jbshield-gemma-phase2-gemma-2-27b-it,gemma-2-27b-it,user_prompt,12,attack_vs_direct_harmful,drattack,direct_harmful,0.9595863819122314,0.040413618087768555,2873.916259765625,3601.9541015625,-728.037841796875
jbshield-gemma-phase2-gemma-2-27b-it,gemma-2-27b-it,user_prompt,12,attack_vs_harmless,drattack,none,0.9286470413208008,0.07135295867919922,2873.916259765625,4511.18798828125,-1637.271728515625
jbshield-gemma-phase2-gemma-2-27b-it,gemma-2-27b-it,user_prompt,12,attack_vs_direct_harmful,gcg,direct_harmful,0.9899870157241821,0.010012984275817871,3200.930908203125,3601.9541015625,-401.023193359375
jbshield-gemma-phase2-gemma-2-27b-it,gemma-2-27b-it,user_prompt,12,attack_vs_harmless,gcg,none,0.9572614431381226,0.04273855686187744,3200.930908203125,4511.18798828125,-1310.257080078125
jbshield-gemma-phase2-gemma-2-27b-it,gemma-2-27b-it,user_prompt,12,attack_vs_direct_harmful,ijp,direct_harmful,0.9756821990013123,0.024317800998687744,2911.671142578125,3601.9541015625,-690.282958984375
jbshield-gemma-phase2-gemma-2-27b-it,gemma-2-27b-it,user_prompt,12,attack_vs_harmless,ijp,none,0.9463444948196411,0.05365550518035889,2911.671142578125,4511.18798828125,-1599.516845703125
jbshield-gemma-phase2-gemma-2-27b-it,gemma-2-27b-it,user_prompt,12,attack_vs_direct_harmful,pair,direct_harmful,0.9941931962966919,0.0058068037033081055,3279.853759765625,3601.9541015625,-322.100341796875
jbshield-gemma-phase2-gemma-2-27b-it,gemma-2-27b-it,user_prompt,12,attack_vs_harmless,pair,none,0.9700444340705872,0.029955565929412842,3279.853759765625,4511.18798828125,-1231.334228515625
jbshield-gemma-phase2-gemma-2-27b-it,gemma-2-27b-it,user_prompt,12,attack_vs_direct_harmful,puzzler,direct_harmful,0.9503692388534546,0.04963076114654541,3026.55859375,3601.9541015625,-575.3955078125
jbshield-gemma-phase2-gemma-2-27b-it,gemma-2-27b-it,user_prompt,12,attack_vs_harmless,puzzler,none,0.9214769005775452,0.07852309942245483,3026.55859375,4511.18798828125,-1484.62939453125
jbshield-gemma-phase2-gemma-2-27b-it,gemma-2-27b-it,user_prompt,12,attack_vs_direct_harmful,saa,direct_harmful,0.9679153561592102,0.032084643840789795,2780.7421875,3601.9541015625,-821.2119140625
jbshield-gemma-phase2-gemma-2-27b-it,gemma-2-27b-it,user_prompt,12,attack_vs_harmless,saa,none,0.9389290809631348,0.061070919036865234,2780.7421875,4511.18798828125,-1730.44580078125
jbshield-gemma-phase2-gemma-2-27b-it,gemma-2-27b-it,user_prompt,12,attack_vs_direct_harmful,zulu,direct_harmful,0.9560441374778748,0.043955862522125244,3106.638916015625,3601.9541015625,-495.315185546875
jbshield-gemma-phase2-gemma-2-27b-it,gemma-2-27b-it,user_prompt,12,attack_vs_harmless,zulu,none,0.9151126742362976,0.08488732576370239,3106.638916015625,4511.18798828125,-1404.549072265625
jbshield-gemma-phase2-gemma-2-27b-it,gemma-2-27b-it,user_prompt,13,label_1_vs_label_0,label_1,label_0,0.9597172141075134,0.04028278589248657,3693.483154296875,5455.98583984375,-1762.502685546875
jbshield-gemma-phase2-gemma-2-27b-it,gemma-2-27b-it,user_prompt,13,direct_harmful_vs_harmless,direct_harmful,none,0.9777960181236267,0.02220398187637329,4316.380859375,5499.49951171875,-1183.11865234375
jbshield-gemma-phase2-gemma-2-27b-it,gemma-2-27b-it,user_prompt,13,attack_vs_direct_harmful,autodan,direct_harmful,0.9908789992332458,0.00912100076675415,3799.944580078125,4316.380859375,-516.436279296875
jbshield-gemma-phase2-gemma-2-27b-it,gemma-2-27b-it,user_prompt,13,attack_vs_harmless,autodan,none,0.9612993597984314,0.038700640201568604,3799.944580078125,5499.49951171875,-1699.554931640625
jbshield-gemma-phase2-gemma-2-27b-it,gemma-2-27b-it,user_prompt,13,attack_vs_direct_harmful,base64,direct_harmful,0.9588631391525269,0.041136860847473145,3612.58447265625,4316.380859375,-703.79638671875
jbshield-gemma-phase2-gemma-2-27b-it,gemma-2-27b-it,user_prompt,13,attack_vs_harmless,base64,none,0.9261760711669922,0.07382392883300781,3612.58447265625,5499.49951171875,-1886.9150390625
jbshield-gemma-phase2-gemma-2-27b-it,gemma-2-27b-it,user_prompt,13,attack_vs_direct_harmful,drattack,direct_harmful,0.96700119972229,0.03299880027770996,3591.717041015625,4316.380859375,-724.663818359375
jbshield-gemma-phase2-gemma-2-27b-it,gemma-2-27b-it,user_prompt,13,attack_vs_harmless,drattack,none,0.9418653845787048,0.058134615421295166,3591.717041015625,5499.49951171875,-1907.782470703125
jbshield-gemma-phase2-gemma-2-27b-it,gemma-2-27b-it,user_prompt,13,attack_vs_direct_harmful,gcg,direct_harmful,0.9919672012329102,0.008032798767089844,3939.364501953125,4316.380859375,-377.016357421875
jbshield-gemma-phase2-gemma-2-27b-it,gemma-2-27b-it,user_prompt,13,attack_vs_harmless,gcg,none,0.9638887047767639,0.036111295223236084,3939.364501953125,5499.49951171875,-1560.135009765625
jbshield-gemma-phase2-gemma-2-27b-it,gemma-2-27b-it,user_prompt,13,attack_vs_direct_harmful,ijp,direct_harmful,0.9786618947982788,0.02133810520172119,3558.470947265625,4316.380859375,-757.909912109375
jbshield-gemma-phase2-gemma-2-27b-it,gemma-2-27b-it,user_prompt,13,attack_vs_harmless,ijp,none,0.952414870262146,0.047585129737854004,3558.470947265625,5499.49951171875,-1941.028564453125
jbshield-gemma-phase2-gemma-2-27b-it,gemma-2-27b-it,user_prompt,13,attack_vs_direct_harmful,pair,direct_harmful,0.9946560263633728,0.005343973636627197,3976.231689453125,4316.380859375,-340.149169921875
jbshield-gemma-phase2-gemma-2-27b-it,gemma-2-27b-it,user_prompt,13,attack_vs_harmless,pair,none,0.973093569278717,0.02690643072128296,3976.231689453125,5499.49951171875,-1523.267822265625
jbshield-gemma-phase2-gemma-2-27b-it,gemma-2-27b-it,user_prompt,13,attack_vs_direct_harmful,puzzler,direct_harmful,0.9535513520240784,0.04644864797592163,3687.25244140625,4316.380859375,-629.12841796875
jbshield-gemma-phase2-gemma-2-27b-it,gemma-2-27b-it,user_prompt,13,attack_vs_harmless,puzzler,none,0.9260285496711731,0.0739714503288269,3687.25244140625,5499.49951171875,-1812.2470703125
jbshield-gemma-phase2-gemma-2-27b-it,gemma-2-27b-it,user_prompt,13,attack_vs_direct_harmful,saa,direct_harmful,0.9728330373764038,0.02716696262359619,3477.30712890625,4316.380859375,-839.07373046875
jbshield-gemma-phase2-gemma-2-27b-it,gemma-2-27b-it,user_prompt,13,attack_vs_harmless,saa,none,0.9496238231658936,0.050376176834106445,3477.30712890625,5499.49951171875,-2022.1923828125
jbshield-gemma-phase2-gemma-2-27b-it,gemma-2-27b-it,user_prompt,13,attack_vs_direct_harmful,zulu,direct_harmful,0.9675009846687317,0.03249901533126831,3791.6357421875,4316.380859375,-524.7451171875
jbshield-gemma-phase2-gemma-2-27b-it,gemma-2-27b-it,user_prompt,13,attack_vs_harmless,zulu,none,0.929832935333252,0.07016706466674805,3791.6357421875,5499.49951171875,-1707.86376953125
jbshield-gemma-phase2-gemma-2-27b-it,gemma-2-27b-it,user_prompt,14,label_1_vs_label_0,label_1,label_0,0.9714342355728149,0.02856576442718506,4845.9482421875,7348.61083984375,-2502.66259765625
jbshield-gemma-phase2-gemma-2-27b-it,gemma-2-27b-it,user_prompt,14,direct_harmful_vs_harmless,direct_harmful,none,0.9853004813194275,0.01469951868057251,5858.59423828125,7404.1572265625,-1545.56298828125
jbshield-gemma-phase2-gemma-2-27b-it,gemma-2-27b-it,user_prompt,14,attack_vs_direct_harmful,autodan,direct_harmful,0.9923688173294067,0.007631182670593262,5048.7646484375,5858.59423828125,-809.82958984375
jbshield-gemma-phase2-gemma-2-27b-it,gemma-2-27b-it,user_prompt,14,attack_vs_harmless,autodan,none,0.9737507700920105,0.026249229907989502,5048.7646484375,7404.1572265625,-2355.392578125
jbshield-gemma-phase2-gemma-2-27b-it,gemma-2-27b-it,user_prompt,14,attack_vs_direct_harmful,base64,direct_harmful,0.9651709198951721,0.03482908010482788,4622.244140625,5858.59423828125,-1236.35009765625
jbshield-gemma-phase2-gemma-2-27b-it,gemma-2-27b-it,user_prompt,14,attack_vs_harmless,base64,none,0.9437174201011658,0.05628257989883423,4622.244140625,7404.1572265625,-2781.9130859375
jbshield-gemma-phase2-gemma-2-27b-it,gemma-2-27b-it,user_prompt,14,attack_vs_direct_harmful,drattack,direct_harmful,0.9627650380134583,0.03723496198654175,4790.43896484375,5858.59423828125,-1068.1552734375
jbshield-gemma-phase2-gemma-2-27b-it,gemma-2-27b-it,user_prompt,14,attack_vs_harmless,drattack,none,0.9482417106628418,0.0517582893371582,4790.43896484375,7404.1572265625,-2613.71826171875
jbshield-gemma-phase2-gemma-2-27b-it,gemma-2-27b-it,user_prompt,14,attack_vs_direct_harmful,gcg,direct_harmful,0.9931056499481201,0.006894350051879883,5235.61181640625,5858.59423828125,-622.982421875
jbshield-gemma-phase2-gemma-2-27b-it,gemma-2-27b-it,user_prompt,14,attack_vs_harmless,gcg,none,0.9753291606903076,0.024670839309692383,5235.61181640625,7404.1572265625,-2168.54541015625
jbshield-gemma-phase2-gemma-2-27b-it,gemma-2-27b-it,user_prompt,14,attack_vs_direct_harmful,ijp,direct_harmful,0.9803876876831055,0.01961231231689453,4753.66943359375,5858.59423828125,-1104.9248046875
jbshield-gemma-phase2-gemma-2-27b-it,gemma-2-27b-it,user_prompt,14,attack_vs_harmless,ijp,none,0.9644741415977478,0.0355258584022522,4753.66943359375,7404.1572265625,-2650.48779296875
jbshield-gemma-phase2-gemma-2-27b-it,gemma-2-27b-it,user_prompt,14,attack_vs_direct_harmful,pair,direct_harmful,0.9954422116279602,0.004557788372039795,5361.947265625,5858.59423828125,-496.64697265625
jbshield-gemma-phase2-gemma-2-27b-it,gemma-2-27b-it,user_prompt,14,attack_vs_harmless,pair,none,0.9817206263542175,0.01827937364578247,5361.947265625,7404.1572265625,-2042.2099609375
jbshield-gemma-phase2-gemma-2-27b-it,gemma-2-27b-it,user_prompt,14,attack_vs_direct_harmful,puzzler,direct_harmful,0.9526656270027161,0.047334372997283936,4876.65625,5858.59423828125,-981.93798828125
jbshield-gemma-phase2-gemma-2-27b-it,gemma-2-27b-it,user_prompt,14,attack_vs_harmless,puzzler,none,0.935481071472168,0.06451892852783203,4876.65625,7404.1572265625,-2527.5009765625
jbshield-gemma-phase2-gemma-2-27b-it,gemma-2-27b-it,user_prompt,14,attack_vs_direct_harmful,saa,direct_harmful,0.974985659122467,0.02501434087753296,4593.46044921875,5858.59423828125,-1265.1337890625
jbshield-gemma-phase2-gemma-2-27b-it,gemma-2-27b-it,user_prompt,14,attack_vs_harmless,saa,none,0.9615793824195862,0.03842061758041382,4593.46044921875,7404.1572265625,-2810.69677734375
jbshield-gemma-phase2-gemma-2-27b-it,gemma-2-27b-it,user_prompt,14,attack_vs_direct_harmful,zulu,direct_harmful,0.9722935557365417,0.027706444263458252,4632.30517578125,5858.59423828125,-1226.2890625
jbshield-gemma-phase2-gemma-2-27b-it,gemma-2-27b-it,user_prompt,14,attack_vs_harmless,zulu,none,0.9454193711280823,0.054580628871917725,4632.30517578125,7404.1572265625,-2771.85205078125
jbshield-gemma-phase2-gemma-2-27b-it,gemma-2-27b-it,user_prompt,15,label_1_vs_label_0,label_1,label_0,0.9750459790229797,0.024954020977020264,5612.15087890625,8684.4169921875,-3072.26611328125
jbshield-gemma-phase2-gemma-2-27b-it,gemma-2-27b-it,user_prompt,15,direct_harmful_vs_harmless,direct_harmful,none,0.9861429929733276,0.013857007026672363,6849.63134765625,8752.435546875,-1902.80419921875
jbshield-gemma-phase2-gemma-2-27b-it,gemma-2-27b-it,user_prompt,15,attack_vs_direct_harmful,autodan,direct_harmful,0.9925311207771301,0.007468879222869873,5912.09130859375,6849.63134765625,-937.5400390625
jbshield-gemma-phase2-gemma-2-27b-it,gemma-2-27b-it,user_prompt,15,attack_vs_harmless,autodan,none,0.9770019054412842,0.02299809455871582,5912.09130859375,8752.435546875,-2840.34423828125
jbshield-gemma-phase2-gemma-2-27b-it,gemma-2-27b-it,user_prompt,15,attack_vs_direct_harmful,base64,direct_harmful,0.9650101065635681,0.034989893436431885,5164.91259765625,6849.63134765625,-1684.71875
jbshield-gemma-phase2-gemma-2-27b-it,gemma-2-27b-it,user_prompt,15,attack_vs_harmless,base64,none,0.9474504590034485,0.052549540996551514,5164.91259765625,8752.435546875,-3587.52294921875
jbshield-gemma-phase2-gemma-2-27b-it,gemma-2-27b-it,user_prompt,15,attack_vs_direct_harmful,drattack,direct_harmful,0.9520100355148315,0.04798996448516846,5628.22802734375,6849.63134765625,-1221.4033203125
jbshield-gemma-phase2-gemma-2-27b-it,gemma-2-27b-it,user_prompt,15,attack_vs_harmless,drattack,none,0.9447452425956726,0.05525475740432739,5628.22802734375,8752.435546875,-3124.20751953125
jbshield-gemma-phase2-gemma-2-27b-it,gemma-2-27b-it,user_prompt,15,attack_vs_direct_harmful,gcg,direct_harmful,0.9926878213882446,0.007312178611755371,6081.95703125,6849.63134765625,-767.67431640625
jbshield-gemma-phase2-gemma-2-27b-it,gemma-2-27b-it,user_prompt,15,attack_vs_harmless,gcg,none,0.9768416285514832,0.023158371448516846,6081.95703125,8752.435546875,-2670.478515625
jbshield-gemma-phase2-gemma-2-27b-it,gemma-2-27b-it,user_prompt,15,attack_vs_direct_harmful,ijp,direct_harmful,0.9786149859428406,0.021385014057159424,5572.796875,6849.63134765625,-1276.83447265625
jbshield-gemma-phase2-gemma-2-27b-it,gemma-2-27b-it,user_prompt,15,attack_vs_harmless,ijp,none,0.9671519994735718,0.03284800052642822,5572.796875,8752.435546875,-3179.638671875
jbshield-gemma-phase2-gemma-2-27b-it,gemma-2-27b-it,user_prompt,15,attack_vs_direct_harmful,pair,direct_harmful,0.9954124093055725,0.00458759069442749,6315.841796875,6849.63134765625,-533.78955078125
jbshield-gemma-phase2-gemma-2-27b-it,gemma-2-27b-it,user_prompt,15,attack_vs_harmless,pair,none,0.983619213104248,0.016380786895751953,6315.841796875,8752.435546875,-2436.59375
jbshield-gemma-phase2-gemma-2-27b-it,gemma-2-27b-it,user_prompt,15,attack_vs_direct_harmful,puzzler,direct_harmful,0.9368590712547302,0.06314092874526978,5510.8603515625,6849.63134765625,-1338.77099609375
jbshield-gemma-phase2-gemma-2-27b-it,gemma-2-27b-it,user_prompt,15,attack_vs_harmless,puzzler,none,0.924351692199707,0.07564830780029297,5510.8603515625,8752.435546875,-3241.5751953125
jbshield-gemma-phase2-gemma-2-27b-it,gemma-2-27b-it,user_prompt,15,attack_vs_direct_harmful,saa,direct_harmful,0.972036600112915,0.02796339988708496,5420.58349609375,6849.63134765625,-1429.0478515625
jbshield-gemma-phase2-gemma-2-27b-it,gemma-2-27b-it,user_prompt,15,attack_vs_harmless,saa,none,0.9636797904968262,0.03632020950317383,5420.58349609375,8752.435546875,-3331.85205078125
jbshield-gemma-phase2-gemma-2-27b-it,gemma-2-27b-it,user_prompt,15,attack_vs_direct_harmful,zulu,direct_harmful,0.9747560620307922,0.025243937969207764,5201.06396484375,6849.63134765625,-1648.5673828125
jbshield-gemma-phase2-gemma-2-27b-it,gemma-2-27b-it,user_prompt,15,attack_vs_harmless,zulu,none,0.952420711517334,0.047579288482666016,5201.06396484375,8752.435546875,-3551.37158203125
jbshield-gemma-phase2-gemma-2-27b-it,gemma-2-27b-it,user_prompt,16,label_1_vs_label_0,label_1,label_0,0.9783174991607666,0.0216825008392334,6305.46728515625,10326.6767578125,-4021.20947265625
jbshield-gemma-phase2-gemma-2-27b-it,gemma-2-27b-it,user_prompt,16,direct_harmful_vs_harmless,direct_harmful,none,0.9859592318534851,0.014040768146514893,8025.25927734375,10411.7744140625,-2386.51513671875
jbshield-gemma-phase2-gemma-2-27b-it,gemma-2-27b-it,user_prompt,16,attack_vs_direct_harmful,autodan,direct_harmful,0.9915567636489868,0.008443236351013184,6650.8291015625,8025.25927734375,-1374.43017578125
jbshield-gemma-phase2-gemma-2-27b-it,gemma-2-27b-it,user_prompt,16,attack_vs_harmless,autodan,none,0.9789432883262634,0.021056711673736572,6650.8291015625,10411.7744140625,-3760.9453125
jbshield-gemma-phase2-gemma-2-27b-it,gemma-2-27b-it,user_prompt,16,attack_vs_direct_harmful,base64,direct_harmful,0.9708237051963806,0.029176294803619385,5649.9775390625,8025.25927734375,-2375.28173828125
jbshield-gemma-phase2-gemma-2-27b-it,gemma-2-27b-it,user_prompt,16,attack_vs_harmless,base64,none,0.9580861330032349,0.04191386699676514,5649.9775390625,10411.7744140625,-4761.796875
jbshield-gemma-phase2-gemma-2-27b-it,gemma-2-27b-it,user_prompt,16,attack_vs_direct_harmful,drattack,direct_harmful,0.9410676956176758,0.05893230438232422,6378.41162109375,8025.25927734375,-1646.84765625
jbshield-gemma-phase2-gemma-2-27b-it,gemma-2-27b-it,user_prompt,16,attack_vs_harmless,drattack,none,0.9409089684486389,0.059091031551361084,6378.41162109375,10411.7744140625,-4033.36279296875
jbshield-gemma-phase2-gemma-2-27b-it,gemma-2-27b-it,user_prompt,16,attack_vs_direct_harmful,gcg,direct_harmful,0.9910876750946045,0.008912324905395508,6882.9384765625,8025.25927734375,-1142.32080078125
jbshield-gemma-phase2-gemma-2-27b-it,gemma-2-27b-it,user_prompt,16,attack_vs_harmless,gcg,none,0.9785453081130981,0.021454691886901855,6882.9384765625,10411.7744140625,-3528.8359375
jbshield-gemma-phase2-gemma-2-27b-it,gemma-2-27b-it,user_prompt,16,attack_vs_direct_harmful,ijp,direct_harmful,0.9726558327674866,0.027344167232513428,6324.97998046875,8025.25927734375,-1700.279296875
jbshield-gemma-phase2-gemma-2-27b-it,gemma-2-27b-it,user_prompt,16,attack_vs_harmless,ijp,none,0.9655821919441223,0.034417808055877686,6324.97998046875,10411.7744140625,-4086.79443359375
jbshield-gemma-phase2-gemma-2-27b-it,gemma-2-27b-it,user_prompt,16,attack_vs_direct_harmful,pair,direct_harmful,0.9945001602172852,0.005499839782714844,7390.251953125,8025.25927734375,-635.00732421875
jbshield-gemma-phase2-gemma-2-27b-it,gemma-2-27b-it,user_prompt,16,attack_vs_harmless,pair,none,0.9838811159133911,0.016118884086608887,7390.251953125,10411.7744140625,-3021.5224609375
jbshield-gemma-phase2-gemma-2-27b-it,gemma-2-27b-it,user_prompt,16,attack_vs_direct_harmful,puzzler,direct_harmful,0.9236751198768616,0.07632488012313843,6290.51123046875,8025.25927734375,-1734.748046875
jbshield-gemma-phase2-gemma-2-27b-it,gemma-2-27b-it,user_prompt,16,attack_vs_harmless,puzzler,none,0.9164718389511108,0.08352816104888916,6290.51123046875,10411.7744140625,-4121.26318359375
jbshield-gemma-phase2-gemma-2-27b-it,gemma-2-27b-it,user_prompt,16,attack_vs_direct_harmful,saa,direct_harmful,0.9635801315307617,0.03641986846923828,6122.677734375,8025.25927734375,-1902.58154296875
jbshield-gemma-phase2-gemma-2-27b-it,gemma-2-27b-it,user_prompt,16,attack_vs_harmless,saa,none,0.9606612324714661,0.039338767528533936,6122.677734375,10411.7744140625,-4289.0966796875
jbshield-gemma-phase2-gemma-2-27b-it,gemma-2-27b-it,user_prompt,16,attack_vs_direct_harmful,zulu,direct_harmful,0.975007951259613,0.024992048740386963,5597.02783203125,8025.25927734375,-2428.2314453125
jbshield-gemma-phase2-gemma-2-27b-it,gemma-2-27b-it,user_prompt,16,attack_vs_harmless,zulu,none,0.9572682976722717,0.04273170232772827,5597.02783203125,10411.7744140625,-4814.74658203125
jbshield-gemma-phase2-gemma-2-27b-it,gemma-2-27b-it,user_prompt,17,label_1_vs_label_0,label_1,label_0,0.9840728044509888,0.01592719554901123,7508.572265625,11879.0078125,-4370.435546875
jbshield-gemma-phase2-gemma-2-27b-it,gemma-2-27b-it,user_prompt,17,direct_harmful_vs_harmless,direct_harmful,none,0.9874782562255859,0.012521743774414062,9214.064453125,11977.0302734375,-2762.9658203125
jbshield-gemma-phase2-gemma-2-27b-it,gemma-2-27b-it,user_prompt,17,attack_vs_direct_harmful,autodan,direct_harmful,0.9925571084022522,0.007442891597747803,8003.697265625,9214.064453125,-1210.3671875
jbshield-gemma-phase2-gemma-2-27b-it,gemma-2-27b-it,user_prompt,17,attack_vs_harmless,autodan,none,0.9846126437187195,0.015387356281280518,8003.697265625,11977.0302734375,-3973.3330078125
jbshield-gemma-phase2-gemma-2-27b-it,gemma-2-27b-it,user_prompt,17,attack_vs_direct_harmful,base64,direct_harmful,0.9764030575752258,0.02359694242477417,6620.564453125,9214.064453125,-2593.5
jbshield-gemma-phase2-gemma-2-27b-it,gemma-2-27b-it,user_prompt,17,attack_vs_harmless,base64,none,0.969868540763855,0.03013145923614502,6620.564453125,11977.0302734375,-5356.4658203125
jbshield-gemma-phase2-gemma-2-27b-it,gemma-2-27b-it,user_prompt,17,attack_vs_direct_harmful,drattack,direct_harmful,0.9422093629837036,0.05779063701629639,7717.8056640625,9214.064453125,-1496.2587890625
jbshield-gemma-phase2-gemma-2-27b-it,gemma-2-27b-it,user_prompt,17,attack_vs_harmless,drattack,none,0.9484681487083435,0.051531851291656494,7717.8056640625,11977.0302734375,-4259.224609375
jbshield-gemma-phase2-gemma-2-27b-it,gemma-2-27b-it,user_prompt,17,attack_vs_direct_harmful,gcg,direct_harmful,0.9914485812187195,0.008551418781280518,8118.37451171875,9214.064453125,-1095.68994140625
jbshield-gemma-phase2-gemma-2-27b-it,gemma-2-27b-it,user_prompt,17,attack_vs_harmless,gcg,none,0.9823952913284302,0.017604708671569824,8118.37451171875,11977.0302734375,-3858.65576171875
jbshield-gemma-phase2-gemma-2-27b-it,gemma-2-27b-it,user_prompt,17,attack_vs_direct_harmful,ijp,direct_harmful,0.9744791388511658,0.02552086114883423,7654.38818359375,9214.064453125,-1559.67626953125
jbshield-gemma-phase2-gemma-2-27b-it,gemma-2-27b-it,user_prompt,17,attack_vs_harmless,ijp,none,0.9718554019927979,0.02814459800720215,7654.38818359375,11977.0302734375,-4322.64208984375
jbshield-gemma-phase2-gemma-2-27b-it,gemma-2-27b-it,user_prompt,17,attack_vs_direct_harmful,pair,direct_harmful,0.9949788451194763,0.005021154880523682,8788.255859375,9214.064453125,-425.80859375
jbshield-gemma-phase2-gemma-2-27b-it,gemma-2-27b-it,user_prompt,17,attack_vs_harmless,pair,none,0.9873101115226746,0.01268988847732544,8788.255859375,11977.0302734375,-3188.7744140625
jbshield-gemma-phase2-gemma-2-27b-it,gemma-2-27b-it,user_prompt,17,attack_vs_direct_harmful,puzzler,direct_harmful,0.9218400120735168,0.07815998792648315,7736.01416015625,9214.064453125,-1478.05029296875
jbshield-gemma-phase2-gemma-2-27b-it,gemma-2-27b-it,user_prompt,17,attack_vs_harmless,puzzler,none,0.9217360615730286,0.07826393842697144,7736.01416015625,11977.0302734375,-4241.01611328125
jbshield-gemma-phase2-gemma-2-27b-it,gemma-2-27b-it,user_prompt,17,attack_vs_direct_harmful,saa,direct_harmful,0.9640209078788757,0.03597909212112427,7349.2265625,9214.064453125,-1864.837890625
jbshield-gemma-phase2-gemma-2-27b-it,gemma-2-27b-it,user_prompt,17,attack_vs_harmless,saa,none,0.9661568999290466,0.03384310007095337,7349.2265625,11977.0302734375,-4627.8037109375
jbshield-gemma-phase2-gemma-2-27b-it,gemma-2-27b-it,user_prompt,17,attack_vs_direct_harmful,zulu,direct_harmful,0.9783348441123962,0.02166515588760376,6477.08447265625,9214.064453125,-2736.97998046875
jbshield-gemma-phase2-gemma-2-27b-it,gemma-2-27b-it,user_prompt,17,attack_vs_harmless,zulu,none,0.966605007648468,0.03339499235153198,6477.08447265625,11977.0302734375,-5499.94580078125
jbshield-gemma-phase2-gemma-2-27b-it,gemma-2-27b-it,user_prompt,18,label_1_vs_label_0,label_1,label_0,0.9895296096801758,0.010470390319824219,9130.9267578125,14466.2568359375,-5335.330078125
jbshield-gemma-phase2-gemma-2-27b-it,gemma-2-27b-it,user_prompt,18,direct_harmful_vs_harmless,direct_harmful,none,0.990277886390686,0.009722113609313965,11217.5224609375,14584.666015625,-3367.1435546875
jbshield-gemma-phase2-gemma-2-27b-it,gemma-2-27b-it,user_prompt,18,attack_vs_direct_harmful,autodan,direct_harmful,0.9940733909606934,0.005926609039306641,9780.517578125,11217.5224609375,-1437.0048828125
jbshield-gemma-phase2-gemma-2-27b-it,gemma-2-27b-it,user_prompt,18,attack_vs_harmless,autodan,none,0.9895790815353394,0.010420918464660645,9780.517578125,14584.666015625,-4804.1484375
jbshield-gemma-phase2-gemma-2-27b-it,gemma-2-27b-it,user_prompt,18,attack_vs_direct_harmful,base64,direct_harmful,0.9826632738113403,0.017336726188659668,7709.36181640625,11217.5224609375,-3508.16064453125
jbshield-gemma-phase2-gemma-2-27b-it,gemma-2-27b-it,user_prompt,18,attack_vs_harmless,base64,none,0.9809241890907288,0.01907581090927124,7709.36181640625,14584.666015625,-6875.30419921875
jbshield-gemma-phase2-gemma-2-27b-it,gemma-2-27b-it,user_prompt,18,attack_vs_direct_harmful,drattack,direct_harmful,0.950336217880249,0.04966378211975098,9643.720703125,11217.5224609375,-1573.8017578125
jbshield-gemma-phase2-gemma-2-27b-it,gemma-2-27b-it,user_prompt,18,attack_vs_harmless,drattack,none,0.9610269069671631,0.038973093032836914,9643.720703125,14584.666015625,-4940.9453125
jbshield-gemma-phase2-gemma-2-27b-it,gemma-2-27b-it,user_prompt,18,attack_vs_direct_harmful,gcg,direct_harmful,0.9923015236854553,0.007698476314544678,9823.95703125,11217.5224609375,-1393.5654296875
jbshield-gemma-phase2-gemma-2-27b-it,gemma-2-27b-it,user_prompt,18,attack_vs_harmless,gcg,none,0.9863749146461487,0.013625085353851318,9823.95703125,14584.666015625,-4760.708984375
jbshield-gemma-phase2-gemma-2-27b-it,gemma-2-27b-it,user_prompt,18,attack_vs_direct_harmful,ijp,direct_harmful,0.9780895113945007,0.021910488605499268,9570.3837890625,11217.5224609375,-1647.138671875
jbshield-gemma-phase2-gemma-2-27b-it,gemma-2-27b-it,user_prompt,18,attack_vs_harmless,ijp,none,0.9790931940078735,0.020906805992126465,9570.3837890625,14584.666015625,-5014.2822265625
jbshield-gemma-phase2-gemma-2-27b-it,gemma-2-27b-it,user_prompt,18,attack_vs_direct_harmful,pair,direct_harmful,0.9957189559936523,0.004281044006347656,10852.0771484375,11217.5224609375,-365.4453125
jbshield-gemma-phase2-gemma-2-27b-it,gemma-2-27b-it,user_prompt,18,attack_vs_harmless,pair,none,0.9906333684921265,0.009366631507873535,10852.0771484375,14584.666015625,-3732.5888671875
jbshield-gemma-phase2-gemma-2-27b-it,gemma-2-27b-it,user_prompt,18,attack_vs_direct_harmful,puzzler,direct_harmful,0.931992769241333,0.06800723075866699,9368.12890625,11217.5224609375,-1849.3935546875
jbshield-gemma-phase2-gemma-2-27b-it,gemma-2-27b-it,user_prompt,18,attack_vs_harmless,puzzler,none,0.9372791647911072,0.06272083520889282,9368.12890625,14584.666015625,-5216.537109375
jbshield-gemma-phase2-gemma-2-27b-it,gemma-2-27b-it,user_prompt,18,attack_vs_direct_harmful,saa,direct_harmful,0.9678857922554016,0.03211420774459839,9167.2021484375,11217.5224609375,-2050.3203125
jbshield-gemma-phase2-gemma-2-27b-it,gemma-2-27b-it,user_prompt,18,attack_vs_harmless,saa,none,0.9733189344406128,0.026681065559387207,9167.2021484375,14584.666015625,-5417.4638671875
jbshield-gemma-phase2-gemma-2-27b-it,gemma-2-27b-it,user_prompt,18,attack_vs_direct_harmful,zulu,direct_harmful,0.9817643761634827,0.018235623836517334,7315.81787109375,11217.5224609375,-3901.70458984375
jbshield-gemma-phase2-gemma-2-27b-it,gemma-2-27b-it,user_prompt,18,attack_vs_harmless,zulu,none,0.9739982485771179,0.02600175142288208,7315.81787109375,14584.666015625,-7268.84814453125
jbshield-gemma-phase2-gemma-2-27b-it,gemma-2-27b-it,user_prompt,19,label_1_vs_label_0,label_1,label_0,0.9913519620895386,0.008648037910461426,10522.65234375,16257.734375,-5735.08203125
jbshield-gemma-phase2-gemma-2-27b-it,gemma-2-27b-it,user_prompt,19,direct_harmful_vs_harmless,direct_harmful,none,0.9909635782241821,0.009036421775817871,12694.4052734375,16387.44140625,-3693.0361328125
jbshield-gemma-phase2-gemma-2-27b-it,gemma-2-27b-it,user_prompt,19,attack_vs_direct_harmful,autodan,direct_harmful,0.9940128922462463,0.005987107753753662,11342.5458984375,12694.4052734375,-1351.859375
jbshield-gemma-phase2-gemma-2-27b-it,gemma-2-27b-it,user_prompt,19,attack_vs_harmless,autodan,none,0.9915651679039001,0.008434832096099854,11342.5458984375,16387.44140625,-5044.8955078125
jbshield-gemma-phase2-gemma-2-27b-it,gemma-2-27b-it,user_prompt,19,attack_vs_direct_harmful,base64,direct_harmful,0.9846072793006897,0.015392720699310303,8855.0400390625,12694.4052734375,-3839.365234375
jbshield-gemma-phase2-gemma-2-27b-it,gemma-2-27b-it,user_prompt,19,attack_vs_harmless,base64,none,0.9854677319526672,0.014532268047332764,8855.0400390625,16387.44140625,-7532.4013671875
jbshield-gemma-phase2-gemma-2-27b-it,gemma-2-27b-it,user_prompt,19,attack_vs_direct_harmful,drattack,direct_harmful,0.950787365436554,0.049212634563446045,11046.0810546875,12694.4052734375,-1648.32421875
jbshield-gemma-phase2-gemma-2-27b-it,gemma-2-27b-it,user_prompt,19,attack_vs_harmless,drattack,none,0.9653200507164001,0.034679949283599854,11046.0810546875,16387.44140625,-5341.3603515625
jbshield-gemma-phase2-gemma-2-27b-it,gemma-2-27b-it,user_prompt,19,attack_vs_direct_harmful,gcg,direct_harmful,0.9925218224525452,0.007478177547454834,11288.01953125,12694.4052734375,-1406.3857421875
jbshield-gemma-phase2-gemma-2-27b-it,gemma-2-27b-it,user_prompt,19,attack_vs_harmless,gcg,none,0.988121747970581,0.011878252029418945,11288.01953125,16387.44140625,-5099.421875
jbshield-gemma-phase2-gemma-2-27b-it,gemma-2-27b-it,user_prompt,19,attack_vs_direct_harmful,ijp,direct_harmful,0.9778762459754944,0.022123754024505615,11041.248046875,12694.4052734375,-1653.1572265625
jbshield-gemma-phase2-gemma-2-27b-it,gemma-2-27b-it,user_prompt,19,attack_vs_harmless,ijp,none,0.9798578023910522,0.020142197608947754,11041.248046875,16387.44140625,-5346.193359375
jbshield-gemma-phase2-gemma-2-27b-it,gemma-2-27b-it,user_prompt,19,attack_vs_direct_harmful,pair,direct_harmful,0.9956756234169006,0.004324376583099365,12356.6318359375,12694.4052734375,-337.7734375
jbshield-gemma-phase2-gemma-2-27b-it,gemma-2-27b-it,user_prompt,19,attack_vs_harmless,pair,none,0.9915787577629089,0.008421242237091064,12356.6318359375,16387.44140625,-4030.8095703125
jbshield-gemma-phase2-gemma-2-27b-it,gemma-2-27b-it,user_prompt,19,attack_vs_direct_harmful,puzzler,direct_harmful,0.9325876832008362,0.06741231679916382,10804.3701171875,12694.4052734375,-1890.03515625
jbshield-gemma-phase2-gemma-2-27b-it,gemma-2-27b-it,user_prompt,19,attack_vs_harmless,puzzler,none,0.9427987337112427,0.057201266288757324,10804.3701171875,16387.44140625,-5583.0712890625
jbshield-gemma-phase2-gemma-2-27b-it,gemma-2-27b-it,user_prompt,19,attack_vs_direct_harmful,saa,direct_harmful,0.9670720100402832,0.0329279899597168,10629.37890625,12694.4052734375,-2065.0263671875
jbshield-gemma-phase2-gemma-2-27b-it,gemma-2-27b-it,user_prompt,19,attack_vs_harmless,saa,none,0.9738782048225403,0.026121795177459717,10629.37890625,16387.44140625,-5758.0625
jbshield-gemma-phase2-gemma-2-27b-it,gemma-2-27b-it,user_prompt,19,attack_vs_direct_harmful,zulu,direct_harmful,0.9845589995384216,0.01544100046157837,8495.1328125,12694.4052734375,-4199.2724609375
jbshield-gemma-phase2-gemma-2-27b-it,gemma-2-27b-it,user_prompt,19,attack_vs_harmless,zulu,none,0.9801508784294128,0.019849121570587158,8495.1328125,16387.44140625,-7892.30859375
jbshield-gemma-phase2-gemma-2-27b-it,gemma-2-27b-it,user_prompt,20,label_1_vs_label_0,label_1,label_0,0.9934616088867188,0.00653839111328125,12440.8974609375,18573.162109375,-6132.2646484375
jbshield-gemma-phase2-gemma-2-27b-it,gemma-2-27b-it,user_prompt,20,direct_harmful_vs_harmless,direct_harmful,none,0.9931372404098511,0.006862759590148926,14575.685546875,18717.68359375,-4141.998046875
jbshield-gemma-phase2-gemma-2-27b-it,gemma-2-27b-it,user_prompt,20,attack_vs_direct_harmful,autodan,direct_harmful,0.994862973690033,0.005137026309967041,13408.7138671875,14575.685546875,-1166.9716796875
jbshield-gemma-phase2-gemma-2-27b-it,gemma-2-27b-it,user_prompt,20,attack_vs_harmless,autodan,none,0.9938037395477295,0.006196260452270508,13408.7138671875,18717.68359375,-5308.9697265625
jbshield-gemma-phase2-gemma-2-27b-it,gemma-2-27b-it,user_prompt,20,attack_vs_direct_harmful,base64,direct_harmful,0.9873174428939819,0.012682557106018066,10311.298828125,14575.685546875,-4264.38671875
jbshield-gemma-phase2-gemma-2-27b-it,gemma-2-27b-it,user_prompt,20,attack_vs_harmless,base64,none,0.9896395802497864,0.010360419750213623,10311.298828125,18717.68359375,-8406.384765625
jbshield-gemma-phase2-gemma-2-27b-it,gemma-2-27b-it,user_prompt,20,attack_vs_direct_harmful,drattack,direct_harmful,0.9601852893829346,0.03981471061706543,13417.25,14575.685546875,-1158.435546875
jbshield-gemma-phase2-gemma-2-27b-it,gemma-2-27b-it,user_prompt,20,attack_vs_harmless,drattack,none,0.9731012582778931,0.026898741722106934,13417.25,18717.68359375,-5300.43359375
jbshield-gemma-phase2-gemma-2-27b-it,gemma-2-27b-it,user_prompt,20,attack_vs_direct_harmful,gcg,direct_harmful,0.9936061501502991,0.006393849849700928,13140.8427734375,14575.685546875,-1434.8427734375
jbshield-gemma-phase2-gemma-2-27b-it,gemma-2-27b-it,user_prompt,20,attack_vs_harmless,gcg,none,0.9908374547958374,0.009162545204162598,13140.8427734375,18717.68359375,-5576.8408203125
jbshield-gemma-phase2-gemma-2-27b-it,gemma-2-27b-it,user_prompt,20,attack_vs_direct_harmful,ijp,direct_harmful,0.9824039340019226,0.017596065998077393,13287.244140625,14575.685546875,-1288.44140625
jbshield-gemma-phase2-gemma-2-27b-it,gemma-2-27b-it,user_prompt,20,attack_vs_harmless,ijp,none,0.9850267767906189,0.014973223209381104,13287.244140625,18717.68359375,-5430.439453125
jbshield-gemma-phase2-gemma-2-27b-it,gemma-2-27b-it,user_prompt,20,attack_vs_direct_harmful,pair,direct_harmful,0.996319055557251,0.0036809444427490234,14544.5810546875,14575.685546875,-31.1044921875
jbshield-gemma-phase2-gemma-2-27b-it,gemma-2-27b-it,user_prompt,20,attack_vs_harmless,pair,none,0.9938676953315735,0.006132304668426514,14544.5810546875,18717.68359375,-4173.1025390625
jbshield-gemma-phase2-gemma-2-27b-it,gemma-2-27b-it,user_prompt,20,attack_vs_direct_harmful,puzzler,direct_harmful,0.9465250968933105,0.05347490310668945,12958.3544921875,14575.685546875,-1617.3310546875
jbshield-gemma-phase2-gemma-2-27b-it,gemma-2-27b-it,user_prompt,20,attack_vs_harmless,puzzler,none,0.9566373229026794,0.04336267709732056,12958.3544921875,18717.68359375,-5759.3291015625
jbshield-gemma-phase2-gemma-2-27b-it,gemma-2-27b-it,user_prompt,20,attack_vs_direct_harmful,saa,direct_harmful,0.9732953310012817,0.02670466899871826,12868.6767578125,14575.685546875,-1707.0087890625
jbshield-gemma-phase2-gemma-2-27b-it,gemma-2-27b-it,user_prompt,20,attack_vs_harmless,saa,none,0.9795655012130737,0.02043449878692627,12868.6767578125,18717.68359375,-5849.0068359375
jbshield-gemma-phase2-gemma-2-27b-it,gemma-2-27b-it,user_prompt,20,attack_vs_direct_harmful,zulu,direct_harmful,0.9872714281082153,0.012728571891784668,9514.587890625,14575.685546875,-5061.09765625
jbshield-gemma-phase2-gemma-2-27b-it,gemma-2-27b-it,user_prompt,20,attack_vs_harmless,zulu,none,0.9853880405426025,0.014611959457397461,9514.587890625,18717.68359375,-9203.095703125
jbshield-gemma-phase2-gemma-2-27b-it,gemma-2-27b-it,user_prompt,21,label_1_vs_label_0,label_1,label_0,0.994688093662262,0.005311906337738037,13155.2265625,20006.95703125,-6851.73046875
jbshield-gemma-phase2-gemma-2-27b-it,gemma-2-27b-it,user_prompt,21,direct_harmful_vs_harmless,direct_harmful,none,0.9935637712478638,0.0064362287521362305,15642.634765625,20164.447265625,-4521.8125
jbshield-gemma-phase2-gemma-2-27b-it,gemma-2-27b-it,user_prompt,21,attack_vs_direct_harmful,autodan,direct_harmful,0.9945602416992188,0.00543975830078125,14231.9658203125,15642.634765625,-1410.6689453125
jbshield-gemma-phase2-gemma-2-27b-it,gemma-2-27b-it,user_prompt,21,attack_vs_harmless,autodan,none,0.9947847723960876,0.0052152276039123535,14231.9658203125,20164.447265625,-5932.4814453125
jbshield-gemma-phase2-gemma-2-27b-it,gemma-2-27b-it,user_prompt,21,attack_vs_direct_harmful,base64,direct_harmful,0.987281322479248,0.012718677520751953,10803.87109375,15642.634765625,-4838.763671875
jbshield-gemma-phase2-gemma-2-27b-it,gemma-2-27b-it,user_prompt,21,attack_vs_harmless,base64,none,0.9912005066871643,0.008799493312835693,10803.87109375,20164.447265625,-9360.576171875
jbshield-gemma-phase2-gemma-2-27b-it,gemma-2-27b-it,user_prompt,21,attack_vs_direct_harmful,drattack,direct_harmful,0.9586931467056274,0.04130685329437256,14204.3515625,15642.634765625,-1438.283203125
jbshield-gemma-phase2-gemma-2-27b-it,gemma-2-27b-it,user_prompt,21,attack_vs_harmless,drattack,none,0.9744340181350708,0.0255659818649292,14204.3515625,20164.447265625,-5960.095703125
jbshield-gemma-phase2-gemma-2-27b-it,gemma-2-27b-it,user_prompt,21,attack_vs_direct_harmful,gcg,direct_harmful,0.9941138625144958,0.00588613748550415,14003.3525390625,15642.634765625,-1639.2822265625
jbshield-gemma-phase2-gemma-2-27b-it,gemma-2-27b-it,user_prompt,21,attack_vs_harmless,gcg,none,0.9923386573791504,0.007661342620849609,14003.3525390625,20164.447265625,-6161.0947265625
jbshield-gemma-phase2-gemma-2-27b-it,gemma-2-27b-it,user_prompt,21,attack_vs_direct_harmful,ijp,direct_harmful,0.9831028580665588,0.016897141933441162,13960.953125,15642.634765625,-1681.681640625
jbshield-gemma-phase2-gemma-2-27b-it,gemma-2-27b-it,user_prompt,21,attack_vs_harmless,ijp,none,0.9869329929351807,0.013067007064819336,13960.953125,20164.447265625,-6203.494140625
jbshield-gemma-phase2-gemma-2-27b-it,gemma-2-27b-it,user_prompt,21,attack_vs_direct_harmful,pair,direct_harmful,0.9965416789054871,0.0034583210945129395,15387.5068359375,15642.634765625,-255.1279296875
jbshield-gemma-phase2-gemma-2-27b-it,gemma-2-27b-it,user_prompt,21,attack_vs_harmless,pair,none,0.9945411086082458,0.00545889139175415,15387.5068359375,20164.447265625,-4776.9404296875
jbshield-gemma-phase2-gemma-2-27b-it,gemma-2-27b-it,user_prompt,21,attack_vs_direct_harmful,puzzler,direct_harmful,0.9445915222167969,0.055408477783203125,13713.1181640625,15642.634765625,-1929.5166015625
jbshield-gemma-phase2-gemma-2-27b-it,gemma-2-27b-it,user_prompt,21,attack_vs_harmless,puzzler,none,0.9588524103164673,0.041147589683532715,13713.1181640625,20164.447265625,-6451.3291015625
jbshield-gemma-phase2-gemma-2-27b-it,gemma-2-27b-it,user_prompt,21,attack_vs_direct_harmful,saa,direct_harmful,0.9734128713607788,0.02658712863922119,13580.6787109375,15642.634765625,-2061.9560546875
jbshield-gemma-phase2-gemma-2-27b-it,gemma-2-27b-it,user_prompt,21,attack_vs_harmless,saa,none,0.981517493724823,0.018482506275177002,13580.6787109375,20164.447265625,-6583.7685546875
jbshield-gemma-phase2-gemma-2-27b-it,gemma-2-27b-it,user_prompt,21,attack_vs_direct_harmful,zulu,direct_harmful,0.9887903332710266,0.011209666728973389,10059.2265625,15642.634765625,-5583.408203125
jbshield-gemma-phase2-gemma-2-27b-it,gemma-2-27b-it,user_prompt,21,attack_vs_harmless,zulu,none,0.9889737963676453,0.011026203632354736,10059.2265625,20164.447265625,-10105.220703125
jbshield-gemma-phase2-gemma-2-27b-it,gemma-2-27b-it,user_prompt,22,label_1_vs_label_0,label_1,label_0,0.9944497346878052,0.005550265312194824,13891.337890625,21354.78515625,-7463.447265625
jbshield-gemma-phase2-gemma-2-27b-it,gemma-2-27b-it,user_prompt,22,direct_harmful_vs_harmless,direct_harmful,none,0.9929459095001221,0.00705409049987793,16593.201171875,21526.861328125,-4933.66015625
jbshield-gemma-phase2-gemma-2-27b-it,gemma-2-27b-it,user_prompt,22,attack_vs_direct_harmful,autodan,direct_harmful,0.9937669038772583,0.006233096122741699,14954.0283203125,16593.201171875,-1639.1728515625
jbshield-gemma-phase2-gemma-2-27b-it,gemma-2-27b-it,user_prompt,22,attack_vs_harmless,autodan,none,0.994232177734375,0.005767822265625,14954.0283203125,21526.861328125,-6572.8330078125
jbshield-gemma-phase2-gemma-2-27b-it,gemma-2-27b-it,user_prompt,22,attack_vs_direct_harmful,base64,direct_harmful,0.9865583181381226,0.013441681861877441,11284.41796875,16593.201171875,-5308.783203125
jbshield-gemma-phase2-gemma-2-27b-it,gemma-2-27b-it,user_prompt,22,attack_vs_harmless,base64,none,0.991216778755188,0.008783221244812012,11284.41796875,21526.861328125,-10242.443359375
jbshield-gemma-phase2-gemma-2-27b-it,gemma-2-27b-it,user_prompt,22,attack_vs_direct_harmful,drattack,direct_harmful,0.955410897731781,0.044589102268218994,15123.904296875,16593.201171875,-1469.296875
jbshield-gemma-phase2-gemma-2-27b-it,gemma-2-27b-it,user_prompt,22,attack_vs_harmless,drattack,none,0.9739233255386353,0.026076674461364746,15123.904296875,21526.861328125,-6402.95703125
jbshield-gemma-phase2-gemma-2-27b-it,gemma-2-27b-it,user_prompt,22,attack_vs_direct_harmful,gcg,direct_harmful,0.9935351610183716,0.006464838981628418,14754.7919921875,16593.201171875,-1838.4091796875
jbshield-gemma-phase2-gemma-2-27b-it,gemma-2-27b-it,user_prompt,22,attack_vs_harmless,gcg,none,0.9920356869697571,0.00796431303024292,14754.7919921875,21526.861328125,-6772.0693359375
jbshield-gemma-phase2-gemma-2-27b-it,gemma-2-27b-it,user_prompt,22,attack_vs_direct_harmful,ijp,direct_harmful,0.981413722038269,0.018586277961730957,14822.2412109375,16593.201171875,-1770.9599609375
jbshield-gemma-phase2-gemma-2-27b-it,gemma-2-27b-it,user_prompt,22,attack_vs_harmless,ijp,none,0.9865555763244629,0.01344442367553711,14822.2412109375,21526.861328125,-6704.6201171875
jbshield-gemma-phase2-gemma-2-27b-it,gemma-2-27b-it,user_prompt,22,attack_vs_direct_harmful,pair,direct_harmful,0.9961123466491699,0.003887653350830078,16263.1806640625,16593.201171875,-330.0205078125
jbshield-gemma-phase2-gemma-2-27b-it,gemma-2-27b-it,user_prompt,22,attack_vs_harmless,pair,none,0.9942980408668518,0.005701959133148193,16263.1806640625,21526.861328125,-5263.6806640625
jbshield-gemma-phase2-gemma-2-27b-it,gemma-2-27b-it,user_prompt,22,attack_vs_direct_harmful,puzzler,direct_harmful,0.9404515027999878,0.05954849720001221,14562.244140625,16593.201171875,-2030.95703125
jbshield-gemma-phase2-gemma-2-27b-it,gemma-2-27b-it,user_prompt,22,attack_vs_harmless,puzzler,none,0.9577765464782715,0.042223453521728516,14562.244140625,21526.861328125,-6964.6171875
jbshield-gemma-phase2-gemma-2-27b-it,gemma-2-27b-it,user_prompt,22,attack_vs_direct_harmful,saa,direct_harmful,0.9711660742759705,0.02883392572402954,14512.4111328125,16593.201171875,-2080.7900390625
jbshield-gemma-phase2-gemma-2-27b-it,gemma-2-27b-it,user_prompt,22,attack_vs_harmless,saa,none,0.9811552166938782,0.018844783306121826,14512.4111328125,21526.861328125,-7014.4501953125
jbshield-gemma-phase2-gemma-2-27b-it,gemma-2-27b-it,user_prompt,22,attack_vs_direct_harmful,zulu,direct_harmful,0.9892095327377319,0.010790467262268066,10512.2216796875,16593.201171875,-6080.9794921875
jbshield-gemma-phase2-gemma-2-27b-it,gemma-2-27b-it,user_prompt,22,attack_vs_harmless,zulu,none,0.9894187450408936,0.010581254959106445,10512.2216796875,21526.861328125,-11014.6396484375
jbshield-gemma-phase2-gemma-2-27b-it,gemma-2-27b-it,user_prompt,23,label_1_vs_label_0,label_1,label_0,0.9936108589172363,0.006389141082763672,14447.716796875,22051.306640625,-7603.58984375
jbshield-gemma-phase2-gemma-2-27b-it,gemma-2-27b-it,user_prompt,23,direct_harmful_vs_harmless,direct_harmful,none,0.9926018118858337,0.00739818811416626,17354.908203125,22221.474609375,-4866.56640625
jbshield-gemma-phase2-gemma-2-27b-it,gemma-2-27b-it,user_prompt,23,attack_vs_direct_harmful,autodan,direct_harmful,0.992970883846283,0.007029116153717041,15667.6767578125,17354.908203125,-1687.2314453125
jbshield-gemma-phase2-gemma-2-27b-it,gemma-2-27b-it,user_prompt,23,attack_vs_harmless,autodan,none,0.9937394261360168,0.006260573863983154,15667.6767578125,22221.474609375,-6553.7978515625
jbshield-gemma-phase2-gemma-2-27b-it,gemma-2-27b-it,user_prompt,23,attack_vs_direct_harmful,base64,direct_harmful,0.9870030879974365,0.012996912002563477,11628.87890625,17354.908203125,-5726.029296875
jbshield-gemma-phase2-gemma-2-27b-it,gemma-2-27b-it,user_prompt,23,attack_vs_harmless,base64,none,0.9906970858573914,0.009302914142608643,11628.87890625,22221.474609375,-10592.595703125
jbshield-gemma-phase2-gemma-2-27b-it,gemma-2-27b-it,user_prompt,23,attack_vs_direct_harmful,drattack,direct_harmful,0.9499760270118713,0.05002397298812866,15734.794921875,17354.908203125,-1620.11328125
jbshield-gemma-phase2-gemma-2-27b-it,gemma-2-27b-it,user_prompt,23,attack_vs_harmless,drattack,none,0.9699721932411194,0.030027806758880615,15734.794921875,22221.474609375,-6486.6796875
jbshield-gemma-phase2-gemma-2-27b-it,gemma-2-27b-it,user_prompt,23,attack_vs_direct_harmful,gcg,direct_harmful,0.9933037757873535,0.006696224212646484,15425.0859375,17354.908203125,-1929.822265625
jbshield-gemma-phase2-gemma-2-27b-it,gemma-2-27b-it,user_prompt,23,attack_vs_harmless,gcg,none,0.9917579293251038,0.00824207067489624,15425.0859375,22221.474609375,-6796.388671875
jbshield-gemma-phase2-gemma-2-27b-it,gemma-2-27b-it,user_prompt,23,attack_vs_direct_harmful,ijp,direct_harmful,0.9774900674819946,0.02250993251800537,15462.60546875,17354.908203125,-1892.302734375
jbshield-gemma-phase2-gemma-2-27b-it,gemma-2-27b-it,user_prompt,23,attack_vs_harmless,ijp,none,0.9825695753097534,0.017430424690246582,15462.60546875,22221.474609375,-6758.869140625
jbshield-gemma-phase2-gemma-2-27b-it,gemma-2-27b-it,user_prompt,23,attack_vs_direct_harmful,pair,direct_harmful,0.9954738616943359,0.0045261383056640625,17109.58203125,17354.908203125,-245.326171875
jbshield-gemma-phase2-gemma-2-27b-it,gemma-2-27b-it,user_prompt,23,attack_vs_harmless,pair,none,0.9932815432548523,0.006718456745147705,17109.58203125,22221.474609375,-5111.892578125
jbshield-gemma-phase2-gemma-2-27b-it,gemma-2-27b-it,user_prompt,23,attack_vs_direct_harmful,puzzler,direct_harmful,0.9337729215621948,0.06622707843780518,15197.421875,17354.908203125,-2157.486328125
jbshield-gemma-phase2-gemma-2-27b-it,gemma-2-27b-it,user_prompt,23,attack_vs_harmless,puzzler,none,0.9521522521972656,0.047847747802734375,15197.421875,22221.474609375,-7024.052734375
jbshield-gemma-phase2-gemma-2-27b-it,gemma-2-27b-it,user_prompt,23,attack_vs_direct_harmful,saa,direct_harmful,0.965548574924469,0.034451425075531006,15142.4033203125,17354.908203125,-2212.5048828125
jbshield-gemma-phase2-gemma-2-27b-it,gemma-2-27b-it,user_prompt,23,attack_vs_harmless,saa,none,0.9752007722854614,0.024799227714538574,15142.4033203125,22221.474609375,-7079.0712890625
jbshield-gemma-phase2-gemma-2-27b-it,gemma-2-27b-it,user_prompt,23,attack_vs_direct_harmful,zulu,direct_harmful,0.988126814365387,0.011873185634613037,10699.3310546875,17354.908203125,-6655.5771484375
jbshield-gemma-phase2-gemma-2-27b-it,gemma-2-27b-it,user_prompt,23,attack_vs_harmless,zulu,none,0.9882553219795227,0.011744678020477295,10699.3310546875,22221.474609375,-11522.1435546875
jbshield-gemma-phase2-gemma-2-27b-it,gemma-2-27b-it,user_prompt,24,label_1_vs_label_0,label_1,label_0,0.9934478402137756,0.006552159786224365,14620.7060546875,22594.396484375,-7973.6904296875
jbshield-gemma-phase2-gemma-2-27b-it,gemma-2-27b-it,user_prompt,24,direct_harmful_vs_harmless,direct_harmful,none,0.9920520782470703,0.007947921752929688,17666.576171875,22773.146484375,-5106.5703125
jbshield-gemma-phase2-gemma-2-27b-it,gemma-2-27b-it,user_prompt,24,attack_vs_direct_harmful,autodan,direct_harmful,0.992811381816864,0.007188618183135986,15724.263671875,17666.576171875,-1942.3125
jbshield-gemma-phase2-gemma-2-27b-it,gemma-2-27b-it,user_prompt,24,attack_vs_harmless,autodan,none,0.9930569529533386,0.006943047046661377,15724.263671875,22773.146484375,-7048.8828125
jbshield-gemma-phase2-gemma-2-27b-it,gemma-2-27b-it,user_prompt,24,attack_vs_direct_harmful,base64,direct_harmful,0.9864841103553772,0.013515889644622803,11443.056640625,17666.576171875,-6223.51953125
jbshield-gemma-phase2-gemma-2-27b-it,gemma-2-27b-it,user_prompt,24,attack_vs_harmless,base64,none,0.9897352457046509,0.010264754295349121,11443.056640625,22773.146484375,-11330.08984375
jbshield-gemma-phase2-gemma-2-27b-it,gemma-2-27b-it,user_prompt,24,attack_vs_direct_harmful,drattack,direct_harmful,0.9509971737861633,0.04900282621383667,16214.6435546875,17666.576171875,-1451.9326171875
jbshield-gemma-phase2-gemma-2-27b-it,gemma-2-27b-it,user_prompt,24,attack_vs_harmless,drattack,none,0.9712483286857605,0.028751671314239502,16214.6435546875,22773.146484375,-6558.5029296875
jbshield-gemma-phase2-gemma-2-27b-it,gemma-2-27b-it,user_prompt,24,attack_vs_direct_harmful,gcg,direct_harmful,0.9933785796165466,0.006621420383453369,15622.466796875,17666.576171875,-2044.109375
jbshield-gemma-phase2-gemma-2-27b-it,gemma-2-27b-it,user_prompt,24,attack_vs_harmless,gcg,none,0.9915390610694885,0.008460938930511475,15622.466796875,22773.146484375,-7150.6796875
jbshield-gemma-phase2-gemma-2-27b-it,gemma-2-27b-it,user_prompt,24,attack_vs_direct_harmful,ijp,direct_harmful,0.9775776267051697,0.022422373294830322,15775.90625,17666.576171875,-1890.669921875
jbshield-gemma-phase2-gemma-2-27b-it,gemma-2-27b-it,user_prompt,24,attack_vs_harmless,ijp,none,0.982620894908905,0.01737910509109497,15775.90625,22773.146484375,-6997.240234375
jbshield-gemma-phase2-gemma-2-27b-it,gemma-2-27b-it,user_prompt,24,attack_vs_direct_harmful,pair,direct_harmful,0.9952313899993896,0.0047686100006103516,17485.08984375,17666.576171875,-181.486328125
jbshield-gemma-phase2-gemma-2-27b-it,gemma-2-27b-it,user_prompt,24,attack_vs_harmless,pair,none,0.9928231239318848,0.007176876068115234,17485.08984375,22773.146484375,-5288.056640625
jbshield-gemma-phase2-gemma-2-27b-it,gemma-2-27b-it,user_prompt,24,attack_vs_direct_harmful,puzzler,direct_harmful,0.9361041188240051,0.06389588117599487,15821.3076171875,17666.576171875,-1845.2685546875
jbshield-gemma-phase2-gemma-2-27b-it,gemma-2-27b-it,user_prompt,24,attack_vs_harmless,puzzler,none,0.9545280337333679,0.04547196626663208,15821.3076171875,22773.146484375,-6951.8388671875
jbshield-gemma-phase2-gemma-2-27b-it,gemma-2-27b-it,user_prompt,24,attack_vs_direct_harmful,saa,direct_harmful,0.9666118621826172,0.03338813781738281,15320.0595703125,17666.576171875,-2346.5166015625
jbshield-gemma-phase2-gemma-2-27b-it,gemma-2-27b-it,user_prompt,24,attack_vs_harmless,saa,none,0.9759548902511597,0.024045109748840332,15320.0595703125,22773.146484375,-7453.0869140625
jbshield-gemma-phase2-gemma-2-27b-it,gemma-2-27b-it,user_prompt,24,attack_vs_direct_harmful,zulu,direct_harmful,0.9874418377876282,0.012558162212371826,10767.142578125,17666.576171875,-6899.43359375
jbshield-gemma-phase2-gemma-2-27b-it,gemma-2-27b-it,user_prompt,24,attack_vs_harmless,zulu,none,0.9878209829330444,0.012179017066955566,10767.142578125,22773.146484375,-12006.00390625
jbshield-gemma-phase2-gemma-2-27b-it,gemma-2-27b-it,user_prompt,25,label_1_vs_label_0,label_1,label_0,0.9930887222290039,0.006911277770996094,15033.671875,22934.283203125,-7900.611328125
jbshield-gemma-phase2-gemma-2-27b-it,gemma-2-27b-it,user_prompt,25,direct_harmful_vs_harmless,direct_harmful,none,0.9912952780723572,0.008704721927642822,17804.70703125,23120.654296875,-5315.947265625
jbshield-gemma-phase2-gemma-2-27b-it,gemma-2-27b-it,user_prompt,25,attack_vs_direct_harmful,autodan,direct_harmful,0.9922149181365967,0.00778508186340332,16214.0888671875,17804.70703125,-1590.6181640625
jbshield-gemma-phase2-gemma-2-27b-it,gemma-2-27b-it,user_prompt,25,attack_vs_harmless,autodan,none,0.9926105737686157,0.007389426231384277,16214.0888671875,23120.654296875,-6906.5654296875
jbshield-gemma-phase2-gemma-2-27b-it,gemma-2-27b-it,user_prompt,25,attack_vs_direct_harmful,base64,direct_harmful,0.9841757416725159,0.01582425832748413,11441.6572265625,17804.70703125,-6363.0498046875
jbshield-gemma-phase2-gemma-2-27b-it,gemma-2-27b-it,user_prompt,25,attack_vs_harmless,base64,none,0.9878944754600525,0.01210552453994751,11441.6572265625,23120.654296875,-11678.9970703125
jbshield-gemma-phase2-gemma-2-27b-it,gemma-2-27b-it,user_prompt,25,attack_vs_direct_harmful,drattack,direct_harmful,0.9523504376411438,0.0476495623588562,17009.830078125,17804.70703125,-794.876953125
jbshield-gemma-phase2-gemma-2-27b-it,gemma-2-27b-it,user_prompt,25,attack_vs_harmless,drattack,none,0.9723814725875854,0.02761852741241455,17009.830078125,23120.654296875,-6110.82421875
jbshield-gemma-phase2-gemma-2-27b-it,gemma-2-27b-it,user_prompt,25,attack_vs_direct_harmful,gcg,direct_harmful,0.9932788610458374,0.006721138954162598,15928.8779296875,17804.70703125,-1875.8291015625
jbshield-gemma-phase2-gemma-2-27b-it,gemma-2-27b-it,user_prompt,25,attack_vs_harmless,gcg,none,0.9915042519569397,0.008495748043060303,15928.8779296875,23120.654296875,-7191.7763671875
jbshield-gemma-phase2-gemma-2-27b-it,gemma-2-27b-it,user_prompt,25,attack_vs_direct_harmful,ijp,direct_harmful,0.9773330092430115,0.022666990756988525,16473.080078125,17804.70703125,-1331.626953125
jbshield-gemma-phase2-gemma-2-27b-it,gemma-2-27b-it,user_prompt,25,attack_vs_harmless,ijp,none,0.9824588894844055,0.017541110515594482,16473.080078125,23120.654296875,-6647.57421875
jbshield-gemma-phase2-gemma-2-27b-it,gemma-2-27b-it,user_prompt,25,attack_vs_direct_harmful,pair,direct_harmful,0.9948356747627258,0.00516432523727417,17972.314453125,17804.70703125,167.607421875
jbshield-gemma-phase2-gemma-2-27b-it,gemma-2-27b-it,user_prompt,25,attack_vs_harmless,pair,none,0.9923636317253113,0.007636368274688721,17972.314453125,23120.654296875,-5148.33984375
jbshield-gemma-phase2-gemma-2-27b-it,gemma-2-27b-it,user_prompt,25,attack_vs_direct_harmful,puzzler,direct_harmful,0.9384406208992004,0.06155937910079956,16941.791015625,17804.70703125,-862.916015625
jbshield-gemma-phase2-gemma-2-27b-it,gemma-2-27b-it,user_prompt,25,attack_vs_harmless,puzzler,none,0.9562683701515198,0.043731629848480225,16941.791015625,23120.654296875,-6178.86328125
jbshield-gemma-phase2-gemma-2-27b-it,gemma-2-27b-it,user_prompt,25,attack_vs_direct_harmful,saa,direct_harmful,0.9673556685447693,0.03264433145523071,15886.49609375,17804.70703125,-1918.2109375
jbshield-gemma-phase2-gemma-2-27b-it,gemma-2-27b-it,user_prompt,25,attack_vs_harmless,saa,none,0.9765574336051941,0.023442566394805908,15886.49609375,23120.654296875,-7234.158203125
jbshield-gemma-phase2-gemma-2-27b-it,gemma-2-27b-it,user_prompt,25,attack_vs_direct_harmful,zulu,direct_harmful,0.9798767566680908,0.02012324333190918,10916.8642578125,17804.70703125,-6887.8427734375
jbshield-gemma-phase2-gemma-2-27b-it,gemma-2-27b-it,user_prompt,25,attack_vs_harmless,zulu,none,0.9810886383056641,0.018911361694335938,10916.8642578125,23120.654296875,-12203.7900390625
jbshield-gemma-phase2-gemma-2-27b-it,gemma-2-27b-it,user_prompt,26,label_1_vs_label_0,label_1,label_0,0.9935818314552307,0.006418168544769287,15799.1904296875,24687.525390625,-8888.3349609375
jbshield-gemma-phase2-gemma-2-27b-it,gemma-2-27b-it,user_prompt,26,direct_harmful_vs_harmless,direct_harmful,none,0.9913372993469238,0.008662700653076172,18774.0390625,24901.83203125,-6127.79296875
jbshield-gemma-phase2-gemma-2-27b-it,gemma-2-27b-it,user_prompt,26,attack_vs_direct_harmful,autodan,direct_harmful,0.9928135275840759,0.007186472415924072,17003.1484375,18774.0390625,-1770.890625
jbshield-gemma-phase2-gemma-2-27b-it,gemma-2-27b-it,user_prompt,26,attack_vs_harmless,autodan,none,0.9929121136665344,0.007087886333465576,17003.1484375,24901.83203125,-7898.68359375
jbshield-gemma-phase2-gemma-2-27b-it,gemma-2-27b-it,user_prompt,26,attack_vs_direct_harmful,base64,direct_harmful,0.9850139617919922,0.014986038208007812,11942.9072265625,18774.0390625,-6831.1318359375
jbshield-gemma-phase2-gemma-2-27b-it,gemma-2-27b-it,user_prompt,26,attack_vs_harmless,base64,none,0.9884820580482483,0.011517941951751709,11942.9072265625,24901.83203125,-12958.9248046875
jbshield-gemma-phase2-gemma-2-27b-it,gemma-2-27b-it,user_prompt,26,attack_vs_direct_harmful,drattack,direct_harmful,0.9567012786865234,0.04329872131347656,18108.65234375,18774.0390625,-665.38671875
jbshield-gemma-phase2-gemma-2-27b-it,gemma-2-27b-it,user_prompt,26,attack_vs_harmless,drattack,none,0.9758372902870178,0.024162709712982178,18108.65234375,24901.83203125,-6793.1796875
jbshield-gemma-phase2-gemma-2-27b-it,gemma-2-27b-it,user_prompt,26,attack_vs_direct_harmful,gcg,direct_harmful,0.9936435222625732,0.006356477737426758,16691.451171875,18774.0390625,-2082.587890625
jbshield-gemma-phase2-gemma-2-27b-it,gemma-2-27b-it,user_prompt,26,attack_vs_harmless,gcg,none,0.9916074275970459,0.008392572402954102,16691.451171875,24901.83203125,-8210.380859375
jbshield-gemma-phase2-gemma-2-27b-it,gemma-2-27b-it,user_prompt,26,attack_vs_direct_harmful,ijp,direct_harmful,0.9788408875465393,0.021159112453460693,17363.619140625,18774.0390625,-1410.419921875
jbshield-gemma-phase2-gemma-2-27b-it,gemma-2-27b-it,user_prompt,26,attack_vs_harmless,ijp,none,0.9838898777961731,0.016110122203826904,17363.619140625,24901.83203125,-7538.212890625
jbshield-gemma-phase2-gemma-2-27b-it,gemma-2-27b-it,user_prompt,26,attack_vs_direct_harmful,pair,direct_harmful,0.9950321912765503,0.004967808723449707,19005.333984375,18774.0390625,231.294921875
jbshield-gemma-phase2-gemma-2-27b-it,gemma-2-27b-it,user_prompt,26,attack_vs_harmless,pair,none,0.9926801919937134,0.007319808006286621,19005.333984375,24901.83203125,-5896.498046875
jbshield-gemma-phase2-gemma-2-27b-it,gemma-2-27b-it,user_prompt,26,attack_vs_direct_harmful,puzzler,direct_harmful,0.9441686272621155,0.05583137273788452,18097.306640625,18774.0390625,-676.732421875
jbshield-gemma-phase2-gemma-2-27b-it,gemma-2-27b-it,user_prompt,26,attack_vs_harmless,puzzler,none,0.9616735577583313,0.0383264422416687,18097.306640625,24901.83203125,-6804.525390625
jbshield-gemma-phase2-gemma-2-27b-it,gemma-2-27b-it,user_prompt,26,attack_vs_direct_harmful,saa,direct_harmful,0.9693508148193359,0.030649185180664062,16555.6484375,18774.0390625,-2218.390625
jbshield-gemma-phase2-gemma-2-27b-it,gemma-2-27b-it,user_prompt,26,attack_vs_harmless,saa,none,0.9780638217926025,0.02193617820739746,16555.6484375,24901.83203125,-8346.18359375
jbshield-gemma-phase2-gemma-2-27b-it,gemma-2-27b-it,user_prompt,26,attack_vs_direct_harmful,zulu,direct_harmful,0.9814812541007996,0.01851874589920044,11380.7216796875,18774.0390625,-7393.3173828125
jbshield-gemma-phase2-gemma-2-27b-it,gemma-2-27b-it,user_prompt,26,attack_vs_harmless,zulu,none,0.9823645949363708,0.01763540506362915,11380.7216796875,24901.83203125,-13521.1103515625
jbshield-gemma-phase2-gemma-2-27b-it,gemma-2-27b-it,user_prompt,27,label_1_vs_label_0,label_1,label_0,0.9944039583206177,0.005596041679382324,17398.966796875,26773.96875,-9375.001953125
jbshield-gemma-phase2-gemma-2-27b-it,gemma-2-27b-it,user_prompt,27,direct_harmful_vs_harmless,direct_harmful,none,0.9920443296432495,0.007955670356750488,20466.14453125,27002.19921875,-6536.0546875
jbshield-gemma-phase2-gemma-2-27b-it,gemma-2-27b-it,user_prompt,27,attack_vs_direct_harmful,autodan,direct_harmful,0.9935239553451538,0.006476044654846191,18821.193359375,20466.14453125,-1644.951171875
jbshield-gemma-phase2-gemma-2-27b-it,gemma-2-27b-it,user_prompt,27,attack_vs_harmless,autodan,none,0.9937946796417236,0.006205320358276367,18821.193359375,27002.19921875,-8181.005859375
jbshield-gemma-phase2-gemma-2-27b-it,gemma-2-27b-it,user_prompt,27,attack_vs_direct_harmful,base64,direct_harmful,0.9853954315185547,0.014604568481445312,13106.7685546875,20466.14453125,-7359.3759765625
jbshield-gemma-phase2-gemma-2-27b-it,gemma-2-27b-it,user_prompt,27,attack_vs_harmless,base64,none,0.9889782071113586,0.011021792888641357,13106.7685546875,27002.19921875,-13895.4306640625
jbshield-gemma-phase2-gemma-2-27b-it,gemma-2-27b-it,user_prompt,27,attack_vs_direct_harmful,drattack,direct_harmful,0.9619932770729065,0.038006722927093506,20068.951171875,20466.14453125,-397.193359375
jbshield-gemma-phase2-gemma-2-27b-it,gemma-2-27b-it,user_prompt,27,attack_vs_harmless,drattack,none,0.9792766571044922,0.020723342895507812,20068.951171875,27002.19921875,-6933.248046875
jbshield-gemma-phase2-gemma-2-27b-it,gemma-2-27b-it,user_prompt,27,attack_vs_direct_harmful,gcg,direct_harmful,0.9941715002059937,0.005828499794006348,18360.89453125,20466.14453125,-2105.25
jbshield-gemma-phase2-gemma-2-27b-it,gemma-2-27b-it,user_prompt,27,attack_vs_harmless,gcg,none,0.9927213191986084,0.0072786808013916016,18360.89453125,27002.19921875,-8641.3046875
jbshield-gemma-phase2-gemma-2-27b-it,gemma-2-27b-it,user_prompt,27,attack_vs_direct_harmful,ijp,direct_harmful,0.9812769293785095,0.01872307062149048,19186.177734375,20466.14453125,-1279.966796875
jbshield-gemma-phase2-gemma-2-27b-it,gemma-2-27b-it,user_prompt,27,attack_vs_harmless,ijp,none,0.9862285256385803,0.013771474361419678,19186.177734375,27002.19921875,-7816.021484375
jbshield-gemma-phase2-gemma-2-27b-it,gemma-2-27b-it,user_prompt,27,attack_vs_direct_harmful,pair,direct_harmful,0.9954842329025269,0.0045157670974731445,20860.205078125,20466.14453125,394.060546875
jbshield-gemma-phase2-gemma-2-27b-it,gemma-2-27b-it,user_prompt,27,attack_vs_harmless,pair,none,0.9934967160224915,0.006503283977508545,20860.205078125,27002.19921875,-6141.994140625
jbshield-gemma-phase2-gemma-2-27b-it,gemma-2-27b-it,user_prompt,27,attack_vs_direct_harmful,puzzler,direct_harmful,0.9515053033828735,0.048494696617126465,20131.875,20466.14453125,-334.26953125
jbshield-gemma-phase2-gemma-2-27b-it,gemma-2-27b-it,user_prompt,27,attack_vs_harmless,puzzler,none,0.9670953750610352,0.032904624938964844,20131.875,27002.19921875,-6870.32421875
jbshield-gemma-phase2-gemma-2-27b-it,gemma-2-27b-it,user_prompt,27,attack_vs_direct_harmful,saa,direct_harmful,0.9731405377388,0.02685946226119995,18297.912109375,20466.14453125,-2168.232421875
jbshield-gemma-phase2-gemma-2-27b-it,gemma-2-27b-it,user_prompt,27,attack_vs_harmless,saa,none,0.9814507961273193,0.018549203872680664,18297.912109375,27002.19921875,-8704.287109375
jbshield-gemma-phase2-gemma-2-27b-it,gemma-2-27b-it,user_prompt,27,attack_vs_direct_harmful,zulu,direct_harmful,0.9800982475280762,0.019901752471923828,12269.6748046875,20466.14453125,-8196.4697265625
jbshield-gemma-phase2-gemma-2-27b-it,gemma-2-27b-it,user_prompt,27,attack_vs_harmless,zulu,none,0.9805935621261597,0.019406437873840332,12269.6748046875,27002.19921875,-14732.5244140625
jbshield-gemma-phase2-gemma-2-27b-it,gemma-2-27b-it,user_prompt,28,label_1_vs_label_0,label_1,label_0,0.9952137470245361,0.004786252975463867,18043.1328125,27783.40234375,-9740.26953125
jbshield-gemma-phase2-gemma-2-27b-it,gemma-2-27b-it,user_prompt,28,direct_harmful_vs_harmless,direct_harmful,none,0.9929859638214111,0.007014036178588867,21128.44921875,28023.375,-6894.92578125
jbshield-gemma-phase2-gemma-2-27b-it,gemma-2-27b-it,user_prompt,28,attack_vs_direct_harmful,autodan,direct_harmful,0.9944008588790894,0.0055991411209106445,19268.974609375,21128.44921875,-1859.474609375
jbshield-gemma-phase2-gemma-2-27b-it,gemma-2-27b-it,user_prompt,28,attack_vs_harmless,autodan,none,0.9945300817489624,0.005469918251037598,19268.974609375,28023.375,-8754.400390625
jbshield-gemma-phase2-gemma-2-27b-it,gemma-2-27b-it,user_prompt,28,attack_vs_direct_harmful,base64,direct_harmful,0.9869670271873474,0.013032972812652588,13883.591796875,21128.44921875,-7244.857421875
jbshield-gemma-phase2-gemma-2-27b-it,gemma-2-27b-it,user_prompt,28,attack_vs_harmless,base64,none,0.990333080291748,0.009666919708251953,13883.591796875,28023.375,-14139.783203125
jbshield-gemma-phase2-gemma-2-27b-it,gemma-2-27b-it,user_prompt,28,attack_vs_direct_harmful,drattack,direct_harmful,0.967946469783783,0.03205353021621704,20727.58203125,21128.44921875,-400.8671875
jbshield-gemma-phase2-gemma-2-27b-it,gemma-2-27b-it,user_prompt,28,attack_vs_harmless,drattack,none,0.9826241731643677,0.017375826835632324,20727.58203125,28023.375,-7295.79296875
jbshield-gemma-phase2-gemma-2-27b-it,gemma-2-27b-it,user_prompt,28,attack_vs_direct_harmful,gcg,direct_harmful,0.9951033592224121,0.004896640777587891,19008.15625,21128.44921875,-2120.29296875
jbshield-gemma-phase2-gemma-2-27b-it,gemma-2-27b-it,user_prompt,28,attack_vs_harmless,gcg,none,0.9936825633049011,0.006317436695098877,19008.15625,28023.375,-9015.21875
jbshield-gemma-phase2-gemma-2-27b-it,gemma-2-27b-it,user_prompt,28,attack_vs_direct_harmful,ijp,direct_harmful,0.984041690826416,0.015958309173583984,19708.341796875,21128.44921875,-1420.107421875
jbshield-gemma-phase2-gemma-2-27b-it,gemma-2-27b-it,user_prompt,28,attack_vs_harmless,ijp,none,0.9882498383522034,0.01175016164779663,19708.341796875,28023.375,-8315.033203125
jbshield-gemma-phase2-gemma-2-27b-it,gemma-2-27b-it,user_prompt,28,attack_vs_direct_harmful,pair,direct_harmful,0.9959813952445984,0.004018604755401611,21442.36328125,21128.44921875,313.9140625
jbshield-gemma-phase2-gemma-2-27b-it,gemma-2-27b-it,user_prompt,28,attack_vs_harmless,pair,none,0.9941686391830444,0.005831360816955566,21442.36328125,28023.375,-6581.01171875
jbshield-gemma-phase2-gemma-2-27b-it,gemma-2-27b-it,user_prompt,28,attack_vs_direct_harmful,puzzler,direct_harmful,0.9590879082679749,0.040912091732025146,20852.763671875,21128.44921875,-275.685546875
jbshield-gemma-phase2-gemma-2-27b-it,gemma-2-27b-it,user_prompt,28,attack_vs_harmless,puzzler,none,0.9720710515975952,0.027928948402404785,20852.763671875,28023.375,-7170.611328125
jbshield-gemma-phase2-gemma-2-27b-it,gemma-2-27b-it,user_prompt,28,attack_vs_direct_harmful,saa,direct_harmful,0.9772292971611023,0.022770702838897705,18674.302734375,21128.44921875,-2454.146484375
jbshield-gemma-phase2-gemma-2-27b-it,gemma-2-27b-it,user_prompt,28,attack_vs_harmless,saa,none,0.9841294288635254,0.01587057113647461,18674.302734375,28023.375,-9349.072265625
jbshield-gemma-phase2-gemma-2-27b-it,gemma-2-27b-it,user_prompt,28,attack_vs_direct_harmful,zulu,direct_harmful,0.9817087054252625,0.01829129457473755,13330.1123046875,21128.44921875,-7798.3369140625
jbshield-gemma-phase2-gemma-2-27b-it,gemma-2-27b-it,user_prompt,28,attack_vs_harmless,zulu,none,0.9827216863632202,0.017278313636779785,13330.1123046875,28023.375,-14693.2626953125
jbshield-gemma-phase2-gemma-2-27b-it,gemma-2-27b-it,user_prompt,29,label_1_vs_label_0,label_1,label_0,0.9949992895126343,0.005000710487365723,18092.822265625,28653.2109375,-10560.388671875
jbshield-gemma-phase2-gemma-2-27b-it,gemma-2-27b-it,user_prompt,29,direct_harmful_vs_harmless,direct_harmful,none,0.9925864934921265,0.007413506507873535,21353.0625,28916.3046875,-7563.2421875
jbshield-gemma-phase2-gemma-2-27b-it,gemma-2-27b-it,user_prompt,29,attack_vs_direct_harmful,autodan,direct_harmful,0.9941961169242859,0.005803883075714111,19318.509765625,21353.0625,-2034.552734375
jbshield-gemma-phase2-gemma-2-27b-it,gemma-2-27b-it,user_prompt,29,attack_vs_harmless,autodan,none,0.9941169023513794,0.0058830976486206055,19318.509765625,28916.3046875,-9597.794921875
jbshield-gemma-phase2-gemma-2-27b-it,gemma-2-27b-it,user_prompt,29,attack_vs_direct_harmful,base64,direct_harmful,0.9852156639099121,0.01478433609008789,13944.6533203125,21353.0625,-7408.4091796875
jbshield-gemma-phase2-gemma-2-27b-it,gemma-2-27b-it,user_prompt,29,attack_vs_harmless,base64,none,0.988876461982727,0.01112353801727295,13944.6533203125,28916.3046875,-14971.6513671875
jbshield-gemma-phase2-gemma-2-27b-it,gemma-2-27b-it,user_prompt,29,attack_vs_direct_harmful,drattack,direct_harmful,0.9680498242378235,0.031950175762176514,20684.615234375,21353.0625,-668.447265625
jbshield-gemma-phase2-gemma-2-27b-it,gemma-2-27b-it,user_prompt,29,attack_vs_harmless,drattack,none,0.9829297065734863,0.017070293426513672,20684.615234375,28916.3046875,-8231.689453125
jbshield-gemma-phase2-gemma-2-27b-it,gemma-2-27b-it,user_prompt,29,attack_vs_direct_harmful,gcg,direct_harmful,0.9948739409446716,0.005126059055328369,19112.4921875,21353.0625,-2240.5703125
jbshield-gemma-phase2-gemma-2-27b-it,gemma-2-27b-it,user_prompt,29,attack_vs_harmless,gcg,none,0.9932690858840942,0.006730914115905762,19112.4921875,28916.3046875,-9803.8125
jbshield-gemma-phase2-gemma-2-27b-it,gemma-2-27b-it,user_prompt,29,attack_vs_direct_harmful,ijp,direct_harmful,0.9834120869636536,0.016587913036346436,19699.380859375,21353.0625,-1653.681640625
jbshield-gemma-phase2-gemma-2-27b-it,gemma-2-27b-it,user_prompt,29,attack_vs_harmless,ijp,none,0.9876962304115295,0.012303769588470459,19699.380859375,28916.3046875,-9216.923828125
jbshield-gemma-phase2-gemma-2-27b-it,gemma-2-27b-it,user_prompt,29,attack_vs_direct_harmful,pair,direct_harmful,0.9957984685897827,0.004201531410217285,21443.3984375,21353.0625,90.3359375
jbshield-gemma-phase2-gemma-2-27b-it,gemma-2-27b-it,user_prompt,29,attack_vs_harmless,pair,none,0.9936556816101074,0.006344318389892578,21443.3984375,28916.3046875,-7472.90625
jbshield-gemma-phase2-gemma-2-27b-it,gemma-2-27b-it,user_prompt,29,attack_vs_direct_harmful,puzzler,direct_harmful,0.9589443206787109,0.04105567932128906,20991.09375,21353.0625,-361.96875
jbshield-gemma-phase2-gemma-2-27b-it,gemma-2-27b-it,user_prompt,29,attack_vs_harmless,puzzler,none,0.9722050428390503,0.027794957160949707,20991.09375,28916.3046875,-7925.2109375
jbshield-gemma-phase2-gemma-2-27b-it,gemma-2-27b-it,user_prompt,29,attack_vs_direct_harmful,saa,direct_harmful,0.976449728012085,0.02355027198791504,18446.302734375,21353.0625,-2906.759765625
jbshield-gemma-phase2-gemma-2-27b-it,gemma-2-27b-it,user_prompt,29,attack_vs_harmless,saa,none,0.9834551811218262,0.016544818878173828,18446.302734375,28916.3046875,-10470.001953125
jbshield-gemma-phase2-gemma-2-27b-it,gemma-2-27b-it,user_prompt,29,attack_vs_direct_harmful,zulu,direct_harmful,0.9782731533050537,0.02172684669494629,13824.7607421875,21353.0625,-7528.3017578125
jbshield-gemma-phase2-gemma-2-27b-it,gemma-2-27b-it,user_prompt,29,attack_vs_harmless,zulu,none,0.9802418947219849,0.019758105278015137,13824.7607421875,28916.3046875,-15091.5439453125
jbshield-gemma-phase2-gemma-2-27b-it,gemma-2-27b-it,user_prompt,30,label_1_vs_label_0,label_1,label_0,0.9949145317077637,0.005085468292236328,18489.330078125,29542.447265625,-11053.1171875
jbshield-gemma-phase2-gemma-2-27b-it,gemma-2-27b-it,user_prompt,30,direct_harmful_vs_harmless,direct_harmful,none,0.9921366572380066,0.007863342761993408,21740.76171875,29823.6796875,-8082.91796875
jbshield-gemma-phase2-gemma-2-27b-it,gemma-2-27b-it,user_prompt,30,attack_vs_direct_harmful,autodan,direct_harmful,0.9941499829292297,0.005850017070770264,19738.76953125,21740.76171875,-2001.9921875
jbshield-gemma-phase2-gemma-2-27b-it,gemma-2-27b-it,user_prompt,30,attack_vs_harmless,autodan,none,0.9938265681266785,0.006173431873321533,19738.76953125,29823.6796875,-10084.91015625
jbshield-gemma-phase2-gemma-2-27b-it,gemma-2-27b-it,user_prompt,30,attack_vs_direct_harmful,base64,direct_harmful,0.9826791286468506,0.017320871353149414,14060.4384765625,21740.76171875,-7680.3232421875
jbshield-gemma-phase2-gemma-2-27b-it,gemma-2-27b-it,user_prompt,30,attack_vs_harmless,base64,none,0.9858675599098206,0.014132440090179443,14060.4384765625,29823.6796875,-15763.2412109375
jbshield-gemma-phase2-gemma-2-27b-it,gemma-2-27b-it,user_prompt,30,attack_vs_direct_harmful,drattack,direct_harmful,0.9688187837600708,0.0311812162399292,21389.650390625,21740.76171875,-351.111328125
jbshield-gemma-phase2-gemma-2-27b-it,gemma-2-27b-it,user_prompt,30,attack_vs_harmless,drattack,none,0.983722448348999,0.016277551651000977,21389.650390625,29823.6796875,-8434.029296875
jbshield-gemma-phase2-gemma-2-27b-it,gemma-2-27b-it,user_prompt,30,attack_vs_direct_harmful,gcg,direct_harmful,0.9948824048042297,0.005117595195770264,19551.6875,21740.76171875,-2189.07421875
jbshield-gemma-phase2-gemma-2-27b-it,gemma-2-27b-it,user_prompt,30,attack_vs_harmless,gcg,none,0.9931182265281677,0.006881773471832275,19551.6875,29823.6796875,-10271.9921875
jbshield-gemma-phase2-gemma-2-27b-it,gemma-2-27b-it,user_prompt,30,attack_vs_direct_harmful,ijp,direct_harmful,0.9832541346549988,0.01674586534500122,20211.849609375,21740.76171875,-1528.912109375
jbshield-gemma-phase2-gemma-2-27b-it,gemma-2-27b-it,user_prompt,30,attack_vs_harmless,ijp,none,0.9876678586006165,0.012332141399383545,20211.849609375,29823.6796875,-9611.830078125
jbshield-gemma-phase2-gemma-2-27b-it,gemma-2-27b-it,user_prompt,30,attack_vs_direct_harmful,pair,direct_harmful,0.9956615567207336,0.004338443279266357,21878.248046875,21740.76171875,137.486328125
jbshield-gemma-phase2-gemma-2-27b-it,gemma-2-27b-it,user_prompt,30,attack_vs_harmless,pair,none,0.9933784008026123,0.006621599197387695,21878.248046875,29823.6796875,-7945.431640625
jbshield-gemma-phase2-gemma-2-27b-it,gemma-2-27b-it,user_prompt,30,attack_vs_direct_harmful,puzzler,direct_harmful,0.9601986408233643,0.03980135917663574,21563.04296875,21740.76171875,-177.71875
jbshield-gemma-phase2-gemma-2-27b-it,gemma-2-27b-it,user_prompt,30,attack_vs_harmless,puzzler,none,0.9731342792510986,0.026865720748901367,21563.04296875,29823.6796875,-8260.63671875
jbshield-gemma-phase2-gemma-2-27b-it,gemma-2-27b-it,user_prompt,30,attack_vs_direct_harmful,saa,direct_harmful,0.9764693379402161,0.023530662059783936,19004.431640625,21740.76171875,-2736.330078125
jbshield-gemma-phase2-gemma-2-27b-it,gemma-2-27b-it,user_prompt,30,attack_vs_harmless,saa,none,0.9835043549537659,0.01649564504623413,19004.431640625,29823.6796875,-10819.248046875
jbshield-gemma-phase2-gemma-2-27b-it,gemma-2-27b-it,user_prompt,30,attack_vs_direct_harmful,zulu,direct_harmful,0.9759106040000916,0.024089395999908447,14009.2763671875,21740.76171875,-7731.4853515625
jbshield-gemma-phase2-gemma-2-27b-it,gemma-2-27b-it,user_prompt,30,attack_vs_harmless,zulu,none,0.9776772856712341,0.02232271432876587,14009.2763671875,29823.6796875,-15814.4033203125
jbshield-gemma-phase2-gemma-2-27b-it,gemma-2-27b-it,user_prompt,31,label_1_vs_label_0,label_1,label_0,0.9955265522003174,0.004473447799682617,19902.359375,31148.66796875,-11246.30859375
jbshield-gemma-phase2-gemma-2-27b-it,gemma-2-27b-it,user_prompt,31,direct_harmful_vs_harmless,direct_harmful,none,0.9929603338241577,0.007039666175842285,23112.25390625,31437.8984375,-8325.64453125
jbshield-gemma-phase2-gemma-2-27b-it,gemma-2-27b-it,user_prompt,31,attack_vs_direct_harmful,autodan,direct_harmful,0.9947994351387024,0.005200564861297607,21156.859375,23112.25390625,-1955.39453125
jbshield-gemma-phase2-gemma-2-27b-it,gemma-2-27b-it,user_prompt,31,attack_vs_harmless,autodan,none,0.9945891499519348,0.0054108500480651855,21156.859375,31437.8984375,-10281.0390625
jbshield-gemma-phase2-gemma-2-27b-it,gemma-2-27b-it,user_prompt,31,attack_vs_direct_harmful,base64,direct_harmful,0.9843430519104004,0.01565694808959961,15373.5869140625,23112.25390625,-7738.6669921875
jbshield-gemma-phase2-gemma-2-27b-it,gemma-2-27b-it,user_prompt,31,attack_vs_harmless,base64,none,0.9875816702842712,0.01241832971572876,15373.5869140625,31437.8984375,-16064.3115234375
jbshield-gemma-phase2-gemma-2-27b-it,gemma-2-27b-it,user_prompt,31,attack_vs_direct_harmful,drattack,direct_harmful,0.9728024005889893,0.027197599411010742,22856.9765625,23112.25390625,-255.27734375
jbshield-gemma-phase2-gemma-2-27b-it,gemma-2-27b-it,user_prompt,31,attack_vs_harmless,drattack,none,0.9858258962631226,0.014174103736877441,22856.9765625,31437.8984375,-8580.921875
jbshield-gemma-phase2-gemma-2-27b-it,gemma-2-27b-it,user_prompt,31,attack_vs_direct_harmful,gcg,direct_harmful,0.9954802989959717,0.00451970100402832,20910.3125,23112.25390625,-2201.94140625
jbshield-gemma-phase2-gemma-2-27b-it,gemma-2-27b-it,user_prompt,31,attack_vs_harmless,gcg,none,0.9939453601837158,0.00605463981628418,20910.3125,31437.8984375,-10527.5859375
jbshield-gemma-phase2-gemma-2-27b-it,gemma-2-27b-it,user_prompt,31,attack_vs_direct_harmful,ijp,direct_harmful,0.985251784324646,0.014748215675354004,21640.8671875,23112.25390625,-1471.38671875
jbshield-gemma-phase2-gemma-2-27b-it,gemma-2-27b-it,user_prompt,31,attack_vs_harmless,ijp,none,0.9892351627349854,0.010764837265014648,21640.8671875,31437.8984375,-9797.03125
jbshield-gemma-phase2-gemma-2-27b-it,gemma-2-27b-it,user_prompt,31,attack_vs_direct_harmful,pair,direct_harmful,0.9960765242576599,0.003923475742340088,23270.35546875,23112.25390625,158.1015625
jbshield-gemma-phase2-gemma-2-27b-it,gemma-2-27b-it,user_prompt,31,attack_vs_harmless,pair,none,0.9940800070762634,0.005919992923736572,23270.35546875,31437.8984375,-8167.54296875
jbshield-gemma-phase2-gemma-2-27b-it,gemma-2-27b-it,user_prompt,31,attack_vs_direct_harmful,puzzler,direct_harmful,0.9654557108879089,0.034544289112091064,23166.033203125,23112.25390625,53.779296875
jbshield-gemma-phase2-gemma-2-27b-it,gemma-2-27b-it,user_prompt,31,attack_vs_harmless,puzzler,none,0.9767253398895264,0.023274660110473633,23166.033203125,31437.8984375,-8271.865234375
jbshield-gemma-phase2-gemma-2-27b-it,gemma-2-27b-it,user_prompt,31,attack_vs_direct_harmful,saa,direct_harmful,0.9793815016746521,0.0206184983253479,20311.01953125,23112.25390625,-2801.234375
jbshield-gemma-phase2-gemma-2-27b-it,gemma-2-27b-it,user_prompt,31,attack_vs_harmless,saa,none,0.9855825901031494,0.014417409896850586,20311.01953125,31437.8984375,-11126.87890625
jbshield-gemma-phase2-gemma-2-27b-it,gemma-2-27b-it,user_prompt,31,attack_vs_direct_harmful,zulu,direct_harmful,0.9766654968261719,0.023334503173828125,15611.328125,23112.25390625,-7500.92578125
jbshield-gemma-phase2-gemma-2-27b-it,gemma-2-27b-it,user_prompt,31,attack_vs_harmless,zulu,none,0.9788117408752441,0.02118825912475586,15611.328125,31437.8984375,-15826.5703125
jbshield-gemma-phase2-gemma-2-27b-it,gemma-2-27b-it,user_prompt,32,label_1_vs_label_0,label_1,label_0,0.996218740940094,0.003781259059906006,22037.369140625,33700.765625,-11663.396484375
jbshield-gemma-phase2-gemma-2-27b-it,gemma-2-27b-it,user_prompt,32,direct_harmful_vs_harmless,direct_harmful,none,0.9944159388542175,0.005584061145782471,25641.060546875,33990.140625,-8349.080078125
jbshield-gemma-phase2-gemma-2-27b-it,gemma-2-27b-it,user_prompt,32,attack_vs_direct_harmful,autodan,direct_harmful,0.9956923127174377,0.004307687282562256,23507.875,25641.060546875,-2133.185546875
jbshield-gemma-phase2-gemma-2-27b-it,gemma-2-27b-it,user_prompt,32,attack_vs_harmless,autodan,none,0.9955732226371765,0.004426777362823486,23507.875,33990.140625,-10482.265625
jbshield-gemma-phase2-gemma-2-27b-it,gemma-2-27b-it,user_prompt,32,attack_vs_direct_harmful,base64,direct_harmful,0.9870408177375793,0.012959182262420654,17186.978515625,25641.060546875,-8454.08203125
jbshield-gemma-phase2-gemma-2-27b-it,gemma-2-27b-it,user_prompt,32,attack_vs_harmless,base64,none,0.9896786212921143,0.010321378707885742,17186.978515625,33990.140625,-16803.162109375
jbshield-gemma-phase2-gemma-2-27b-it,gemma-2-27b-it,user_prompt,32,attack_vs_direct_harmful,drattack,direct_harmful,0.9782283902168274,0.021771609783172607,24816.4140625,25641.060546875,-824.646484375
jbshield-gemma-phase2-gemma-2-27b-it,gemma-2-27b-it,user_prompt,32,attack_vs_harmless,drattack,none,0.9880342483520508,0.011965751647949219,24816.4140625,33990.140625,-9173.7265625
jbshield-gemma-phase2-gemma-2-27b-it,gemma-2-27b-it,user_prompt,32,attack_vs_direct_harmful,gcg,direct_harmful,0.996377170085907,0.0036228299140930176,23322.16796875,25641.060546875,-2318.892578125
jbshield-gemma-phase2-gemma-2-27b-it,gemma-2-27b-it,user_prompt,32,attack_vs_harmless,gcg,none,0.9952874779701233,0.004712522029876709,23322.16796875,33990.140625,-10667.97265625
jbshield-gemma-phase2-gemma-2-27b-it,gemma-2-27b-it,user_prompt,32,attack_vs_direct_harmful,ijp,direct_harmful,0.988067090511322,0.011932909488677979,23723.984375,25641.060546875,-1917.076171875
jbshield-gemma-phase2-gemma-2-27b-it,gemma-2-27b-it,user_prompt,32,attack_vs_harmless,ijp,none,0.9911468625068665,0.008853137493133545,23723.984375,33990.140625,-10266.15625
jbshield-gemma-phase2-gemma-2-27b-it,gemma-2-27b-it,user_prompt,32,attack_vs_direct_harmful,pair,direct_harmful,0.9968017935752869,0.0031982064247131348,25715.939453125,25641.060546875,74.87890625
jbshield-gemma-phase2-gemma-2-27b-it,gemma-2-27b-it,user_prompt,32,attack_vs_harmless,pair,none,0.9952146410942078,0.004785358905792236,25715.939453125,33990.140625,-8274.201171875
jbshield-gemma-phase2-gemma-2-27b-it,gemma-2-27b-it,user_prompt,32,attack_vs_direct_harmful,puzzler,direct_harmful,0.9724608659744263,0.02753913402557373,25715.931640625,25641.060546875,74.87109375
jbshield-gemma-phase2-gemma-2-27b-it,gemma-2-27b-it,user_prompt,32,attack_vs_harmless,puzzler,none,0.9808653593063354,0.01913464069366455,25715.931640625,33990.140625,-8274.208984375
jbshield-gemma-phase2-gemma-2-27b-it,gemma-2-27b-it,user_prompt,32,attack_vs_direct_harmful,saa,direct_harmful,0.9831504821777344,0.016849517822265625,21925.396484375,25641.060546875,-3715.6640625
jbshield-gemma-phase2-gemma-2-27b-it,gemma-2-27b-it,user_prompt,32,attack_vs_harmless,saa,none,0.9879537224769592,0.012046277523040771,21925.396484375,33990.140625,-12064.744140625
jbshield-gemma-phase2-gemma-2-27b-it,gemma-2-27b-it,user_prompt,32,attack_vs_direct_harmful,zulu,direct_harmful,0.9781758785247803,0.021824121475219727,17863.197265625,25641.060546875,-7777.86328125
jbshield-gemma-phase2-gemma-2-27b-it,gemma-2-27b-it,user_prompt,32,attack_vs_harmless,zulu,none,0.9801217913627625,0.01987820863723755,17863.197265625,33990.140625,-16126.943359375
jbshield-gemma-phase2-gemma-2-27b-it,gemma-2-27b-it,user_prompt,33,label_1_vs_label_0,label_1,label_0,0.9968651533126831,0.0031348466873168945,23973.9375,35671.70703125,-11697.76953125
jbshield-gemma-phase2-gemma-2-27b-it,gemma-2-27b-it,user_prompt,33,direct_harmful_vs_harmless,direct_harmful,none,0.9951234459877014,0.004876554012298584,27316.642578125,35971.171875,-8654.529296875
jbshield-gemma-phase2-gemma-2-27b-it,gemma-2-27b-it,user_prompt,33,attack_vs_direct_harmful,autodan,direct_harmful,0.996171772480011,0.0038282275199890137,25439.970703125,27316.642578125,-1876.671875
jbshield-gemma-phase2-gemma-2-27b-it,gemma-2-27b-it,user_prompt,33,attack_vs_harmless,autodan,none,0.9963027834892273,0.003697216510772705,25439.970703125,35971.171875,-10531.201171875
jbshield-gemma-phase2-gemma-2-27b-it,gemma-2-27b-it,user_prompt,33,attack_vs_direct_harmful,base64,direct_harmful,0.9887359738349915,0.011264026165008545,18983.728515625,27316.642578125,-8332.9140625
jbshield-gemma-phase2-gemma-2-27b-it,gemma-2-27b-it,user_prompt,33,attack_vs_harmless,base64,none,0.9917246699333191,0.008275330066680908,18983.728515625,35971.171875,-16987.443359375
jbshield-gemma-phase2-gemma-2-27b-it,gemma-2-27b-it,user_prompt,33,attack_vs_direct_harmful,drattack,direct_harmful,0.9810536503791809,0.018946349620819092,26898.373046875,27316.642578125,-418.26953125
jbshield-gemma-phase2-gemma-2-27b-it,gemma-2-27b-it,user_prompt,33,attack_vs_harmless,drattack,none,0.9896111488342285,0.010388851165771484,26898.373046875,35971.171875,-9072.798828125
jbshield-gemma-phase2-gemma-2-27b-it,gemma-2-27b-it,user_prompt,33,attack_vs_direct_harmful,gcg,direct_harmful,0.996819794178009,0.003180205821990967,25175.634765625,27316.642578125,-2141.0078125
jbshield-gemma-phase2-gemma-2-27b-it,gemma-2-27b-it,user_prompt,33,attack_vs_harmless,gcg,none,0.99612957239151,0.0038704276084899902,25175.634765625,35971.171875,-10795.537109375
jbshield-gemma-phase2-gemma-2-27b-it,gemma-2-27b-it,user_prompt,33,attack_vs_direct_harmful,ijp,direct_harmful,0.9895545244216919,0.010445475578308105,25554.392578125,27316.642578125,-1762.25
jbshield-gemma-phase2-gemma-2-27b-it,gemma-2-27b-it,user_prompt,33,attack_vs_harmless,ijp,none,0.9922952651977539,0.007704734802246094,25554.392578125,35971.171875,-10416.779296875
jbshield-gemma-phase2-gemma-2-27b-it,gemma-2-27b-it,user_prompt,33,attack_vs_direct_harmful,pair,direct_harmful,0.9971328973770142,0.00286710262298584,27521.158203125,27316.642578125,204.515625
jbshield-gemma-phase2-gemma-2-27b-it,gemma-2-27b-it,user_prompt,33,attack_vs_harmless,pair,none,0.9957644939422607,0.004235506057739258,27521.158203125,35971.171875,-8450.013671875
jbshield-gemma-phase2-gemma-2-27b-it,gemma-2-27b-it,user_prompt,33,attack_vs_direct_harmful,puzzler,direct_harmful,0.976241409778595,0.02375859022140503,28045.982421875,27316.642578125,729.33984375
jbshield-gemma-phase2-gemma-2-27b-it,gemma-2-27b-it,user_prompt,33,attack_vs_harmless,puzzler,none,0.9834496974945068,0.016550302505493164,28045.982421875,35971.171875,-7925.189453125
jbshield-gemma-phase2-gemma-2-27b-it,gemma-2-27b-it,user_prompt,33,attack_vs_direct_harmful,saa,direct_harmful,0.9852311015129089,0.014768898487091064,23625.98828125,27316.642578125,-3690.654296875
jbshield-gemma-phase2-gemma-2-27b-it,gemma-2-27b-it,user_prompt,33,attack_vs_harmless,saa,none,0.9895702004432678,0.010429799556732178,23625.98828125,35971.171875,-12345.18359375
jbshield-gemma-phase2-gemma-2-27b-it,gemma-2-27b-it,user_prompt,33,attack_vs_direct_harmful,zulu,direct_harmful,0.9827543497085571,0.01724565029144287,20303.251953125,27316.642578125,-7013.390625
jbshield-gemma-phase2-gemma-2-27b-it,gemma-2-27b-it,user_prompt,33,attack_vs_harmless,zulu,none,0.98534095287323,0.01465904712677002,20303.251953125,35971.171875,-15667.919921875
jbshield-gemma-phase2-gemma-2-27b-it,gemma-2-27b-it,user_prompt,34,label_1_vs_label_0,label_1,label_0,0.9968129396438599,0.0031870603561401367,24981.7578125,37427.90234375,-12446.14453125
jbshield-gemma-phase2-gemma-2-27b-it,gemma-2-27b-it,user_prompt,34,direct_harmful_vs_harmless,direct_harmful,none,0.9956294298171997,0.004370570182800293,28746.28515625,37738.6328125,-8992.34765625
jbshield-gemma-phase2-gemma-2-27b-it,gemma-2-27b-it,user_prompt,34,attack_vs_direct_harmful,autodan,direct_harmful,0.9967696666717529,0.0032303333282470703,26408.5,28746.28515625,-2337.78515625
jbshield-gemma-phase2-gemma-2-27b-it,gemma-2-27b-it,user_prompt,34,attack_vs_harmless,autodan,none,0.9964293837547302,0.0035706162452697754,26408.5,37738.6328125,-11330.1328125
jbshield-gemma-phase2-gemma-2-27b-it,gemma-2-27b-it,user_prompt,34,attack_vs_direct_harmful,base64,direct_harmful,0.9889146685600281,0.011085331439971924,20189.79296875,28746.28515625,-8556.4921875
jbshield-gemma-phase2-gemma-2-27b-it,gemma-2-27b-it,user_prompt,34,attack_vs_harmless,base64,none,0.9915785193443298,0.008421480655670166,20189.79296875,37738.6328125,-17548.83984375
jbshield-gemma-phase2-gemma-2-27b-it,gemma-2-27b-it,user_prompt,34,attack_vs_direct_harmful,drattack,direct_harmful,0.9843347072601318,0.015665292739868164,27314.783203125,28746.28515625,-1431.501953125
jbshield-gemma-phase2-gemma-2-27b-it,gemma-2-27b-it,user_prompt,34,attack_vs_harmless,drattack,none,0.9910280108451843,0.008971989154815674,27314.783203125,37738.6328125,-10423.849609375
jbshield-gemma-phase2-gemma-2-27b-it,gemma-2-27b-it,user_prompt,34,attack_vs_direct_harmful,gcg,direct_harmful,0.9971432685852051,0.002856731414794922,26351.015625,28746.28515625,-2395.26953125
jbshield-gemma-phase2-gemma-2-27b-it,gemma-2-27b-it,user_prompt,34,attack_vs_harmless,gcg,none,0.9961581826210022,0.0038418173789978027,26351.015625,37738.6328125,-11387.6171875
jbshield-gemma-phase2-gemma-2-27b-it,gemma-2-27b-it,user_prompt,34,attack_vs_direct_harmful,ijp,direct_harmful,0.9909430146217346,0.00905698537826538,26166.943359375,28746.28515625,-2579.341796875
jbshield-gemma-phase2-gemma-2-27b-it,gemma-2-27b-it,user_prompt,34,attack_vs_harmless,ijp,none,0.9926626086235046,0.007337391376495361,26166.943359375,37738.6328125,-11571.689453125
jbshield-gemma-phase2-gemma-2-27b-it,gemma-2-27b-it,user_prompt,34,attack_vs_direct_harmful,pair,direct_harmful,0.9974010586738586,0.0025989413261413574,28588.12890625,28746.28515625,-158.15625
jbshield-gemma-phase2-gemma-2-27b-it,gemma-2-27b-it,user_prompt,34,attack_vs_harmless,pair,none,0.995800793170929,0.004199206829071045,28588.12890625,37738.6328125,-9150.50390625
jbshield-gemma-phase2-gemma-2-27b-it,gemma-2-27b-it,user_prompt,34,attack_vs_direct_harmful,puzzler,direct_harmful,0.980006217956543,0.01999378204345703,28938.763671875,28746.28515625,192.478515625
jbshield-gemma-phase2-gemma-2-27b-it,gemma-2-27b-it,user_prompt,34,attack_vs_harmless,puzzler,none,0.9853211045265198,0.014678895473480225,28938.763671875,37738.6328125,-8799.869140625
jbshield-gemma-phase2-gemma-2-27b-it,gemma-2-27b-it,user_prompt,34,attack_vs_direct_harmful,saa,direct_harmful,0.9872358441352844,0.012764155864715576,24035.66796875,28746.28515625,-4710.6171875
jbshield-gemma-phase2-gemma-2-27b-it,gemma-2-27b-it,user_prompt,34,attack_vs_harmless,saa,none,0.9901720881462097,0.009827911853790283,24035.66796875,37738.6328125,-13702.96484375
jbshield-gemma-phase2-gemma-2-27b-it,gemma-2-27b-it,user_prompt,34,attack_vs_direct_harmful,zulu,direct_harmful,0.977889895439148,0.02211010456085205,22382.87890625,28746.28515625,-6363.40625
jbshield-gemma-phase2-gemma-2-27b-it,gemma-2-27b-it,user_prompt,34,attack_vs_harmless,zulu,none,0.9800194501876831,0.019980549812316895,22382.87890625,37738.6328125,-15355.75390625
jbshield-gemma-phase2-gemma-2-27b-it,gemma-2-27b-it,user_prompt,35,label_1_vs_label_0,label_1,label_0,0.9965748190879822,0.0034251809120178223,25373.701171875,37733.71875,-12360.017578125
jbshield-gemma-phase2-gemma-2-27b-it,gemma-2-27b-it,user_prompt,35,direct_harmful_vs_harmless,direct_harmful,none,0.9953223466873169,0.0046776533126831055,28735.451171875,38055.921875,-9320.470703125
jbshield-gemma-phase2-gemma-2-27b-it,gemma-2-27b-it,user_prompt,35,attack_vs_direct_harmful,autodan,direct_harmful,0.9966025948524475,0.0033974051475524902,26575.931640625,28735.451171875,-2159.51953125
jbshield-gemma-phase2-gemma-2-27b-it,gemma-2-27b-it,user_prompt,35,attack_vs_harmless,autodan,none,0.9961980581283569,0.0038019418716430664,26575.931640625,38055.921875,-11479.990234375
jbshield-gemma-phase2-gemma-2-27b-it,gemma-2-27b-it,user_prompt,35,attack_vs_direct_harmful,base64,direct_harmful,0.9886564612388611,0.011343538761138916,20337.890625,28735.451171875,-8397.560546875
jbshield-gemma-phase2-gemma-2-27b-it,gemma-2-27b-it,user_prompt,35,attack_vs_harmless,base64,none,0.9912708401679993,0.008729159832000732,20337.890625,38055.921875,-17718.03125
jbshield-gemma-phase2-gemma-2-27b-it,gemma-2-27b-it,user_prompt,35,attack_vs_direct_harmful,drattack,direct_harmful,0.9842965602874756,0.015703439712524414,27996.0703125,28735.451171875,-739.380859375
jbshield-gemma-phase2-gemma-2-27b-it,gemma-2-27b-it,user_prompt,35,attack_vs_harmless,drattack,none,0.9911744594573975,0.008825540542602539,27996.0703125,38055.921875,-10059.8515625
jbshield-gemma-phase2-gemma-2-27b-it,gemma-2-27b-it,user_prompt,35,attack_vs_direct_harmful,gcg,direct_harmful,0.9970502257347107,0.0029497742652893066,26498.458984375,28735.451171875,-2236.9921875
jbshield-gemma-phase2-gemma-2-27b-it,gemma-2-27b-it,user_prompt,35,attack_vs_harmless,gcg,none,0.9960803985595703,0.0039196014404296875,26498.458984375,38055.921875,-11557.462890625
jbshield-gemma-phase2-gemma-2-27b-it,gemma-2-27b-it,user_prompt,35,attack_vs_direct_harmful,ijp,direct_harmful,0.9905829429626465,0.009417057037353516,26531.076171875,28735.451171875,-2204.375
jbshield-gemma-phase2-gemma-2-27b-it,gemma-2-27b-it,user_prompt,35,attack_vs_harmless,ijp,none,0.9924389123916626,0.007561087608337402,26531.076171875,38055.921875,-11524.845703125
jbshield-gemma-phase2-gemma-2-27b-it,gemma-2-27b-it,user_prompt,35,attack_vs_direct_harmful,pair,direct_harmful,0.9972337484359741,0.002766251564025879,28762.0703125,28735.451171875,26.619140625
jbshield-gemma-phase2-gemma-2-27b-it,gemma-2-27b-it,user_prompt,35,attack_vs_harmless,pair,none,0.9955975413322449,0.004402458667755127,28762.0703125,38055.921875,-9293.8515625
jbshield-gemma-phase2-gemma-2-27b-it,gemma-2-27b-it,user_prompt,35,attack_vs_direct_harmful,puzzler,direct_harmful,0.9797720909118652,0.020227909088134766,28983.904296875,28735.451171875,248.453125
jbshield-gemma-phase2-gemma-2-27b-it,gemma-2-27b-it,user_prompt,35,attack_vs_harmless,puzzler,none,0.9850879311561584,0.014912068843841553,28983.904296875,38055.921875,-9072.017578125
jbshield-gemma-phase2-gemma-2-27b-it,gemma-2-27b-it,user_prompt,35,attack_vs_direct_harmful,saa,direct_harmful,0.9870412945747375,0.012958705425262451,24779.326171875,28735.451171875,-3956.125
jbshield-gemma-phase2-gemma-2-27b-it,gemma-2-27b-it,user_prompt,35,attack_vs_harmless,saa,none,0.9902282953262329,0.00977170467376709,24779.326171875,38055.921875,-13276.595703125
jbshield-gemma-phase2-gemma-2-27b-it,gemma-2-27b-it,user_prompt,35,attack_vs_direct_harmful,zulu,direct_harmful,0.9652574062347412,0.03474259376525879,23522.138671875,28735.451171875,-5213.3125
jbshield-gemma-phase2-gemma-2-27b-it,gemma-2-27b-it,user_prompt,35,attack_vs_harmless,zulu,none,0.9676250219345093,0.03237497806549072,23522.138671875,38055.921875,-14533.783203125
jbshield-gemma-phase2-gemma-2-27b-it,gemma-2-27b-it,user_prompt,36,label_1_vs_label_0,label_1,label_0,0.9968482255935669,0.0031517744064331055,25747.7734375,38058.55859375,-12310.78515625
jbshield-gemma-phase2-gemma-2-27b-it,gemma-2-27b-it,user_prompt,36,direct_harmful_vs_harmless,direct_harmful,none,0.9955857396125793,0.004414260387420654,28883.783203125,38386.75390625,-9502.970703125
jbshield-gemma-phase2-gemma-2-27b-it,gemma-2-27b-it,user_prompt,36,attack_vs_direct_harmful,autodan,direct_harmful,0.9968267679214478,0.003173232078552246,26642.5625,28883.783203125,-2241.220703125
jbshield-gemma-phase2-gemma-2-27b-it,gemma-2-27b-it,user_prompt,36,attack_vs_harmless,autodan,none,0.9963507652282715,0.0036492347717285156,26642.5625,38386.75390625,-11744.19140625
jbshield-gemma-phase2-gemma-2-27b-it,gemma-2-27b-it,user_prompt,36,attack_vs_direct_harmful,base64,direct_harmful,0.9875794053077698,0.012420594692230225,20966.9375,28883.783203125,-7916.845703125
jbshield-gemma-phase2-gemma-2-27b-it,gemma-2-27b-it,user_prompt,36,attack_vs_harmless,base64,none,0.989982545375824,0.010017454624176025,20966.9375,38386.75390625,-17419.81640625
jbshield-gemma-phase2-gemma-2-27b-it,gemma-2-27b-it,user_prompt,36,attack_vs_direct_harmful,drattack,direct_harmful,0.9865978360176086,0.013402163982391357,28327.537109375,28883.783203125,-556.24609375
jbshield-gemma-phase2-gemma-2-27b-it,gemma-2-27b-it,user_prompt,36,attack_vs_harmless,drattack,none,0.99241703748703,0.007582962512969971,28327.537109375,38386.75390625,-10059.216796875
jbshield-gemma-phase2-gemma-2-27b-it,gemma-2-27b-it,user_prompt,36,attack_vs_direct_harmful,gcg,direct_harmful,0.9973832964897156,0.002616703510284424,26715.0078125,28883.783203125,-2168.775390625
jbshield-gemma-phase2-gemma-2-27b-it,gemma-2-27b-it,user_prompt,36,attack_vs_harmless,gcg,none,0.996404230594635,0.0035957694053649902,26715.0078125,38386.75390625,-11671.74609375
jbshield-gemma-phase2-gemma-2-27b-it,gemma-2-27b-it,user_prompt,36,attack_vs_direct_harmful,ijp,direct_harmful,0.9914790987968445,0.008520901203155518,26829.82421875,28883.783203125,-2053.958984375
jbshield-gemma-phase2-gemma-2-27b-it,gemma-2-27b-it,user_prompt,36,attack_vs_harmless,ijp,none,0.9932364225387573,0.006763577461242676,26829.82421875,38386.75390625,-11556.9296875
jbshield-gemma-phase2-gemma-2-27b-it,gemma-2-27b-it,user_prompt,36,attack_vs_direct_harmful,pair,direct_harmful,0.9973821640014648,0.0026178359985351562,29044.9921875,28883.783203125,161.208984375
jbshield-gemma-phase2-gemma-2-27b-it,gemma-2-27b-it,user_prompt,36,attack_vs_harmless,pair,none,0.995878279209137,0.004121720790863037,29044.9921875,38386.75390625,-9341.76171875
jbshield-gemma-phase2-gemma-2-27b-it,gemma-2-27b-it,user_prompt,36,attack_vs_direct_harmful,puzzler,direct_harmful,0.9824472665786743,0.017552733421325684,29078.712890625,28883.783203125,194.9296875
jbshield-gemma-phase2-gemma-2-27b-it,gemma-2-27b-it,user_prompt,36,attack_vs_harmless,puzzler,none,0.9867872595787048,0.013212740421295166,29078.712890625,38386.75390625,-9308.041015625
jbshield-gemma-phase2-gemma-2-27b-it,gemma-2-27b-it,user_prompt,36,attack_vs_direct_harmful,saa,direct_harmful,0.9886189699172974,0.011381030082702637,25281.513671875,28883.783203125,-3602.26953125
jbshield-gemma-phase2-gemma-2-27b-it,gemma-2-27b-it,user_prompt,36,attack_vs_harmless,saa,none,0.9915585517883301,0.008441448211669922,25281.513671875,38386.75390625,-13105.240234375
jbshield-gemma-phase2-gemma-2-27b-it,gemma-2-27b-it,user_prompt,36,attack_vs_direct_harmful,zulu,direct_harmful,0.9645203948020935,0.035479605197906494,24216.30078125,28883.783203125,-4667.482421875
jbshield-gemma-phase2-gemma-2-27b-it,gemma-2-27b-it,user_prompt,36,attack_vs_harmless,zulu,none,0.966852068901062,0.03314793109893799,24216.30078125,38386.75390625,-14170.453125
jbshield-gemma-phase2-gemma-2-27b-it,gemma-2-27b-it,user_prompt,37,label_1_vs_label_0,label_1,label_0,0.9969759583473206,0.0030240416526794434,26920.337890625,38909.37109375,-11989.033203125
jbshield-gemma-phase2-gemma-2-27b-it,gemma-2-27b-it,user_prompt,37,direct_harmful_vs_harmless,direct_harmful,none,0.9957592487335205,0.004240751266479492,29637.94140625,39240.9140625,-9602.97265625
jbshield-gemma-phase2-gemma-2-27b-it,gemma-2-27b-it,user_prompt,37,attack_vs_direct_harmful,autodan,direct_harmful,0.996951162815094,0.003048837184906006,27519.98828125,29637.94140625,-2117.953125
jbshield-gemma-phase2-gemma-2-27b-it,gemma-2-27b-it,user_prompt,37,attack_vs_harmless,autodan,none,0.9964417815208435,0.003558218479156494,27519.98828125,39240.9140625,-11720.92578125
jbshield-gemma-phase2-gemma-2-27b-it,gemma-2-27b-it,user_prompt,37,attack_vs_direct_harmful,base64,direct_harmful,0.988429605960846,0.011570394039154053,22094.912109375,29637.94140625,-7543.029296875
jbshield-gemma-phase2-gemma-2-27b-it,gemma-2-27b-it,user_prompt,37,attack_vs_harmless,base64,none,0.9909026622772217,0.00909733772277832,22094.912109375,39240.9140625,-17146.001953125
jbshield-gemma-phase2-gemma-2-27b-it,gemma-2-27b-it,user_prompt,37,attack_vs_direct_harmful,drattack,direct_harmful,0.9873296022415161,0.012670397758483887,29581.81640625,29637.94140625,-56.125
jbshield-gemma-phase2-gemma-2-27b-it,gemma-2-27b-it,user_prompt,37,attack_vs_harmless,drattack,none,0.9927465319633484,0.007253468036651611,29581.81640625,39240.9140625,-9659.09765625
jbshield-gemma-phase2-gemma-2-27b-it,gemma-2-27b-it,user_prompt,37,attack_vs_direct_harmful,gcg,direct_harmful,0.9974770545959473,0.0025229454040527344,27647.197265625,29637.94140625,-1990.744140625
jbshield-gemma-phase2-gemma-2-27b-it,gemma-2-27b-it,user_prompt,37,attack_vs_harmless,gcg,none,0.996558427810669,0.0034415721893310547,27647.197265625,39240.9140625,-11593.716796875
jbshield-gemma-phase2-gemma-2-27b-it,gemma-2-27b-it,user_prompt,37,attack_vs_direct_harmful,ijp,direct_harmful,0.9920343160629272,0.007965683937072754,28028.1640625,29637.94140625,-1609.77734375
jbshield-gemma-phase2-gemma-2-27b-it,gemma-2-27b-it,user_prompt,37,attack_vs_harmless,ijp,none,0.9936405420303345,0.006359457969665527,28028.1640625,39240.9140625,-11212.75
jbshield-gemma-phase2-gemma-2-27b-it,gemma-2-27b-it,user_prompt,37,attack_vs_direct_harmful,pair,direct_harmful,0.9975042343139648,0.0024957656860351562,30025.029296875,29637.94140625,387.087890625
jbshield-gemma-phase2-gemma-2-27b-it,gemma-2-27b-it,user_prompt,37,attack_vs_harmless,pair,none,0.9960513114929199,0.003948688507080078,30025.029296875,39240.9140625,-9215.884765625
jbshield-gemma-phase2-gemma-2-27b-it,gemma-2-27b-it,user_prompt,37,attack_vs_direct_harmful,puzzler,direct_harmful,0.9835451245307922,0.016454875469207764,30165.306640625,29637.94140625,527.365234375
jbshield-gemma-phase2-gemma-2-27b-it,gemma-2-27b-it,user_prompt,37,attack_vs_harmless,puzzler,none,0.9874694347381592,0.01253056526184082,30165.306640625,39240.9140625,-9075.607421875
jbshield-gemma-phase2-gemma-2-27b-it,gemma-2-27b-it,user_prompt,37,attack_vs_direct_harmful,saa,direct_harmful,0.9893167614936829,0.010683238506317139,26694.16015625,29637.94140625,-2943.78125
jbshield-gemma-phase2-gemma-2-27b-it,gemma-2-27b-it,user_prompt,37,attack_vs_harmless,saa,none,0.9920496344566345,0.007950365543365479,26694.16015625,39240.9140625,-12546.75390625
jbshield-gemma-phase2-gemma-2-27b-it,gemma-2-27b-it,user_prompt,37,attack_vs_direct_harmful,zulu,direct_harmful,0.9670746326446533,0.03292536735534668,25814.763671875,29637.94140625,-3823.177734375
jbshield-gemma-phase2-gemma-2-27b-it,gemma-2-27b-it,user_prompt,37,attack_vs_harmless,zulu,none,0.9696285128593445,0.030371487140655518,25814.763671875,39240.9140625,-13426.150390625
jbshield-gemma-phase2-gemma-2-27b-it,gemma-2-27b-it,user_prompt,38,label_1_vs_label_0,label_1,label_0,0.997094988822937,0.0029050111770629883,28573.79296875,40048.34765625,-11474.5546875
jbshield-gemma-phase2-gemma-2-27b-it,gemma-2-27b-it,user_prompt,38,direct_harmful_vs_harmless,direct_harmful,none,0.9960944056510925,0.0039055943489074707,31018.138671875,40371.22265625,-9353.083984375
jbshield-gemma-phase2-gemma-2-27b-it,gemma-2-27b-it,user_prompt,38,attack_vs_direct_harmful,autodan,direct_harmful,0.997123122215271,0.002876877784729004,29136.212890625,31018.138671875,-1881.92578125
jbshield-gemma-phase2-gemma-2-27b-it,gemma-2-27b-it,user_prompt,38,attack_vs_harmless,autodan,none,0.9967224597930908,0.0032775402069091797,29136.212890625,40371.22265625,-11235.009765625
jbshield-gemma-phase2-gemma-2-27b-it,gemma-2-27b-it,user_prompt,38,attack_vs_direct_harmful,base64,direct_harmful,0.9871459007263184,0.01285409927368164,23994.44140625,31018.138671875,-7023.697265625
jbshield-gemma-phase2-gemma-2-27b-it,gemma-2-27b-it,user_prompt,38,attack_vs_harmless,base64,none,0.9895194172859192,0.01048058271408081,23994.44140625,40371.22265625,-16376.78125
jbshield-gemma-phase2-gemma-2-27b-it,gemma-2-27b-it,user_prompt,38,attack_vs_direct_harmful,drattack,direct_harmful,0.9882176518440247,0.011782348155975342,30613.171875,31018.138671875,-404.966796875
jbshield-gemma-phase2-gemma-2-27b-it,gemma-2-27b-it,user_prompt,38,attack_vs_harmless,drattack,none,0.9929913878440857,0.007008612155914307,30613.171875,40371.22265625,-9758.05078125
jbshield-gemma-phase2-gemma-2-27b-it,gemma-2-27b-it,user_prompt,38,attack_vs_direct_harmful,gcg,direct_harmful,0.9976150393486023,0.002384960651397705,29318.251953125,31018.138671875,-1699.88671875
jbshield-gemma-phase2-gemma-2-27b-it,gemma-2-27b-it,user_prompt,38,attack_vs_harmless,gcg,none,0.9968963861465454,0.00310361385345459,29318.251953125,40371.22265625,-11052.970703125
jbshield-gemma-phase2-gemma-2-27b-it,gemma-2-27b-it,user_prompt,38,attack_vs_direct_harmful,ijp,direct_harmful,0.9925460815429688,0.00745391845703125,29290.75390625,31018.138671875,-1727.384765625
jbshield-gemma-phase2-gemma-2-27b-it,gemma-2-27b-it,user_prompt,38,attack_vs_harmless,ijp,none,0.9939444661140442,0.0060555338859558105,29290.75390625,40371.22265625,-11080.46875
jbshield-gemma-phase2-gemma-2-27b-it,gemma-2-27b-it,user_prompt,38,attack_vs_direct_harmful,pair,direct_harmful,0.9976443648338318,0.002355635166168213,31335.927734375,31018.138671875,317.7890625
jbshield-gemma-phase2-gemma-2-27b-it,gemma-2-27b-it,user_prompt,38,attack_vs_harmless,pair,none,0.9962543845176697,0.0037456154823303223,31335.927734375,40371.22265625,-9035.294921875
jbshield-gemma-phase2-gemma-2-27b-it,gemma-2-27b-it,user_prompt,38,attack_vs_direct_harmful,puzzler,direct_harmful,0.984829306602478,0.015170693397521973,31560.21484375,31018.138671875,542.076171875
jbshield-gemma-phase2-gemma-2-27b-it,gemma-2-27b-it,user_prompt,38,attack_vs_harmless,puzzler,none,0.9881162643432617,0.011883735656738281,31560.21484375,40371.22265625,-8811.0078125
jbshield-gemma-phase2-gemma-2-27b-it,gemma-2-27b-it,user_prompt,38,attack_vs_direct_harmful,saa,direct_harmful,0.9899548888206482,0.010045111179351807,27956.0859375,31018.138671875,-3062.052734375
jbshield-gemma-phase2-gemma-2-27b-it,gemma-2-27b-it,user_prompt,38,attack_vs_harmless,saa,none,0.9923357963562012,0.007664203643798828,27956.0859375,40371.22265625,-12415.13671875
jbshield-gemma-phase2-gemma-2-27b-it,gemma-2-27b-it,user_prompt,38,attack_vs_direct_harmful,zulu,direct_harmful,0.9684302806854248,0.031569719314575195,28836.85546875,31018.138671875,-2181.283203125
jbshield-gemma-phase2-gemma-2-27b-it,gemma-2-27b-it,user_prompt,38,attack_vs_harmless,zulu,none,0.9713373780250549,0.02866262197494507,28836.85546875,40371.22265625,-11534.3671875
jbshield-gemma-phase2-gemma-2-27b-it,gemma-2-27b-it,user_prompt,39,label_1_vs_label_0,label_1,label_0,0.9970159530639648,0.0029840469360351562,29274.193359375,40598.30859375,-11324.115234375
jbshield-gemma-phase2-gemma-2-27b-it,gemma-2-27b-it,user_prompt,39,direct_harmful_vs_harmless,direct_harmful,none,0.9960315823554993,0.003968417644500732,31274.66015625,40931.64453125,-9656.984375
jbshield-gemma-phase2-gemma-2-27b-it,gemma-2-27b-it,user_prompt,39,attack_vs_direct_harmful,autodan,direct_harmful,0.9970430135726929,0.002956986427307129,29673.12890625,31274.66015625,-1601.53125
jbshield-gemma-phase2-gemma-2-27b-it,gemma-2-27b-it,user_prompt,39,attack_vs_harmless,autodan,none,0.9966622591018677,0.0033377408981323242,29673.12890625,40931.64453125,-11258.515625
jbshield-gemma-phase2-gemma-2-27b-it,gemma-2-27b-it,user_prompt,39,attack_vs_direct_harmful,base64,direct_harmful,0.9854967594146729,0.014503240585327148,25087.26953125,31274.66015625,-6187.390625
jbshield-gemma-phase2-gemma-2-27b-it,gemma-2-27b-it,user_prompt,39,attack_vs_harmless,base64,none,0.9879998564720154,0.01200014352798462,25087.26953125,40931.64453125,-15844.375
jbshield-gemma-phase2-gemma-2-27b-it,gemma-2-27b-it,user_prompt,39,attack_vs_direct_harmful,drattack,direct_harmful,0.9883506298065186,0.011649370193481445,31519.96484375,31274.66015625,245.3046875
jbshield-gemma-phase2-gemma-2-27b-it,gemma-2-27b-it,user_prompt,39,attack_vs_harmless,drattack,none,0.9930304288864136,0.006969571113586426,31519.96484375,40931.64453125,-9411.6796875
jbshield-gemma-phase2-gemma-2-27b-it,gemma-2-27b-it,user_prompt,39,attack_vs_direct_harmful,gcg,direct_harmful,0.9975902438163757,0.0024097561836242676,29699.873046875,31274.66015625,-1574.787109375
jbshield-gemma-phase2-gemma-2-27b-it,gemma-2-27b-it,user_prompt,39,attack_vs_harmless,gcg,none,0.9968106746673584,0.0031893253326416016,29699.873046875,40931.64453125,-11231.771484375
jbshield-gemma-phase2-gemma-2-27b-it,gemma-2-27b-it,user_prompt,39,attack_vs_direct_harmful,ijp,direct_harmful,0.9926469922065735,0.007353007793426514,29948.23046875,31274.66015625,-1326.4296875
jbshield-gemma-phase2-gemma-2-27b-it,gemma-2-27b-it,user_prompt,39,attack_vs_harmless,ijp,none,0.9939814805984497,0.006018519401550293,29948.23046875,40931.64453125,-10983.4140625
jbshield-gemma-phase2-gemma-2-27b-it,gemma-2-27b-it,user_prompt,39,attack_vs_direct_harmful,pair,direct_harmful,0.9976757168769836,0.0023242831230163574,31790.1953125,31274.66015625,515.53515625
jbshield-gemma-phase2-gemma-2-27b-it,gemma-2-27b-it,user_prompt,39,attack_vs_harmless,pair,none,0.9962074756622314,0.0037925243377685547,31790.1953125,40931.64453125,-9141.44921875
jbshield-gemma-phase2-gemma-2-27b-it,gemma-2-27b-it,user_prompt,39,attack_vs_direct_harmful,puzzler,direct_harmful,0.9851057529449463,0.014894247055053711,32067.98046875,31274.66015625,793.3203125
jbshield-gemma-phase2-gemma-2-27b-it,gemma-2-27b-it,user_prompt,39,attack_vs_harmless,puzzler,none,0.988229513168335,0.011770486831665039,32067.98046875,40931.64453125,-8863.6640625
jbshield-gemma-phase2-gemma-2-27b-it,gemma-2-27b-it,user_prompt,39,attack_vs_direct_harmful,saa,direct_harmful,0.9900143146514893,0.009985685348510742,28817.859375,31274.66015625,-2456.80078125
jbshield-gemma-phase2-gemma-2-27b-it,gemma-2-27b-it,user_prompt,39,attack_vs_harmless,saa,none,0.9923592805862427,0.007640719413757324,28817.859375,40931.64453125,-12113.78515625
jbshield-gemma-phase2-gemma-2-27b-it,gemma-2-27b-it,user_prompt,39,attack_vs_direct_harmful,zulu,direct_harmful,0.9668915867805481,0.033108413219451904,29742.755859375,31274.66015625,-1531.904296875
jbshield-gemma-phase2-gemma-2-27b-it,gemma-2-27b-it,user_prompt,39,attack_vs_harmless,zulu,none,0.9700353145599365,0.029964685440063477,29742.755859375,40931.64453125,-11188.888671875
jbshield-gemma-phase2-gemma-2-27b-it,gemma-2-27b-it,user_prompt,40,label_1_vs_label_0,label_1,label_0,0.9970672726631165,0.002932727336883545,30535.216796875,41934.0546875,-11398.837890625
jbshield-gemma-phase2-gemma-2-27b-it,gemma-2-27b-it,user_prompt,40,direct_harmful_vs_harmless,direct_harmful,none,0.9966102242469788,0.0033897757530212402,33129.1015625,42248.68359375,-9119.58203125
jbshield-gemma-phase2-gemma-2-27b-it,gemma-2-27b-it,user_prompt,40,attack_vs_direct_harmful,autodan,direct_harmful,0.9973005056381226,0.0026994943618774414,31126.341796875,33129.1015625,-2002.759765625
jbshield-gemma-phase2-gemma-2-27b-it,gemma-2-27b-it,user_prompt,40,attack_vs_harmless,autodan,none,0.9969920516014099,0.003007948398590088,31126.341796875,42248.68359375,-11122.341796875
jbshield-gemma-phase2-gemma-2-27b-it,gemma-2-27b-it,user_prompt,40,attack_vs_direct_harmful,base64,direct_harmful,0.9798051118850708,0.0201948881149292,26040.203125,33129.1015625,-7088.8984375
jbshield-gemma-phase2-gemma-2-27b-it,gemma-2-27b-it,user_prompt,40,attack_vs_harmless,base64,none,0.9818690419197083,0.018130958080291748,26040.203125,42248.68359375,-16208.48046875
jbshield-gemma-phase2-gemma-2-27b-it,gemma-2-27b-it,user_prompt,40,attack_vs_direct_harmful,drattack,direct_harmful,0.9894521236419678,0.010547876358032227,32419.751953125,33129.1015625,-709.349609375
jbshield-gemma-phase2-gemma-2-27b-it,gemma-2-27b-it,user_prompt,40,attack_vs_harmless,drattack,none,0.9933414459228516,0.0066585540771484375,32419.751953125,42248.68359375,-9828.931640625
jbshield-gemma-phase2-gemma-2-27b-it,gemma-2-27b-it,user_prompt,40,attack_vs_direct_harmful,gcg,direct_harmful,0.997783899307251,0.0022161006927490234,31631.4921875,33129.1015625,-1497.609375
jbshield-gemma-phase2-gemma-2-27b-it,gemma-2-27b-it,user_prompt,40,attack_vs_harmless,gcg,none,0.9972517490386963,0.002748250961303711,31631.4921875,42248.68359375,-10617.19140625
jbshield-gemma-phase2-gemma-2-27b-it,gemma-2-27b-it,user_prompt,40,attack_vs_direct_harmful,ijp,direct_harmful,0.9933357834815979,0.0066642165184021,31238.287109375,33129.1015625,-1890.814453125
jbshield-gemma-phase2-gemma-2-27b-it,gemma-2-27b-it,user_prompt,40,attack_vs_harmless,ijp,none,0.9944373369216919,0.0055626630783081055,31238.287109375,42248.68359375,-11010.396484375
jbshield-gemma-phase2-gemma-2-27b-it,gemma-2-27b-it,user_prompt,40,attack_vs_direct_harmful,pair,direct_harmful,0.9978629350662231,0.0021370649337768555,33108.765625,33129.1015625,-20.3359375
jbshield-gemma-phase2-gemma-2-27b-it,gemma-2-27b-it,user_prompt,40,attack_vs_harmless,pair,none,0.9964825510978699,0.003517448902130127,33108.765625,42248.68359375,-9139.91796875
jbshield-gemma-phase2-gemma-2-27b-it,gemma-2-27b-it,user_prompt,40,attack_vs_direct_harmful,puzzler,direct_harmful,0.9864909648895264,0.013509035110473633,33425.01953125,33129.1015625,295.91796875
jbshield-gemma-phase2-gemma-2-27b-it,gemma-2-27b-it,user_prompt,40,attack_vs_harmless,puzzler,none,0.9889501929283142,0.011049807071685791,33425.01953125,42248.68359375,-8823.6640625
jbshield-gemma-phase2-gemma-2-27b-it,gemma-2-27b-it,user_prompt,40,attack_vs_direct_harmful,saa,direct_harmful,0.9908826947212219,0.009117305278778076,29874.251953125,33129.1015625,-3254.849609375
jbshield-gemma-phase2-gemma-2-27b-it,gemma-2-27b-it,user_prompt,40,attack_vs_harmless,saa,none,0.9928225874900818,0.007177412509918213,29874.251953125,42248.68359375,-12374.431640625
jbshield-gemma-phase2-gemma-2-27b-it,gemma-2-27b-it,user_prompt,40,attack_vs_direct_harmful,zulu,direct_harmful,0.9666333198547363,0.03336668014526367,30961.177734375,33129.1015625,-2167.923828125
jbshield-gemma-phase2-gemma-2-27b-it,gemma-2-27b-it,user_prompt,40,attack_vs_harmless,zulu,none,0.9694145917892456,0.030585408210754395,30961.177734375,42248.68359375,-11287.505859375
jbshield-gemma-phase2-gemma-2-27b-it,gemma-2-27b-it,user_prompt,41,label_1_vs_label_0,label_1,label_0,0.9972149729728699,0.002785027027130127,33541.20703125,44292.1328125,-10750.92578125
jbshield-gemma-phase2-gemma-2-27b-it,gemma-2-27b-it,user_prompt,41,direct_harmful_vs_harmless,direct_harmful,none,0.9968580007553101,0.0031419992446899414,35430.16796875,44608.7265625,-9178.55859375
jbshield-gemma-phase2-gemma-2-27b-it,gemma-2-27b-it,user_prompt,41,attack_vs_direct_harmful,autodan,direct_harmful,0.9973239302635193,0.002676069736480713,33830.15625,35430.16796875,-1600.01171875
jbshield-gemma-phase2-gemma-2-27b-it,gemma-2-27b-it,user_prompt,41,attack_vs_harmless,autodan,none,0.9971539378166199,0.002846062183380127,33830.15625,44608.7265625,-10778.5703125
jbshield-gemma-phase2-gemma-2-27b-it,gemma-2-27b-it,user_prompt,41,attack_vs_direct_harmful,base64,direct_harmful,0.975445568561554,0.024554431438446045,30330.1484375,35430.16796875,-5100.01953125
jbshield-gemma-phase2-gemma-2-27b-it,gemma-2-27b-it,user_prompt,41,attack_vs_harmless,base64,none,0.9779869318008423,0.022013068199157715,30330.1484375,44608.7265625,-14278.578125
jbshield-gemma-phase2-gemma-2-27b-it,gemma-2-27b-it,user_prompt,41,attack_vs_direct_harmful,drattack,direct_harmful,0.9903580546379089,0.009641945362091064,35624.390625,35430.16796875,194.22265625
jbshield-gemma-phase2-gemma-2-27b-it,gemma-2-27b-it,user_prompt,41,attack_vs_harmless,drattack,none,0.9939301609992981,0.006069839000701904,35624.390625,44608.7265625,-8984.3359375
jbshield-gemma-phase2-gemma-2-27b-it,gemma-2-27b-it,user_prompt,41,attack_vs_direct_harmful,gcg,direct_harmful,0.9979745745658875,0.002025425434112549,33741.74609375,35430.16796875,-1688.421875
jbshield-gemma-phase2-gemma-2-27b-it,gemma-2-27b-it,user_prompt,41,attack_vs_harmless,gcg,none,0.9974687099456787,0.002531290054321289,33741.74609375,44608.7265625,-10866.98046875
jbshield-gemma-phase2-gemma-2-27b-it,gemma-2-27b-it,user_prompt,41,attack_vs_direct_harmful,ijp,direct_harmful,0.9938596487045288,0.006140351295471191,33976.0234375,35430.16796875,-1454.14453125
jbshield-gemma-phase2-gemma-2-27b-it,gemma-2-27b-it,user_prompt,41,attack_vs_harmless,ijp,none,0.9948994517326355,0.005100548267364502,33976.0234375,44608.7265625,-10632.703125
jbshield-gemma-phase2-gemma-2-27b-it,gemma-2-27b-it,user_prompt,41,attack_vs_direct_harmful,pair,direct_harmful,0.9979901909828186,0.0020098090171813965,36019.02734375,35430.16796875,588.859375
jbshield-gemma-phase2-gemma-2-27b-it,gemma-2-27b-it,user_prompt,41,attack_vs_harmless,pair,none,0.9967759251594543,0.0032240748405456543,36019.02734375,44608.7265625,-8589.69921875
jbshield-gemma-phase2-gemma-2-27b-it,gemma-2-27b-it,user_prompt,41,attack_vs_direct_harmful,puzzler,direct_harmful,0.9876177906990051,0.012382209300994873,36241.16015625,35430.16796875,810.9921875
jbshield-gemma-phase2-gemma-2-27b-it,gemma-2-27b-it,user_prompt,41,attack_vs_harmless,puzzler,none,0.9896993041038513,0.010300695896148682,36241.16015625,44608.7265625,-8367.56640625
jbshield-gemma-phase2-gemma-2-27b-it,gemma-2-27b-it,user_prompt,41,attack_vs_direct_harmful,saa,direct_harmful,0.9913970232009888,0.00860297679901123,33045.1015625,35430.16796875,-2385.06640625
jbshield-gemma-phase2-gemma-2-27b-it,gemma-2-27b-it,user_prompt,41,attack_vs_harmless,saa,none,0.9933156371116638,0.006684362888336182,33045.1015625,44608.7265625,-11563.625
jbshield-gemma-phase2-gemma-2-27b-it,gemma-2-27b-it,user_prompt,41,attack_vs_direct_harmful,zulu,direct_harmful,0.9681525230407715,0.031847476959228516,34186.0078125,35430.16796875,-1244.16015625
jbshield-gemma-phase2-gemma-2-27b-it,gemma-2-27b-it,user_prompt,41,attack_vs_harmless,zulu,none,0.9710696935653687,0.028930306434631348,34186.0078125,44608.7265625,-10422.71875
jbshield-gemma-phase2-gemma-2-27b-it,gemma-2-27b-it,user_prompt,42,label_1_vs_label_0,label_1,label_0,0.9972093105316162,0.002790689468383789,35097.89453125,45208.16015625,-10110.265625
jbshield-gemma-phase2-gemma-2-27b-it,gemma-2-27b-it,user_prompt,42,direct_harmful_vs_harmless,direct_harmful,none,0.996878445148468,0.0031215548515319824,36493.62890625,45519.64453125,-9026.015625
jbshield-gemma-phase2-gemma-2-27b-it,gemma-2-27b-it,user_prompt,42,attack_vs_direct_harmful,autodan,direct_harmful,0.9972987174987793,0.002701282501220703,35092.74609375,36493.62890625,-1400.8828125
jbshield-gemma-phase2-gemma-2-27b-it,gemma-2-27b-it,user_prompt,42,attack_vs_harmless,autodan,none,0.9971364140510559,0.002863585948944092,35092.74609375,45519.64453125,-10426.8984375
jbshield-gemma-phase2-gemma-2-27b-it,gemma-2-27b-it,user_prompt,42,attack_vs_direct_harmful,base64,direct_harmful,0.975886344909668,0.02411365509033203,32268.703125,36493.62890625,-4224.92578125
jbshield-gemma-phase2-gemma-2-27b-it,gemma-2-27b-it,user_prompt,42,attack_vs_harmless,base64,none,0.9786188006401062,0.0213811993598938,32268.703125,45519.64453125,-13250.94140625
jbshield-gemma-phase2-gemma-2-27b-it,gemma-2-27b-it,user_prompt,42,attack_vs_direct_harmful,drattack,direct_harmful,0.9906237125396729,0.009376287460327148,37641.99609375,36493.62890625,1148.3671875
jbshield-gemma-phase2-gemma-2-27b-it,gemma-2-27b-it,user_prompt,42,attack_vs_harmless,drattack,none,0.9939216375350952,0.006078362464904785,37641.99609375,45519.64453125,-7877.6484375
jbshield-gemma-phase2-gemma-2-27b-it,gemma-2-27b-it,user_prompt,42,attack_vs_direct_harmful,gcg,direct_harmful,0.9979254603385925,0.0020745396614074707,34872.53515625,36493.62890625,-1621.09375
jbshield-gemma-phase2-gemma-2-27b-it,gemma-2-27b-it,user_prompt,42,attack_vs_harmless,gcg,none,0.9974329471588135,0.0025670528411865234,34872.53515625,45519.64453125,-10647.109375
jbshield-gemma-phase2-gemma-2-27b-it,gemma-2-27b-it,user_prompt,42,attack_vs_direct_harmful,ijp,direct_harmful,0.9940610527992249,0.0059389472007751465,35803.2734375,36493.62890625,-690.35546875
jbshield-gemma-phase2-gemma-2-27b-it,gemma-2-27b-it,user_prompt,42,attack_vs_harmless,ijp,none,0.9950447082519531,0.004955291748046875,35803.2734375,45519.64453125,-9716.37109375
jbshield-gemma-phase2-gemma-2-27b-it,gemma-2-27b-it,user_prompt,42,attack_vs_direct_harmful,pair,direct_harmful,0.9980434775352478,0.0019565224647521973,37494.65234375,36493.62890625,1001.0234375
jbshield-gemma-phase2-gemma-2-27b-it,gemma-2-27b-it,user_prompt,42,attack_vs_harmless,pair,none,0.9968434572219849,0.0031565427780151367,37494.65234375,45519.64453125,-8024.9921875
jbshield-gemma-phase2-gemma-2-27b-it,gemma-2-27b-it,user_prompt,42,attack_vs_direct_harmful,puzzler,direct_harmful,0.988555371761322,0.011444628238677979,38469.2578125,36493.62890625,1975.62890625
jbshield-gemma-phase2-gemma-2-27b-it,gemma-2-27b-it,user_prompt,42,attack_vs_harmless,puzzler,none,0.9903339147567749,0.009666085243225098,38469.2578125,45519.64453125,-7050.38671875
jbshield-gemma-phase2-gemma-2-27b-it,gemma-2-27b-it,user_prompt,42,attack_vs_direct_harmful,saa,direct_harmful,0.9913510680198669,0.008648931980133057,35127.71484375,36493.62890625,-1365.9140625
jbshield-gemma-phase2-gemma-2-27b-it,gemma-2-27b-it,user_prompt,42,attack_vs_harmless,saa,none,0.9932593107223511,0.006740689277648926,35127.71484375,45519.64453125,-10391.9296875
jbshield-gemma-phase2-gemma-2-27b-it,gemma-2-27b-it,user_prompt,42,attack_vs_direct_harmful,zulu,direct_harmful,0.9684585928916931,0.031541407108306885,35093.53125,36493.62890625,-1400.09765625
jbshield-gemma-phase2-gemma-2-27b-it,gemma-2-27b-it,user_prompt,42,attack_vs_harmless,zulu,none,0.9711101651191711,0.028889834880828857,35093.53125,45519.64453125,-10426.11328125
jbshield-gemma-phase2-gemma-2-27b-it,gemma-2-27b-it,user_prompt,43,label_1_vs_label_0,label_1,label_0,0.9967960715293884,0.0032039284706115723,35908.4921875,44694.2578125,-8785.765625
jbshield-gemma-phase2-gemma-2-27b-it,gemma-2-27b-it,user_prompt,43,direct_harmful_vs_harmless,direct_harmful,none,0.9965578317642212,0.0034421682357788086,36549.3046875,44986.046875,-8436.7421875
jbshield-gemma-phase2-gemma-2-27b-it,gemma-2-27b-it,user_prompt,43,attack_vs_direct_harmful,autodan,direct_harmful,0.9968888163566589,0.0031111836433410645,35723.85546875,36549.3046875,-825.44921875
jbshield-gemma-phase2-gemma-2-27b-it,gemma-2-27b-it,user_prompt,43,attack_vs_harmless,autodan,none,0.9966950416564941,0.0033049583435058594,35723.85546875,44986.046875,-9262.19140625
jbshield-gemma-phase2-gemma-2-27b-it,gemma-2-27b-it,user_prompt,43,attack_vs_direct_harmful,base64,direct_harmful,0.9665408730506897,0.0334591269493103,32724.84375,36549.3046875,-3824.4609375
jbshield-gemma-phase2-gemma-2-27b-it,gemma-2-27b-it,user_prompt,43,attack_vs_harmless,base64,none,0.969605565071106,0.030394434928894043,32724.84375,44986.046875,-12261.203125
jbshield-gemma-phase2-gemma-2-27b-it,gemma-2-27b-it,user_prompt,43,attack_vs_direct_harmful,drattack,direct_harmful,0.9900174736976624,0.009982526302337646,39656.88671875,36549.3046875,3107.58203125
jbshield-gemma-phase2-gemma-2-27b-it,gemma-2-27b-it,user_prompt,43,attack_vs_harmless,drattack,none,0.9934856295585632,0.006514370441436768,39656.88671875,44986.046875,-5329.16015625
jbshield-gemma-phase2-gemma-2-27b-it,gemma-2-27b-it,user_prompt,43,attack_vs_direct_harmful,gcg,direct_harmful,0.997486412525177,0.002513587474822998,35527.1953125,36549.3046875,-1022.109375
jbshield-gemma-phase2-gemma-2-27b-it,gemma-2-27b-it,user_prompt,43,attack_vs_harmless,gcg,none,0.9969443678855896,0.0030556321144104004,35527.1953125,44986.046875,-9458.8515625
jbshield-gemma-phase2-gemma-2-27b-it,gemma-2-27b-it,user_prompt,43,attack_vs_direct_harmful,ijp,direct_harmful,0.9936540126800537,0.006345987319946289,36928.46875,36549.3046875,379.1640625
jbshield-gemma-phase2-gemma-2-27b-it,gemma-2-27b-it,user_prompt,43,attack_vs_harmless,ijp,none,0.9945153594017029,0.005484640598297119,36928.46875,44986.046875,-8057.578125
jbshield-gemma-phase2-gemma-2-27b-it,gemma-2-27b-it,user_prompt,43,attack_vs_direct_harmful,pair,direct_harmful,0.9978623390197754,0.0021376609802246094,38543.8671875,36549.3046875,1994.5625
jbshield-gemma-phase2-gemma-2-27b-it,gemma-2-27b-it,user_prompt,43,attack_vs_harmless,pair,none,0.9965458512306213,0.003454148769378662,38543.8671875,44986.046875,-6442.1796875
jbshield-gemma-phase2-gemma-2-27b-it,gemma-2-27b-it,user_prompt,43,attack_vs_direct_harmful,puzzler,direct_harmful,0.9880214929580688,0.011978507041931152,39704.55859375,36549.3046875,3155.25390625
jbshield-gemma-phase2-gemma-2-27b-it,gemma-2-27b-it,user_prompt,43,attack_vs_harmless,puzzler,none,0.9897025227546692,0.01029747724533081,39704.55859375,44986.046875,-5281.48828125
jbshield-gemma-phase2-gemma-2-27b-it,gemma-2-27b-it,user_prompt,43,attack_vs_direct_harmful,saa,direct_harmful,0.9907674193382263,0.009232580661773682,36880.0390625,36549.3046875,330.734375
jbshield-gemma-phase2-gemma-2-27b-it,gemma-2-27b-it,user_prompt,43,attack_vs_harmless,saa,none,0.9927007555961609,0.007299244403839111,36880.0390625,44986.046875,-8106.0078125
jbshield-gemma-phase2-gemma-2-27b-it,gemma-2-27b-it,user_prompt,43,attack_vs_direct_harmful,zulu,direct_harmful,0.9652518630027771,0.0347481369972229,34731.17578125,36549.3046875,-1818.12890625
jbshield-gemma-phase2-gemma-2-27b-it,gemma-2-27b-it,user_prompt,43,attack_vs_harmless,zulu,none,0.9681105017662048,0.031889498233795166,34731.17578125,44986.046875,-10254.87109375
jbshield-gemma-phase2-gemma-2-27b-it,gemma-2-27b-it,user_prompt,44,label_1_vs_label_0,label_1,label_0,0.9958945512771606,0.0041054487228393555,34617.625,42250.015625,-7632.390625
jbshield-gemma-phase2-gemma-2-27b-it,gemma-2-27b-it,user_prompt,44,direct_harmful_vs_harmless,direct_harmful,none,0.9953011870384216,0.004698812961578369,34617.13671875,42524.99609375,-7907.859375
jbshield-gemma-phase2-gemma-2-27b-it,gemma-2-27b-it,user_prompt,44,attack_vs_direct_harmful,autodan,direct_harmful,0.995307207107544,0.004692792892456055,34049.640625,34617.13671875,-567.49609375
jbshield-gemma-phase2-gemma-2-27b-it,gemma-2-27b-it,user_prompt,44,attack_vs_harmless,autodan,none,0.9943281412124634,0.005671858787536621,34049.640625,42524.99609375,-8475.35546875
jbshield-gemma-phase2-gemma-2-27b-it,gemma-2-27b-it,user_prompt,44,attack_vs_direct_harmful,base64,direct_harmful,0.9544957280158997,0.04550427198410034,32350.306640625,34617.13671875,-2266.830078125
jbshield-gemma-phase2-gemma-2-27b-it,gemma-2-27b-it,user_prompt,44,attack_vs_harmless,base64,none,0.9596951007843018,0.04030489921569824,32350.306640625,42524.99609375,-10174.689453125
jbshield-gemma-phase2-gemma-2-27b-it,gemma-2-27b-it,user_prompt,44,attack_vs_direct_harmful,drattack,direct_harmful,0.9896219968795776,0.010378003120422363,38838.5078125,34617.13671875,4221.37109375
jbshield-gemma-phase2-gemma-2-27b-it,gemma-2-27b-it,user_prompt,44,attack_vs_harmless,drattack,none,0.9929167628288269,0.007083237171173096,38838.5078125,42524.99609375,-3686.48828125
jbshield-gemma-phase2-gemma-2-27b-it,gemma-2-27b-it,user_prompt,44,attack_vs_direct_harmful,gcg,direct_harmful,0.9964215755462646,0.0035784244537353516,33963.5078125,34617.13671875,-653.62890625
jbshield-gemma-phase2-gemma-2-27b-it,gemma-2-27b-it,user_prompt,44,attack_vs_harmless,gcg,none,0.9952576160430908,0.00474238395690918,33963.5078125,42524.99609375,-8561.48828125
jbshield-gemma-phase2-gemma-2-27b-it,gemma-2-27b-it,user_prompt,44,attack_vs_direct_harmful,ijp,direct_harmful,0.9928170442581177,0.007182955741882324,35830.1171875,34617.13671875,1212.98046875
jbshield-gemma-phase2-gemma-2-27b-it,gemma-2-27b-it,user_prompt,44,attack_vs_harmless,ijp,none,0.9931831955909729,0.0068168044090271,35830.1171875,42524.99609375,-6694.87890625
jbshield-gemma-phase2-gemma-2-27b-it,gemma-2-27b-it,user_prompt,44,attack_vs_direct_harmful,pair,direct_harmful,0.9973699450492859,0.0026300549507141113,37020.49609375,34617.13671875,2403.359375
jbshield-gemma-phase2-gemma-2-27b-it,gemma-2-27b-it,user_prompt,44,attack_vs_harmless,pair,none,0.9956067800521851,0.004393219947814941,37020.49609375,42524.99609375,-5504.5
jbshield-gemma-phase2-gemma-2-27b-it,gemma-2-27b-it,user_prompt,44,attack_vs_direct_harmful,puzzler,direct_harmful,0.9874585270881653,0.012541472911834717,38052.7578125,34617.13671875,3435.62109375
jbshield-gemma-phase2-gemma-2-27b-it,gemma-2-27b-it,user_prompt,44,attack_vs_harmless,puzzler,none,0.9878717660903931,0.012128233909606934,38052.7578125,42524.99609375,-4472.23828125
jbshield-gemma-phase2-gemma-2-27b-it,gemma-2-27b-it,user_prompt,44,attack_vs_direct_harmful,saa,direct_harmful,0.9894486665725708,0.0105513334274292,36587.88671875,34617.13671875,1970.75
jbshield-gemma-phase2-gemma-2-27b-it,gemma-2-27b-it,user_prompt,44,attack_vs_harmless,saa,none,0.9914643168449402,0.008535683155059814,36587.88671875,42524.99609375,-5937.109375
jbshield-gemma-phase2-gemma-2-27b-it,gemma-2-27b-it,user_prompt,44,attack_vs_direct_harmful,zulu,direct_harmful,0.9531640410423279,0.04683595895767212,32571.701171875,34617.13671875,-2045.435546875
jbshield-gemma-phase2-gemma-2-27b-it,gemma-2-27b-it,user_prompt,44,attack_vs_harmless,zulu,none,0.9577527046203613,0.04224729537963867,32571.701171875,42524.99609375,-9953.294921875
jbshield-gemma-phase2-gemma-2-27b-it,gemma-2-27b-it,user_prompt,45,label_1_vs_label_0,label_1,label_0,0.9976444244384766,0.0023555755615234375,53563.03515625,55263.0859375,-1700.05078125
jbshield-gemma-phase2-gemma-2-27b-it,gemma-2-27b-it,user_prompt,45,direct_harmful_vs_harmless,direct_harmful,none,0.9970979690551758,0.0029020309448242188,47845.4296875,55529.6328125,-7684.203125
jbshield-gemma-phase2-gemma-2-27b-it,gemma-2-27b-it,user_prompt,45,attack_vs_direct_harmful,autodan,direct_harmful,0.9971155524253845,0.0028844475746154785,50503.46484375,47845.4296875,2658.03515625
jbshield-gemma-phase2-gemma-2-27b-it,gemma-2-27b-it,user_prompt,45,attack_vs_harmless,autodan,none,0.996075451374054,0.003924548625946045,50503.46484375,55529.6328125,-5026.16796875
jbshield-gemma-phase2-gemma-2-27b-it,gemma-2-27b-it,user_prompt,45,attack_vs_direct_harmful,base64,direct_harmful,0.9743050932884216,0.02569490671157837,49858.41015625,47845.4296875,2012.98046875
jbshield-gemma-phase2-gemma-2-27b-it,gemma-2-27b-it,user_prompt,45,attack_vs_harmless,base64,none,0.9781968593597412,0.02180314064025879,49858.41015625,55529.6328125,-5671.22265625
jbshield-gemma-phase2-gemma-2-27b-it,gemma-2-27b-it,user_prompt,45,attack_vs_direct_harmful,drattack,direct_harmful,0.9963104724884033,0.0036895275115966797,60951.6328125,47845.4296875,13106.203125
jbshield-gemma-phase2-gemma-2-27b-it,gemma-2-27b-it,user_prompt,45,attack_vs_harmless,drattack,none,0.9978517889976501,0.0021482110023498535,60951.6328125,55529.6328125,5422.0
jbshield-gemma-phase2-gemma-2-27b-it,gemma-2-27b-it,user_prompt,45,attack_vs_direct_harmful,gcg,direct_harmful,0.9973819255828857,0.002618074417114258,49267.15234375,47845.4296875,1421.72265625
jbshield-gemma-phase2-gemma-2-27b-it,gemma-2-27b-it,user_prompt,45,attack_vs_harmless,gcg,none,0.9966546893119812,0.003345310688018799,49267.15234375,55529.6328125,-6262.48046875
jbshield-gemma-phase2-gemma-2-27b-it,gemma-2-27b-it,user_prompt,45,attack_vs_direct_harmful,ijp,direct_harmful,0.9963955283164978,0.0036044716835021973,55967.38671875,47845.4296875,8121.95703125
jbshield-gemma-phase2-gemma-2-27b-it,gemma-2-27b-it,user_prompt,45,attack_vs_harmless,ijp,none,0.9965651631355286,0.0034348368644714355,55967.38671875,55529.6328125,437.75390625
jbshield-gemma-phase2-gemma-2-27b-it,gemma-2-27b-it,user_prompt,45,attack_vs_direct_harmful,pair,direct_harmful,0.9984578490257263,0.0015421509742736816,54091.125,47845.4296875,6245.6953125
jbshield-gemma-phase2-gemma-2-27b-it,gemma-2-27b-it,user_prompt,45,attack_vs_harmless,pair,none,0.9977777004241943,0.002222299575805664,54091.125,55529.6328125,-1438.5078125
jbshield-gemma-phase2-gemma-2-27b-it,gemma-2-27b-it,user_prompt,45,attack_vs_direct_harmful,puzzler,direct_harmful,0.9958111643791199,0.004188835620880127,57383.48828125,47845.4296875,9538.05859375
jbshield-gemma-phase2-gemma-2-27b-it,gemma-2-27b-it,user_prompt,45,attack_vs_harmless,puzzler,none,0.9951415657997131,0.004858434200286865,57383.48828125,55529.6328125,1853.85546875
jbshield-gemma-phase2-gemma-2-27b-it,gemma-2-27b-it,user_prompt,45,attack_vs_direct_harmful,saa,direct_harmful,0.9944032430648804,0.005596756935119629,59415.421875,47845.4296875,11569.9921875
jbshield-gemma-phase2-gemma-2-27b-it,gemma-2-27b-it,user_prompt,45,attack_vs_harmless,saa,none,0.9958663582801819,0.004133641719818115,59415.421875,55529.6328125,3885.7890625
jbshield-gemma-phase2-gemma-2-27b-it,gemma-2-27b-it,user_prompt,45,attack_vs_direct_harmful,zulu,direct_harmful,0.9739297032356262,0.02607029676437378,53421.0546875,47845.4296875,5575.625
jbshield-gemma-phase2-gemma-2-27b-it,gemma-2-27b-it,user_prompt,45,attack_vs_harmless,zulu,none,0.9772945642471313,0.022705435752868652,53421.0546875,55529.6328125,-2108.578125
jbshield-gemma-phase2-gemma-2-27b-it,gemma-2-27b-it,user_prompt,46,label_1_vs_label_0,label_1,label_0,0.9990771412849426,0.000922858715057373,100894.921875,96007.90625,4887.015625
jbshield-gemma-phase2-gemma-2-27b-it,gemma-2-27b-it,user_prompt,46,direct_harmful_vs_harmless,direct_harmful,none,0.9990876317024231,0.0009123682975769043,94290.6640625,96071.453125,-1780.7890625
jbshield-gemma-phase2-gemma-2-27b-it,gemma-2-27b-it,user_prompt,46,attack_vs_direct_harmful,autodan,direct_harmful,0.9990876317024231,0.0009123682975769043,100238.78125,94290.6640625,5948.1171875
jbshield-gemma-phase2-gemma-2-27b-it,gemma-2-27b-it,user_prompt,46,attack_vs_harmless,autodan,none,0.998700737953186,0.0012992620468139648,100238.78125,96071.453125,4167.328125
jbshield-gemma-phase2-gemma-2-27b-it,gemma-2-27b-it,user_prompt,46,attack_vs_direct_harmful,base64,direct_harmful,0.9910038113594055,0.008996188640594482,89371.6796875,94290.6640625,-4918.984375
jbshield-gemma-phase2-gemma-2-27b-it,gemma-2-27b-it,user_prompt,46,attack_vs_harmless,base64,none,0.9919519424438477,0.008048057556152344,89371.6796875,96071.453125,-6699.7734375
jbshield-gemma-phase2-gemma-2-27b-it,gemma-2-27b-it,user_prompt,46,attack_vs_direct_harmful,drattack,direct_harmful,0.9989978075027466,0.001002192497253418,111724.3828125,94290.6640625,17433.71875
jbshield-gemma-phase2-gemma-2-27b-it,gemma-2-27b-it,user_prompt,46,attack_vs_harmless,drattack,none,0.9993199706077576,0.0006800293922424316,111724.3828125,96071.453125,15652.9296875
jbshield-gemma-phase2-gemma-2-27b-it,gemma-2-27b-it,user_prompt,46,attack_vs_direct_harmful,gcg,direct_harmful,0.9991031289100647,0.0008968710899353027,97040.78125,94290.6640625,2750.1171875
jbshield-gemma-phase2-gemma-2-27b-it,gemma-2-27b-it,user_prompt,46,attack_vs_harmless,gcg,none,0.9988412261009216,0.0011587738990783691,97040.78125,96071.453125,969.328125
jbshield-gemma-phase2-gemma-2-27b-it,gemma-2-27b-it,user_prompt,46,attack_vs_direct_harmful,ijp,direct_harmful,0.9989323616027832,0.0010676383972167969,107398.734375,94290.6640625,13108.0703125
jbshield-gemma-phase2-gemma-2-27b-it,gemma-2-27b-it,user_prompt,46,attack_vs_harmless,ijp,none,0.9988016486167908,0.0011983513832092285,107398.734375,96071.453125,11327.28125
jbshield-gemma-phase2-gemma-2-27b-it,gemma-2-27b-it,user_prompt,46,attack_vs_direct_harmful,pair,direct_harmful,0.99956214427948,0.00043785572052001953,103248.5703125,94290.6640625,8957.90625
jbshield-gemma-phase2-gemma-2-27b-it,gemma-2-27b-it,user_prompt,46,attack_vs_harmless,pair,none,0.9992560148239136,0.0007439851760864258,103248.5703125,96071.453125,7177.1171875
jbshield-gemma-phase2-gemma-2-27b-it,gemma-2-27b-it,user_prompt,46,attack_vs_direct_harmful,puzzler,direct_harmful,0.9988061189651489,0.0011938810348510742,110440.265625,94290.6640625,16149.6015625
jbshield-gemma-phase2-gemma-2-27b-it,gemma-2-27b-it,user_prompt,46,attack_vs_harmless,puzzler,none,0.9983198642730713,0.001680135726928711,110440.265625,96071.453125,14368.8125
jbshield-gemma-phase2-gemma-2-27b-it,gemma-2-27b-it,user_prompt,46,attack_vs_direct_harmful,saa,direct_harmful,0.9983027577400208,0.001697242259979248,111034.015625,94290.6640625,16743.3515625
jbshield-gemma-phase2-gemma-2-27b-it,gemma-2-27b-it,user_prompt,46,attack_vs_harmless,saa,none,0.9985558390617371,0.0014441609382629395,111034.015625,96071.453125,14962.5625
jbshield-gemma-phase2-gemma-2-27b-it,gemma-2-27b-it,user_prompt,46,attack_vs_direct_harmful,zulu,direct_harmful,0.987408459186554,0.012591540813446045,92507.0390625,94290.6640625,-1783.625
jbshield-gemma-phase2-gemma-2-27b-it,gemma-2-27b-it,user_prompt,46,attack_vs_harmless,zulu,none,0.9879893660545349,0.012010633945465088,92507.0390625,96071.453125,-3564.4140625
jbshield-gemma-phase2-gemma-2-9b-it,gemma-2-9b-it,last_token,0,label_1_vs_label_0,label_1,label_0,1.000000238418579,-2.384185791015625e-07,102.99508666992188,102.99508666992188,0.0
jbshield-gemma-phase2-gemma-2-9b-it,gemma-2-9b-it,last_token,0,direct_harmful_vs_harmless,direct_harmful,none,1.000000238418579,-2.384185791015625e-07,102.99508666992188,102.99508666992188,0.0
jbshield-gemma-phase2-gemma-2-9b-it,gemma-2-9b-it,last_token,0,attack_vs_direct_harmful,autodan,direct_harmful,1.000000238418579,-2.384185791015625e-07,102.99508666992188,102.99508666992188,0.0
jbshield-gemma-phase2-gemma-2-9b-it,gemma-2-9b-it,last_token,0,attack_vs_harmless,autodan,none,1.000000238418579,-2.384185791015625e-07,102.99508666992188,102.99508666992188,0.0
jbshield-gemma-phase2-gemma-2-9b-it,gemma-2-9b-it,last_token,0,attack_vs_direct_harmful,base64,direct_harmful,1.000000238418579,-2.384185791015625e-07,102.99508666992188,102.99508666992188,0.0
jbshield-gemma-phase2-gemma-2-9b-it,gemma-2-9b-it,last_token,0,attack_vs_harmless,base64,none,1.000000238418579,-2.384185791015625e-07,102.99508666992188,102.99508666992188,0.0
jbshield-gemma-phase2-gemma-2-9b-it,gemma-2-9b-it,last_token,0,attack_vs_direct_harmful,drattack,direct_harmful,1.000000238418579,-2.384185791015625e-07,102.99508666992188,102.99508666992188,0.0
jbshield-gemma-phase2-gemma-2-9b-it,gemma-2-9b-it,last_token,0,attack_vs_harmless,drattack,none,1.000000238418579,-2.384185791015625e-07,102.99508666992188,102.99508666992188,0.0
jbshield-gemma-phase2-gemma-2-9b-it,gemma-2-9b-it,last_token,0,attack_vs_direct_harmful,gcg,direct_harmful,1.000000238418579,-2.384185791015625e-07,102.99508666992188,102.99508666992188,0.0
jbshield-gemma-phase2-gemma-2-9b-it,gemma-2-9b-it,last_token,0,attack_vs_harmless,gcg,none,1.000000238418579,-2.384185791015625e-07,102.99508666992188,102.99508666992188,0.0
jbshield-gemma-phase2-gemma-2-9b-it,gemma-2-9b-it,last_token,0,attack_vs_direct_harmful,ijp,direct_harmful,1.000000238418579,-2.384185791015625e-07,102.99508666992188,102.99508666992188,0.0
jbshield-gemma-phase2-gemma-2-9b-it,gemma-2-9b-it,last_token,0,attack_vs_harmless,ijp,none,1.000000238418579,-2.384185791015625e-07,102.99508666992188,102.99508666992188,0.0
jbshield-gemma-phase2-gemma-2-9b-it,gemma-2-9b-it,last_token,0,attack_vs_direct_harmful,pair,direct_harmful,1.000000238418579,-2.384185791015625e-07,102.99508666992188,102.99508666992188,0.0
jbshield-gemma-phase2-gemma-2-9b-it,gemma-2-9b-it,last_token,0,attack_vs_harmless,pair,none,1.000000238418579,-2.384185791015625e-07,102.99508666992188,102.99508666992188,0.0
jbshield-gemma-phase2-gemma-2-9b-it,gemma-2-9b-it,last_token,0,attack_vs_direct_harmful,puzzler,direct_harmful,1.000000238418579,-2.384185791015625e-07,102.99508666992188,102.99508666992188,0.0
jbshield-gemma-phase2-gemma-2-9b-it,gemma-2-9b-it,last_token,0,attack_vs_harmless,puzzler,none,1.000000238418579,-2.384185791015625e-07,102.99508666992188,102.99508666992188,0.0
jbshield-gemma-phase2-gemma-2-9b-it,gemma-2-9b-it,last_token,0,attack_vs_direct_harmful,saa,direct_harmful,1.000000238418579,-2.384185791015625e-07,102.99508666992188,102.99508666992188,0.0
jbshield-gemma-phase2-gemma-2-9b-it,gemma-2-9b-it,last_token,0,attack_vs_harmless,saa,none,1.000000238418579,-2.384185791015625e-07,102.99508666992188,102.99508666992188,0.0
jbshield-gemma-phase2-gemma-2-9b-it,gemma-2-9b-it,last_token,0,attack_vs_direct_harmful,zulu,direct_harmful,1.000000238418579,-2.384185791015625e-07,102.99508666992188,102.99508666992188,0.0
jbshield-gemma-phase2-gemma-2-9b-it,gemma-2-9b-it,last_token,0,attack_vs_harmless,zulu,none,1.000000238418579,-2.384185791015625e-07,102.99508666992188,102.99508666992188,0.0
jbshield-gemma-phase2-gemma-2-9b-it,gemma-2-9b-it,last_token,1,label_1_vs_label_0,label_1,label_0,0.9964601397514343,0.003539860248565674,75.7874755859375,75.97103118896484,-0.18355560302734375
jbshield-gemma-phase2-gemma-2-9b-it,gemma-2-9b-it,last_token,1,direct_harmful_vs_harmless,direct_harmful,none,0.9998779296875,0.0001220703125,76.08318328857422,75.9673843383789,0.1157989501953125
jbshield-gemma-phase2-gemma-2-9b-it,gemma-2-9b-it,last_token,1,attack_vs_direct_harmful,autodan,direct_harmful,0.9966145753860474,0.0033854246139526367,75.65505981445312,76.08318328857422,-0.42812347412109375
jbshield-gemma-phase2-gemma-2-9b-it,gemma-2-9b-it,last_token,1,attack_vs_harmless,autodan,none,0.9962702393531799,0.0037297606468200684,75.65505981445312,75.9673843383789,-0.31232452392578125
jbshield-gemma-phase2-gemma-2-9b-it,gemma-2-9b-it,last_token,1,attack_vs_direct_harmful,base64,direct_harmful,0.9933112859725952,0.006688714027404785,77.33343505859375,76.08318328857422,1.2502517700195312
jbshield-gemma-phase2-gemma-2-9b-it,gemma-2-9b-it,last_token,1,attack_vs_harmless,base64,none,0.9935494065284729,0.0064505934715271,77.33343505859375,75.9673843383789,1.3660507202148438
jbshield-gemma-phase2-gemma-2-9b-it,gemma-2-9b-it,last_token,1,attack_vs_direct_harmful,drattack,direct_harmful,0.9890560507774353,0.010943949222564697,75.39175415039062,76.08318328857422,-0.6914291381835938
jbshield-gemma-phase2-gemma-2-9b-it,gemma-2-9b-it,last_token,1,attack_vs_harmless,drattack,none,0.9884957075119019,0.011504292488098145,75.39175415039062,75.9673843383789,-0.5756301879882812
jbshield-gemma-phase2-gemma-2-9b-it,gemma-2-9b-it,last_token,1,attack_vs_direct_harmful,gcg,direct_harmful,0.9988934993743896,0.0011065006256103516,75.92774963378906,76.08318328857422,-0.15543365478515625
jbshield-gemma-phase2-gemma-2-9b-it,gemma-2-9b-it,last_token,1,attack_vs_harmless,gcg,none,0.998734712600708,0.0012652873992919922,75.92774963378906,75.9673843383789,-0.03963470458984375
jbshield-gemma-phase2-gemma-2-9b-it,gemma-2-9b-it,last_token,1,attack_vs_direct_harmful,ijp,direct_harmful,0.9918786287307739,0.008121371269226074,76.10350036621094,76.08318328857422,0.02031707763671875
jbshield-gemma-phase2-gemma-2-9b-it,gemma-2-9b-it,last_token,1,attack_vs_harmless,ijp,none,0.9913262128829956,0.008673787117004395,76.10350036621094,75.9673843383789,0.13611602783203125
jbshield-gemma-phase2-gemma-2-9b-it,gemma-2-9b-it,last_token,1,attack_vs_direct_harmful,pair,direct_harmful,0.9972671866416931,0.0027328133583068848,76.36466217041016,76.08318328857422,0.2814788818359375
jbshield-gemma-phase2-gemma-2-9b-it,gemma-2-9b-it,last_token,1,attack_vs_harmless,pair,none,0.996781587600708,0.003218412399291992,76.36466217041016,75.9673843383789,0.39727783203125
jbshield-gemma-phase2-gemma-2-9b-it,gemma-2-9b-it,last_token,1,attack_vs_direct_harmful,puzzler,direct_harmful,0.9817434549331665,0.018256545066833496,76.18431091308594,76.08318328857422,0.10112762451171875
jbshield-gemma-phase2-gemma-2-9b-it,gemma-2-9b-it,last_token,1,attack_vs_harmless,puzzler,none,0.9808396100997925,0.01916038990020752,76.18431091308594,75.9673843383789,0.21692657470703125
jbshield-gemma-phase2-gemma-2-9b-it,gemma-2-9b-it,last_token,1,attack_vs_direct_harmful,saa,direct_harmful,0.9889634847640991,0.011036515235900879,74.57685852050781,76.08318328857422,-1.5063247680664062
jbshield-gemma-phase2-gemma-2-9b-it,gemma-2-9b-it,last_token,1,attack_vs_harmless,saa,none,0.9885520935058594,0.011447906494140625,74.57685852050781,75.9673843383789,-1.3905258178710938
jbshield-gemma-phase2-gemma-2-9b-it,gemma-2-9b-it,last_token,1,attack_vs_direct_harmful,zulu,direct_harmful,0.997903048992157,0.0020969510078430176,76.10458374023438,76.08318328857422,0.02140045166015625
jbshield-gemma-phase2-gemma-2-9b-it,gemma-2-9b-it,last_token,1,attack_vs_harmless,zulu,none,0.9980726838111877,0.0019273161888122559,76.10458374023438,75.9673843383789,0.13719940185546875
jbshield-gemma-phase2-gemma-2-9b-it,gemma-2-9b-it,last_token,2,label_1_vs_label_0,label_1,label_0,0.9878601431846619,0.012139856815338135,60.32816696166992,59.31022644042969,1.0179405212402344
jbshield-gemma-phase2-gemma-2-9b-it,gemma-2-9b-it,last_token,2,direct_harmful_vs_harmless,direct_harmful,none,0.9982642531394958,0.0017357468605041504,59.37338638305664,59.31150817871094,0.061878204345703125
jbshield-gemma-phase2-gemma-2-9b-it,gemma-2-9b-it,last_token,2,attack_vs_direct_harmful,autodan,direct_harmful,0.989493191242218,0.010506808757781982,59.212188720703125,59.37338638305664,-0.16119766235351562
jbshield-gemma-phase2-gemma-2-9b-it,gemma-2-9b-it,last_token,2,attack_vs_harmless,autodan,none,0.9885370135307312,0.011462986469268799,59.212188720703125,59.31150817871094,-0.0993194580078125
jbshield-gemma-phase2-gemma-2-9b-it,gemma-2-9b-it,last_token,2,attack_vs_direct_harmful,base64,direct_harmful,0.979250967502594,0.020749032497406006,61.872310638427734,59.37338638305664,2.4989242553710938
jbshield-gemma-phase2-gemma-2-9b-it,gemma-2-9b-it,last_token,2,attack_vs_harmless,base64,none,0.9797602891921997,0.020239710807800293,61.872310638427734,59.31150817871094,2.560802459716797
jbshield-gemma-phase2-gemma-2-9b-it,gemma-2-9b-it,last_token,2,attack_vs_direct_harmful,drattack,direct_harmful,0.9697476029396057,0.030252397060394287,60.450931549072266,59.37338638305664,1.077545166015625
jbshield-gemma-phase2-gemma-2-9b-it,gemma-2-9b-it,last_token,2,attack_vs_harmless,drattack,none,0.9686992764472961,0.03130072355270386,60.450931549072266,59.31150817871094,1.1394233703613281
jbshield-gemma-phase2-gemma-2-9b-it,gemma-2-9b-it,last_token,2,attack_vs_direct_harmful,gcg,direct_harmful,0.9941596984863281,0.005840301513671875,59.74177169799805,59.37338638305664,0.36838531494140625
jbshield-gemma-phase2-gemma-2-9b-it,gemma-2-9b-it,last_token,2,attack_vs_harmless,gcg,none,0.9928086996078491,0.007191300392150879,59.74177169799805,59.31150817871094,0.4302635192871094
jbshield-gemma-phase2-gemma-2-9b-it,gemma-2-9b-it,last_token,2,attack_vs_direct_harmful,ijp,direct_harmful,0.9737269878387451,0.026273012161254883,62.5626335144043,59.37338638305664,3.1892471313476562
jbshield-gemma-phase2-gemma-2-9b-it,gemma-2-9b-it,last_token,2,attack_vs_harmless,ijp,none,0.9720878601074219,0.027912139892578125,62.5626335144043,59.31150817871094,3.2511253356933594
jbshield-gemma-phase2-gemma-2-9b-it,gemma-2-9b-it,last_token,2,attack_vs_direct_harmful,pair,direct_harmful,0.992079496383667,0.007920503616333008,60.823978424072266,59.37338638305664,1.450592041015625
jbshield-gemma-phase2-gemma-2-9b-it,gemma-2-9b-it,last_token,2,attack_vs_harmless,pair,none,0.9903132915496826,0.009686708450317383,60.823978424072266,59.31150817871094,1.5124702453613281
jbshield-gemma-phase2-gemma-2-9b-it,gemma-2-9b-it,last_token,2,attack_vs_direct_harmful,puzzler,direct_harmful,0.9404973387718201,0.05950266122817993,64.5615005493164,59.37338638305664,5.188114166259766
jbshield-gemma-phase2-gemma-2-9b-it,gemma-2-9b-it,last_token,2,attack_vs_harmless,puzzler,none,0.9382426142692566,0.06175738573074341,64.5615005493164,59.31150817871094,5.249992370605469
jbshield-gemma-phase2-gemma-2-9b-it,gemma-2-9b-it,last_token,2,attack_vs_direct_harmful,saa,direct_harmful,0.9637371301651001,0.0362628698348999,59.59119415283203,59.37338638305664,0.21780776977539062
jbshield-gemma-phase2-gemma-2-9b-it,gemma-2-9b-it,last_token,2,attack_vs_harmless,saa,none,0.961826503276825,0.03817349672317505,59.59119415283203,59.31150817871094,0.27968597412109375
jbshield-gemma-phase2-gemma-2-9b-it,gemma-2-9b-it,last_token,2,attack_vs_direct_harmful,zulu,direct_harmful,0.985468327999115,0.01453167200088501,61.753761291503906,59.37338638305664,2.3803749084472656
jbshield-gemma-phase2-gemma-2-9b-it,gemma-2-9b-it,last_token,2,attack_vs_harmless,zulu,none,0.985725998878479,0.014274001121520996,61.753761291503906,59.31150817871094,2.4422531127929688
jbshield-gemma-phase2-gemma-2-9b-it,gemma-2-9b-it,last_token,3,label_1_vs_label_0,label_1,label_0,0.9895803928375244,0.010419607162475586,67.23235321044922,66.72789764404297,0.50445556640625
jbshield-gemma-phase2-gemma-2-9b-it,gemma-2-9b-it,last_token,3,direct_harmful_vs_harmless,direct_harmful,none,0.9986324310302734,0.0013675689697265625,66.9084243774414,66.72466278076172,0.1837615966796875
jbshield-gemma-phase2-gemma-2-9b-it,gemma-2-9b-it,last_token,3,attack_vs_direct_harmful,autodan,direct_harmful,0.9917595386505127,0.008240461349487305,66.84846496582031,66.9084243774414,-0.05995941162109375
jbshield-gemma-phase2-gemma-2-9b-it,gemma-2-9b-it,last_token,3,attack_vs_harmless,autodan,none,0.9909400939941406,0.009059906005859375,66.84846496582031,66.72466278076172,0.12380218505859375
jbshield-gemma-phase2-gemma-2-9b-it,gemma-2-9b-it,last_token,3,attack_vs_direct_harmful,base64,direct_harmful,0.9830996990203857,0.016900300979614258,67.16883087158203,66.9084243774414,0.260406494140625
jbshield-gemma-phase2-gemma-2-9b-it,gemma-2-9b-it,last_token,3,attack_vs_harmless,base64,none,0.983678936958313,0.01632106304168701,67.16883087158203,66.72466278076172,0.4441680908203125
jbshield-gemma-phase2-gemma-2-9b-it,gemma-2-9b-it,last_token,3,attack_vs_direct_harmful,drattack,direct_harmful,0.9710321426391602,0.028967857360839844,68.24720001220703,66.9084243774414,1.338775634765625
jbshield-gemma-phase2-gemma-2-9b-it,gemma-2-9b-it,last_token,3,attack_vs_harmless,drattack,none,0.9698277711868286,0.030172228813171387,68.24720001220703,66.72466278076172,1.5225372314453125
jbshield-gemma-phase2-gemma-2-9b-it,gemma-2-9b-it,last_token,3,attack_vs_direct_harmful,gcg,direct_harmful,0.9953500628471375,0.004649937152862549,66.77422332763672,66.9084243774414,-0.1342010498046875
jbshield-gemma-phase2-gemma-2-9b-it,gemma-2-9b-it,last_token,3,attack_vs_harmless,gcg,none,0.9943006038665771,0.0056993961334228516,66.77422332763672,66.72466278076172,0.049560546875
jbshield-gemma-phase2-gemma-2-9b-it,gemma-2-9b-it,last_token,3,attack_vs_direct_harmful,ijp,direct_harmful,0.9778791069984436,0.022120893001556396,68.64962005615234,66.9084243774414,1.7411956787109375
jbshield-gemma-phase2-gemma-2-9b-it,gemma-2-9b-it,last_token,3,attack_vs_harmless,ijp,none,0.9764355421066284,0.023564457893371582,68.64962005615234,66.72466278076172,1.924957275390625
jbshield-gemma-phase2-gemma-2-9b-it,gemma-2-9b-it,last_token,3,attack_vs_direct_harmful,pair,direct_harmful,0.9938483238220215,0.006151676177978516,67.6313247680664,66.9084243774414,0.722900390625
jbshield-gemma-phase2-gemma-2-9b-it,gemma-2-9b-it,last_token,3,attack_vs_harmless,pair,none,0.9924620985984802,0.007537901401519775,67.6313247680664,66.72466278076172,0.9066619873046875
jbshield-gemma-phase2-gemma-2-9b-it,gemma-2-9b-it,last_token,3,attack_vs_direct_harmful,puzzler,direct_harmful,0.9486028552055359,0.05139714479446411,70.65028381347656,66.9084243774414,3.7418594360351562
jbshield-gemma-phase2-gemma-2-9b-it,gemma-2-9b-it,last_token,3,attack_vs_harmless,puzzler,none,0.9466086626052856,0.053391337394714355,70.65028381347656,66.72466278076172,3.9256210327148438
jbshield-gemma-phase2-gemma-2-9b-it,gemma-2-9b-it,last_token,3,attack_vs_direct_harmful,saa,direct_harmful,0.9646746516227722,0.03532534837722778,67.75285339355469,66.9084243774414,0.8444290161132812
jbshield-gemma-phase2-gemma-2-9b-it,gemma-2-9b-it,last_token,3,attack_vs_harmless,saa,none,0.9628543257713318,0.03714567422866821,67.75285339355469,66.72466278076172,1.0281906127929688
jbshield-gemma-phase2-gemma-2-9b-it,gemma-2-9b-it,last_token,3,attack_vs_direct_harmful,zulu,direct_harmful,0.9871504306793213,0.012849569320678711,68.63642120361328,66.9084243774414,1.727996826171875
jbshield-gemma-phase2-gemma-2-9b-it,gemma-2-9b-it,last_token,3,attack_vs_harmless,zulu,none,0.9874628186225891,0.012537181377410889,68.63642120361328,66.72466278076172,1.9117584228515625
jbshield-gemma-phase2-gemma-2-9b-it,gemma-2-9b-it,last_token,4,label_1_vs_label_0,label_1,label_0,0.9851795434951782,0.014820456504821777,59.034610748291016,59.77169418334961,-0.7370834350585938
jbshield-gemma-phase2-gemma-2-9b-it,gemma-2-9b-it,last_token,4,direct_harmful_vs_harmless,direct_harmful,none,0.9983201622962952,0.001679837703704834,59.79804611206055,59.77418899536133,0.02385711669921875
jbshield-gemma-phase2-gemma-2-9b-it,gemma-2-9b-it,last_token,4,attack_vs_direct_harmful,autodan,direct_harmful,0.9884600043296814,0.011539995670318604,59.033390045166016,59.79804611206055,-0.7646560668945312
jbshield-gemma-phase2-gemma-2-9b-it,gemma-2-9b-it,last_token,4,attack_vs_harmless,autodan,none,0.9874905347824097,0.012509465217590332,59.033390045166016,59.77418899536133,-0.7407989501953125
jbshield-gemma-phase2-gemma-2-9b-it,gemma-2-9b-it,last_token,4,attack_vs_direct_harmful,base64,direct_harmful,0.9765094518661499,0.023490548133850098,59.66713333129883,59.79804611206055,-0.13091278076171875
jbshield-gemma-phase2-gemma-2-9b-it,gemma-2-9b-it,last_token,4,attack_vs_harmless,base64,none,0.9780651926994324,0.021934807300567627,59.66713333129883,59.77418899536133,-0.1070556640625
jbshield-gemma-phase2-gemma-2-9b-it,gemma-2-9b-it,last_token,4,attack_vs_direct_harmful,drattack,direct_harmful,0.9527465105056763,0.04725348949432373,60.1269416809082,59.79804611206055,0.32889556884765625
jbshield-gemma-phase2-gemma-2-9b-it,gemma-2-9b-it,last_token,4,attack_vs_harmless,drattack,none,0.9525805711746216,0.04741942882537842,60.1269416809082,59.77418899536133,0.352752685546875
jbshield-gemma-phase2-gemma-2-9b-it,gemma-2-9b-it,last_token,4,attack_vs_direct_harmful,gcg,direct_harmful,0.9926586151123047,0.0073413848876953125,58.86330032348633,59.79804611206055,-0.9347457885742188
jbshield-gemma-phase2-gemma-2-9b-it,gemma-2-9b-it,last_token,4,attack_vs_harmless,gcg,none,0.9913228750228882,0.008677124977111816,58.86330032348633,59.77418899536133,-0.910888671875
jbshield-gemma-phase2-gemma-2-9b-it,gemma-2-9b-it,last_token,4,attack_vs_direct_harmful,ijp,direct_harmful,0.9683188796043396,0.0316811203956604,60.284854888916016,59.79804611206055,0.48680877685546875
jbshield-gemma-phase2-gemma-2-9b-it,gemma-2-9b-it,last_token,4,attack_vs_harmless,ijp,none,0.9672724008560181,0.032727599143981934,60.284854888916016,59.77418899536133,0.5106658935546875
jbshield-gemma-phase2-gemma-2-9b-it,gemma-2-9b-it,last_token,4,attack_vs_direct_harmful,pair,direct_harmful,0.9913874864578247,0.008612513542175293,60.042572021484375,59.79804611206055,0.24452590942382812
jbshield-gemma-phase2-gemma-2-9b-it,gemma-2-9b-it,last_token,4,attack_vs_harmless,pair,none,0.989848792552948,0.010151207447052002,60.042572021484375,59.77418899536133,0.2683830261230469
jbshield-gemma-phase2-gemma-2-9b-it,gemma-2-9b-it,last_token,4,attack_vs_direct_harmful,puzzler,direct_harmful,0.9204472899436951,0.07955271005630493,62.14629364013672,59.79804611206055,2.348247528076172
jbshield-gemma-phase2-gemma-2-9b-it,gemma-2-9b-it,last_token,4,attack_vs_harmless,puzzler,none,0.9186629056930542,0.0813370943069458,62.14629364013672,59.77418899536133,2.3721046447753906
jbshield-gemma-phase2-gemma-2-9b-it,gemma-2-9b-it,last_token,4,attack_vs_direct_harmful,saa,direct_harmful,0.9351722002029419,0.0648277997970581,58.952762603759766,59.79804611206055,-0.8452835083007812
jbshield-gemma-phase2-gemma-2-9b-it,gemma-2-9b-it,last_token,4,attack_vs_harmless,saa,none,0.9337388873100281,0.06626111268997192,58.952762603759766,59.77418899536133,-0.8214263916015625
jbshield-gemma-phase2-gemma-2-9b-it,gemma-2-9b-it,last_token,4,attack_vs_direct_harmful,zulu,direct_harmful,0.9789372682571411,0.021062731742858887,61.146827697753906,59.79804611206055,1.3487815856933594
jbshield-gemma-phase2-gemma-2-9b-it,gemma-2-9b-it,last_token,4,attack_vs_harmless,zulu,none,0.9794543981552124,0.020545601844787598,61.146827697753906,59.77418899536133,1.3726387023925781
jbshield-gemma-phase2-gemma-2-9b-it,gemma-2-9b-it,last_token,5,label_1_vs_label_0,label_1,label_0,0.9796440005302429,0.02035599946975708,64.83180236816406,65.05484008789062,-0.2230377197265625
jbshield-gemma-phase2-gemma-2-9b-it,gemma-2-9b-it,last_token,5,direct_harmful_vs_harmless,direct_harmful,none,0.9931461811065674,0.006853818893432617,65.85791778564453,65.04187774658203,0.8160400390625
jbshield-gemma-phase2-gemma-2-9b-it,gemma-2-9b-it,last_token,5,attack_vs_direct_harmful,autodan,direct_harmful,0.9833636283874512,0.016636371612548828,65.47545623779297,65.85791778564453,-0.3824615478515625
jbshield-gemma-phase2-gemma-2-9b-it,gemma-2-9b-it,last_token,5,attack_vs_harmless,autodan,none,0.9812188148498535,0.018781185150146484,65.47545623779297,65.04187774658203,0.4335784912109375
jbshield-gemma-phase2-gemma-2-9b-it,gemma-2-9b-it,last_token,5,attack_vs_direct_harmful,base64,direct_harmful,0.9645552039146423,0.035444796085357666,66.72578430175781,65.85791778564453,0.8678665161132812
jbshield-gemma-phase2-gemma-2-9b-it,gemma-2-9b-it,last_token,5,attack_vs_harmless,base64,none,0.9660512804985046,0.03394871950149536,66.72578430175781,65.04187774658203,1.6839065551757812
jbshield-gemma-phase2-gemma-2-9b-it,gemma-2-9b-it,last_token,5,attack_vs_direct_harmful,drattack,direct_harmful,0.9459770321846008,0.05402296781539917,65.699951171875,65.85791778564453,-0.15796661376953125
jbshield-gemma-phase2-gemma-2-9b-it,gemma-2-9b-it,last_token,5,attack_vs_harmless,drattack,none,0.9482265114784241,0.05177348852157593,65.699951171875,65.04187774658203,0.6580734252929688
jbshield-gemma-phase2-gemma-2-9b-it,gemma-2-9b-it,last_token,5,attack_vs_direct_harmful,gcg,direct_harmful,0.9889282584190369,0.011071741580963135,64.43600463867188,65.85791778564453,-1.4219131469726562
jbshield-gemma-phase2-gemma-2-9b-it,gemma-2-9b-it,last_token,5,attack_vs_harmless,gcg,none,0.9856189489364624,0.014381051063537598,64.43600463867188,65.04187774658203,-0.6058731079101562
jbshield-gemma-phase2-gemma-2-9b-it,gemma-2-9b-it,last_token,5,attack_vs_direct_harmful,ijp,direct_harmful,0.9610363245010376,0.0389636754989624,65.59354400634766,65.85791778564453,-0.264373779296875
jbshield-gemma-phase2-gemma-2-9b-it,gemma-2-9b-it,last_token,5,attack_vs_harmless,ijp,none,0.960841953754425,0.03915804624557495,65.59354400634766,65.04187774658203,0.551666259765625
jbshield-gemma-phase2-gemma-2-9b-it,gemma-2-9b-it,last_token,5,attack_vs_direct_harmful,pair,direct_harmful,0.9873982667922974,0.012601733207702637,65.99885559082031,65.85791778564453,0.14093780517578125
jbshield-gemma-phase2-gemma-2-9b-it,gemma-2-9b-it,last_token,5,attack_vs_harmless,pair,none,0.9853779077529907,0.014622092247009277,65.99885559082031,65.04187774658203,0.9569778442382812
jbshield-gemma-phase2-gemma-2-9b-it,gemma-2-9b-it,last_token,5,attack_vs_direct_harmful,puzzler,direct_harmful,0.9015858173370361,0.09841418266296387,68.13059997558594,65.85791778564453,2.2726821899414062
jbshield-gemma-phase2-gemma-2-9b-it,gemma-2-9b-it,last_token,5,attack_vs_harmless,puzzler,none,0.8971289396286011,0.10287106037139893,68.13059997558594,65.04187774658203,3.0887222290039062
jbshield-gemma-phase2-gemma-2-9b-it,gemma-2-9b-it,last_token,5,attack_vs_direct_harmful,saa,direct_harmful,0.9174765944480896,0.0825234055519104,65.6620101928711,65.85791778564453,-0.1959075927734375
jbshield-gemma-phase2-gemma-2-9b-it,gemma-2-9b-it,last_token,5,attack_vs_harmless,saa,none,0.9158304333686829,0.08416956663131714,65.6620101928711,65.04187774658203,0.6201324462890625
jbshield-gemma-phase2-gemma-2-9b-it,gemma-2-9b-it,last_token,5,attack_vs_direct_harmful,zulu,direct_harmful,0.9548074007034302,0.045192599296569824,68.057373046875,65.85791778564453,2.1994552612304688
jbshield-gemma-phase2-gemma-2-9b-it,gemma-2-9b-it,last_token,5,attack_vs_harmless,zulu,none,0.9540467858314514,0.045953214168548584,68.057373046875,65.04187774658203,3.0154953002929688
jbshield-gemma-phase2-gemma-2-9b-it,gemma-2-9b-it,last_token,6,label_1_vs_label_0,label_1,label_0,0.9804801940917969,0.019519805908203125,78.6790771484375,78.74769592285156,-0.0686187744140625
jbshield-gemma-phase2-gemma-2-9b-it,gemma-2-9b-it,last_token,6,direct_harmful_vs_harmless,direct_harmful,none,0.9931614398956299,0.006838560104370117,80.04248046875,78.72066497802734,1.3218154907226562
jbshield-gemma-phase2-gemma-2-9b-it,gemma-2-9b-it,last_token,6,attack_vs_direct_harmful,autodan,direct_harmful,0.981720507144928,0.01827949285507202,78.96231842041016,80.04248046875,-1.0801620483398438
jbshield-gemma-phase2-gemma-2-9b-it,gemma-2-9b-it,last_token,6,attack_vs_harmless,autodan,none,0.9832238554954529,0.01677614450454712,78.96231842041016,78.72066497802734,0.2416534423828125
jbshield-gemma-phase2-gemma-2-9b-it,gemma-2-9b-it,last_token,6,attack_vs_direct_harmful,base64,direct_harmful,0.9669678807258606,0.033032119274139404,81.78463745117188,80.04248046875,1.742156982421875
jbshield-gemma-phase2-gemma-2-9b-it,gemma-2-9b-it,last_token,6,attack_vs_harmless,base64,none,0.970831573009491,0.029168426990509033,81.78463745117188,78.72066497802734,3.0639724731445312
jbshield-gemma-phase2-gemma-2-9b-it,gemma-2-9b-it,last_token,6,attack_vs_direct_harmful,drattack,direct_harmful,0.9366407990455627,0.06335920095443726,82.74626159667969,80.04248046875,2.7037811279296875
jbshield-gemma-phase2-gemma-2-9b-it,gemma-2-9b-it,last_token,6,attack_vs_harmless,drattack,none,0.9419390559196472,0.05806094408035278,82.74626159667969,78.72066497802734,4.025596618652344
jbshield-gemma-phase2-gemma-2-9b-it,gemma-2-9b-it,last_token,6,attack_vs_direct_harmful,gcg,direct_harmful,0.9896307587623596,0.01036924123764038,77.71632385253906,80.04248046875,-2.3261566162109375
jbshield-gemma-phase2-gemma-2-9b-it,gemma-2-9b-it,last_token,6,attack_vs_harmless,gcg,none,0.9874429106712341,0.01255708932876587,77.71632385253906,78.72066497802734,-1.0043411254882812
jbshield-gemma-phase2-gemma-2-9b-it,gemma-2-9b-it,last_token,6,attack_vs_direct_harmful,ijp,direct_harmful,0.9533307552337646,0.04666924476623535,79.37338256835938,80.04248046875,-0.669097900390625
jbshield-gemma-phase2-gemma-2-9b-it,gemma-2-9b-it,last_token,6,attack_vs_harmless,ijp,none,0.9580134153366089,0.04198658466339111,79.37338256835938,78.72066497802734,0.6527175903320312
jbshield-gemma-phase2-gemma-2-9b-it,gemma-2-9b-it,last_token,6,attack_vs_direct_harmful,pair,direct_harmful,0.9870339035987854,0.0129660964012146,80.26005554199219,80.04248046875,0.2175750732421875
jbshield-gemma-phase2-gemma-2-9b-it,gemma-2-9b-it,last_token,6,attack_vs_harmless,pair,none,0.9868605136871338,0.013139486312866211,80.26005554199219,78.72066497802734,1.5393905639648438
jbshield-gemma-phase2-gemma-2-9b-it,gemma-2-9b-it,last_token,6,attack_vs_direct_harmful,puzzler,direct_harmful,0.8939754366874695,0.10602456331253052,83.11882019042969,80.04248046875,3.0763397216796875
jbshield-gemma-phase2-gemma-2-9b-it,gemma-2-9b-it,last_token,6,attack_vs_harmless,puzzler,none,0.8960063457489014,0.10399365425109863,83.11882019042969,78.72066497802734,4.398155212402344
jbshield-gemma-phase2-gemma-2-9b-it,gemma-2-9b-it,last_token,6,attack_vs_direct_harmful,saa,direct_harmful,0.9124674797058105,0.08753252029418945,78.65850067138672,80.04248046875,-1.3839797973632812
jbshield-gemma-phase2-gemma-2-9b-it,gemma-2-9b-it,last_token,6,attack_vs_harmless,saa,none,0.9176452159881592,0.08235478401184082,78.65850067138672,78.72066497802734,-0.062164306640625
jbshield-gemma-phase2-gemma-2-9b-it,gemma-2-9b-it,last_token,6,attack_vs_direct_harmful,zulu,direct_harmful,0.9589461088180542,0.0410538911819458,81.54029083251953,80.04248046875,1.4978103637695312
jbshield-gemma-phase2-gemma-2-9b-it,gemma-2-9b-it,last_token,6,attack_vs_harmless,zulu,none,0.9612886905670166,0.0387113094329834,81.54029083251953,78.72066497802734,2.8196258544921875
jbshield-gemma-phase2-gemma-2-9b-it,gemma-2-9b-it,last_token,7,label_1_vs_label_0,label_1,label_0,0.9727899432182312,0.0272100567817688,73.12814331054688,73.96672058105469,-0.8385772705078125
jbshield-gemma-phase2-gemma-2-9b-it,gemma-2-9b-it,last_token,7,direct_harmful_vs_harmless,direct_harmful,none,0.9889106750488281,0.011089324951171875,75.39749145507812,73.9447250366211,1.4527664184570312
jbshield-gemma-phase2-gemma-2-9b-it,gemma-2-9b-it,last_token,7,attack_vs_direct_harmful,autodan,direct_harmful,0.971363365650177,0.028636634349822998,73.97541046142578,75.39749145507812,-1.4220809936523438
jbshield-gemma-phase2-gemma-2-9b-it,gemma-2-9b-it,last_token,7,attack_vs_harmless,autodan,none,0.9751610159873962,0.02483898401260376,73.97541046142578,73.9447250366211,0.0306854248046875
jbshield-gemma-phase2-gemma-2-9b-it,gemma-2-9b-it,last_token,7,attack_vs_direct_harmful,base64,direct_harmful,0.9480518698692322,0.05194813013076782,77.12799835205078,75.39749145507812,1.7305068969726562
jbshield-gemma-phase2-gemma-2-9b-it,gemma-2-9b-it,last_token,7,attack_vs_harmless,base64,none,0.9535379409790039,0.046462059020996094,77.12799835205078,73.9447250366211,3.1832733154296875
jbshield-gemma-phase2-gemma-2-9b-it,gemma-2-9b-it,last_token,7,attack_vs_direct_harmful,drattack,direct_harmful,0.911070704460144,0.08892929553985596,77.48211669921875,75.39749145507812,2.084625244140625
jbshield-gemma-phase2-gemma-2-9b-it,gemma-2-9b-it,last_token,7,attack_vs_harmless,drattack,none,0.921355128288269,0.07864487171173096,77.48211669921875,73.9447250366211,3.5373916625976562
jbshield-gemma-phase2-gemma-2-9b-it,gemma-2-9b-it,last_token,7,attack_vs_direct_harmful,gcg,direct_harmful,0.9843990206718445,0.015600979328155518,72.78386688232422,75.39749145507812,-2.6136245727539062
jbshield-gemma-phase2-gemma-2-9b-it,gemma-2-9b-it,last_token,7,attack_vs_harmless,gcg,none,0.9816291332244873,0.018370866775512695,72.78386688232422,73.9447250366211,-1.160858154296875
jbshield-gemma-phase2-gemma-2-9b-it,gemma-2-9b-it,last_token,7,attack_vs_direct_harmful,ijp,direct_harmful,0.931185781955719,0.068814218044281,74.58647918701172,75.39749145507812,-0.8110122680664062
jbshield-gemma-phase2-gemma-2-9b-it,gemma-2-9b-it,last_token,7,attack_vs_harmless,ijp,none,0.939343273639679,0.060656726360321045,74.58647918701172,73.9447250366211,0.641754150390625
jbshield-gemma-phase2-gemma-2-9b-it,gemma-2-9b-it,last_token,7,attack_vs_direct_harmful,pair,direct_harmful,0.9812821745872498,0.018717825412750244,75.63555145263672,75.39749145507812,0.23805999755859375
jbshield-gemma-phase2-gemma-2-9b-it,gemma-2-9b-it,last_token,7,attack_vs_harmless,pair,none,0.9818837642669678,0.018116235733032227,75.63555145263672,73.9447250366211,1.690826416015625
jbshield-gemma-phase2-gemma-2-9b-it,gemma-2-9b-it,last_token,7,attack_vs_direct_harmful,puzzler,direct_harmful,0.8528059720993042,0.1471940279006958,78.671630859375,75.39749145507812,3.274139404296875
jbshield-gemma-phase2-gemma-2-9b-it,gemma-2-9b-it,last_token,7,attack_vs_harmless,puzzler,none,0.8565531373023987,0.14344686269760132,78.671630859375,73.9447250366211,4.726905822753906
jbshield-gemma-phase2-gemma-2-9b-it,gemma-2-9b-it,last_token,7,attack_vs_direct_harmful,saa,direct_harmful,0.8795880675315857,0.1204119324684143,73.22310638427734,75.39749145507812,-2.1743850708007812
jbshield-gemma-phase2-gemma-2-9b-it,gemma-2-9b-it,last_token,7,attack_vs_harmless,saa,none,0.8870096802711487,0.11299031972885132,73.22310638427734,73.9447250366211,-0.72161865234375
jbshield-gemma-phase2-gemma-2-9b-it,gemma-2-9b-it,last_token,7,attack_vs_direct_harmful,zulu,direct_harmful,0.941260039806366,0.05873996019363403,75.5838394165039,75.39749145507812,0.18634796142578125
jbshield-gemma-phase2-gemma-2-9b-it,gemma-2-9b-it,last_token,7,attack_vs_harmless,zulu,none,0.9461796879768372,0.05382031202316284,75.5838394165039,73.9447250366211,1.6391143798828125
jbshield-gemma-phase2-gemma-2-9b-it,gemma-2-9b-it,last_token,8,label_1_vs_label_0,label_1,label_0,0.9764344096183777,0.023565590381622314,80.7865219116211,82.13724517822266,-1.3507232666015625
jbshield-gemma-phase2-gemma-2-9b-it,gemma-2-9b-it,last_token,8,direct_harmful_vs_harmless,direct_harmful,none,0.9912914633750916,0.008708536624908447,84.92855072021484,82.0639419555664,2.8646087646484375
jbshield-gemma-phase2-gemma-2-9b-it,gemma-2-9b-it,last_token,8,attack_vs_direct_harmful,autodan,direct_harmful,0.9740049242973328,0.025995075702667236,81.00780487060547,84.92855072021484,-3.920745849609375
jbshield-gemma-phase2-gemma-2-9b-it,gemma-2-9b-it,last_token,8,attack_vs_harmless,autodan,none,0.9784578084945679,0.02154219150543213,81.00780487060547,82.0639419555664,-1.0561370849609375
jbshield-gemma-phase2-gemma-2-9b-it,gemma-2-9b-it,last_token,8,attack_vs_direct_harmful,base64,direct_harmful,0.95244961977005,0.04755038022994995,86.18475341796875,84.92855072021484,1.2562026977539062
jbshield-gemma-phase2-gemma-2-9b-it,gemma-2-9b-it,last_token,8,attack_vs_harmless,base64,none,0.9590995907783508,0.04090040922164917,86.18475341796875,82.0639419555664,4.120811462402344
jbshield-gemma-phase2-gemma-2-9b-it,gemma-2-9b-it,last_token,8,attack_vs_direct_harmful,drattack,direct_harmful,0.9188359975814819,0.08116400241851807,84.98561096191406,84.92855072021484,0.05706024169921875
jbshield-gemma-phase2-gemma-2-9b-it,gemma-2-9b-it,last_token,8,attack_vs_harmless,drattack,none,0.9278632402420044,0.0721367597579956,84.98561096191406,82.0639419555664,2.9216690063476562
jbshield-gemma-phase2-gemma-2-9b-it,gemma-2-9b-it,last_token,8,attack_vs_direct_harmful,gcg,direct_harmful,0.9867514967918396,0.0132485032081604,81.4004898071289,84.92855072021484,-3.5280609130859375
jbshield-gemma-phase2-gemma-2-9b-it,gemma-2-9b-it,last_token,8,attack_vs_harmless,gcg,none,0.9847652912139893,0.015234708786010742,81.4004898071289,82.0639419555664,-0.6634521484375
jbshield-gemma-phase2-gemma-2-9b-it,gemma-2-9b-it,last_token,8,attack_vs_direct_harmful,ijp,direct_harmful,0.9356510639190674,0.06434893608093262,81.3991928100586,84.92855072021484,-3.52935791015625
jbshield-gemma-phase2-gemma-2-9b-it,gemma-2-9b-it,last_token,8,attack_vs_harmless,ijp,none,0.9442950487136841,0.05570495128631592,81.3991928100586,82.0639419555664,-0.6647491455078125
jbshield-gemma-phase2-gemma-2-9b-it,gemma-2-9b-it,last_token,8,attack_vs_direct_harmful,pair,direct_harmful,0.9826921224594116,0.01730787754058838,83.10830688476562,84.92855072021484,-1.8202438354492188
jbshield-gemma-phase2-gemma-2-9b-it,gemma-2-9b-it,last_token,8,attack_vs_harmless,pair,none,0.9847650527954102,0.015234947204589844,83.10830688476562,82.0639419555664,1.0443649291992188
jbshield-gemma-phase2-gemma-2-9b-it,gemma-2-9b-it,last_token,8,attack_vs_direct_harmful,puzzler,direct_harmful,0.8641058206558228,0.13589417934417725,87.79564666748047,84.92855072021484,2.867095947265625
jbshield-gemma-phase2-gemma-2-9b-it,gemma-2-9b-it,last_token,8,attack_vs_harmless,puzzler,none,0.8695030808448792,0.13049691915512085,87.79564666748047,82.0639419555664,5.7317047119140625
jbshield-gemma-phase2-gemma-2-9b-it,gemma-2-9b-it,last_token,8,attack_vs_direct_harmful,saa,direct_harmful,0.8995149731636047,0.10048502683639526,79.37960815429688,84.92855072021484,-5.548942565917969
jbshield-gemma-phase2-gemma-2-9b-it,gemma-2-9b-it,last_token,8,attack_vs_harmless,saa,none,0.9054862856864929,0.09451371431350708,79.37960815429688,82.0639419555664,-2.6843338012695312
jbshield-gemma-phase2-gemma-2-9b-it,gemma-2-9b-it,last_token,8,attack_vs_direct_harmful,zulu,direct_harmful,0.9499185681343079,0.05008143186569214,83.40838623046875,84.92855072021484,-1.5201644897460938
jbshield-gemma-phase2-gemma-2-9b-it,gemma-2-9b-it,last_token,8,attack_vs_harmless,zulu,none,0.9544001817703247,0.04559981822967529,83.40838623046875,82.0639419555664,1.3444442749023438
jbshield-gemma-phase2-gemma-2-9b-it,gemma-2-9b-it,last_token,9,label_1_vs_label_0,label_1,label_0,0.963837742805481,0.03616225719451904,86.8832778930664,91.01995086669922,-4.1366729736328125
jbshield-gemma-phase2-gemma-2-9b-it,gemma-2-9b-it,last_token,9,direct_harmful_vs_harmless,direct_harmful,none,0.9650607705116272,0.0349392294883728,101.4301528930664,90.77294158935547,10.657211303710938
jbshield-gemma-phase2-gemma-2-9b-it,gemma-2-9b-it,last_token,9,attack_vs_direct_harmful,autodan,direct_harmful,0.9337911605834961,0.0662088394165039,86.05706787109375,101.4301528930664,-15.373085021972656
jbshield-gemma-phase2-gemma-2-9b-it,gemma-2-9b-it,last_token,9,attack_vs_harmless,autodan,none,0.9531226754188538,0.04687732458114624,86.05706787109375,90.77294158935547,-4.715873718261719
jbshield-gemma-phase2-gemma-2-9b-it,gemma-2-9b-it,last_token,9,attack_vs_direct_harmful,base64,direct_harmful,0.9139878153800964,0.08601218461990356,96.74219512939453,101.4301528930664,-4.687957763671875
jbshield-gemma-phase2-gemma-2-9b-it,gemma-2-9b-it,last_token,9,attack_vs_harmless,base64,none,0.9260671138763428,0.07393288612365723,96.74219512939453,90.77294158935547,5.9692535400390625
jbshield-gemma-phase2-gemma-2-9b-it,gemma-2-9b-it,last_token,9,attack_vs_direct_harmful,drattack,direct_harmful,0.8707208633422852,0.12927913665771484,89.15941619873047,101.4301528930664,-12.270736694335938
jbshield-gemma-phase2-gemma-2-9b-it,gemma-2-9b-it,last_token,9,attack_vs_harmless,drattack,none,0.9000575542449951,0.09994244575500488,89.15941619873047,90.77294158935547,-1.613525390625
jbshield-gemma-phase2-gemma-2-9b-it,gemma-2-9b-it,last_token,9,attack_vs_direct_harmful,gcg,direct_harmful,0.9799377918243408,0.02006220817565918,93.14166259765625,101.4301528930664,-8.288490295410156
jbshield-gemma-phase2-gemma-2-9b-it,gemma-2-9b-it,last_token,9,attack_vs_harmless,gcg,none,0.9651331901550293,0.0348668098449707,93.14166259765625,90.77294158935547,2.3687210083007812
jbshield-gemma-phase2-gemma-2-9b-it,gemma-2-9b-it,last_token,9,attack_vs_direct_harmful,ijp,direct_harmful,0.8981004953384399,0.10189950466156006,87.19242858886719,101.4301528930664,-14.237724304199219
jbshield-gemma-phase2-gemma-2-9b-it,gemma-2-9b-it,last_token,9,attack_vs_harmless,ijp,none,0.9227728247642517,0.07722717523574829,87.19242858886719,90.77294158935547,-3.5805130004882812
jbshield-gemma-phase2-gemma-2-9b-it,gemma-2-9b-it,last_token,9,attack_vs_direct_harmful,pair,direct_harmful,0.9649351239204407,0.035064876079559326,91.3128433227539,101.4301528930664,-10.1173095703125
jbshield-gemma-phase2-gemma-2-9b-it,gemma-2-9b-it,last_token,9,attack_vs_harmless,pair,none,0.9722681641578674,0.02773183584213257,91.3128433227539,90.77294158935547,0.5399017333984375
jbshield-gemma-phase2-gemma-2-9b-it,gemma-2-9b-it,last_token,9,attack_vs_direct_harmful,puzzler,direct_harmful,0.8241444230079651,0.1758555769920349,92.65464782714844,101.4301528930664,-8.775505065917969
jbshield-gemma-phase2-gemma-2-9b-it,gemma-2-9b-it,last_token,9,attack_vs_harmless,puzzler,none,0.8403083682060242,0.15969163179397583,92.65464782714844,90.77294158935547,1.8817062377929688
jbshield-gemma-phase2-gemma-2-9b-it,gemma-2-9b-it,last_token,9,attack_vs_direct_harmful,saa,direct_harmful,0.8603112101554871,0.13968878984451294,83.25012969970703,101.4301528930664,-18.180023193359375
jbshield-gemma-phase2-gemma-2-9b-it,gemma-2-9b-it,last_token,9,attack_vs_harmless,saa,none,0.8726280331611633,0.12737196683883667,83.25012969970703,90.77294158935547,-7.5228118896484375
jbshield-gemma-phase2-gemma-2-9b-it,gemma-2-9b-it,last_token,9,attack_vs_direct_harmful,zulu,direct_harmful,0.9258304238319397,0.0741695761680603,90.34768676757812,101.4301528930664,-11.082466125488281
jbshield-gemma-phase2-gemma-2-9b-it,gemma-2-9b-it,last_token,9,attack_vs_harmless,zulu,none,0.9382415413856506,0.061758458614349365,90.34768676757812,90.77294158935547,-0.42525482177734375
jbshield-gemma-phase2-gemma-2-9b-it,gemma-2-9b-it,last_token,10,label_1_vs_label_0,label_1,label_0,0.9585698246955872,0.04143017530441284,101.8560562133789,104.35018157958984,-2.4941253662109375
jbshield-gemma-phase2-gemma-2-9b-it,gemma-2-9b-it,last_token,10,direct_harmful_vs_harmless,direct_harmful,none,0.9541725516319275,0.04582744836807251,115.79547119140625,104.12660217285156,11.668869018554688
jbshield-gemma-phase2-gemma-2-9b-it,gemma-2-9b-it,last_token,10,attack_vs_direct_harmful,autodan,direct_harmful,0.9303537607192993,0.06964623928070068,100.68645477294922,115.79547119140625,-15.109016418457031
jbshield-gemma-phase2-gemma-2-9b-it,gemma-2-9b-it,last_token,10,attack_vs_harmless,autodan,none,0.9464675188064575,0.05353248119354248,100.68645477294922,104.12660217285156,-3.4401473999023438
jbshield-gemma-phase2-gemma-2-9b-it,gemma-2-9b-it,last_token,10,attack_vs_direct_harmful,base64,direct_harmful,0.882902979850769,0.11709702014923096,122.03392028808594,115.79547119140625,6.2384490966796875
jbshield-gemma-phase2-gemma-2-9b-it,gemma-2-9b-it,last_token,10,attack_vs_harmless,base64,none,0.8902719616889954,0.10972803831100464,122.03392028808594,104.12660217285156,17.907318115234375
jbshield-gemma-phase2-gemma-2-9b-it,gemma-2-9b-it,last_token,10,attack_vs_direct_harmful,drattack,direct_harmful,0.8549570441246033,0.14504295587539673,106.21629333496094,115.79547119140625,-9.579177856445312
jbshield-gemma-phase2-gemma-2-9b-it,gemma-2-9b-it,last_token,10,attack_vs_harmless,drattack,none,0.8844967484474182,0.11550325155258179,106.21629333496094,104.12660217285156,2.089691162109375
jbshield-gemma-phase2-gemma-2-9b-it,gemma-2-9b-it,last_token,10,attack_vs_direct_harmful,gcg,direct_harmful,0.9803795218467712,0.01962047815322876,108.16295623779297,115.79547119140625,-7.632514953613281
jbshield-gemma-phase2-gemma-2-9b-it,gemma-2-9b-it,last_token,10,attack_vs_harmless,gcg,none,0.9564681053161621,0.04353189468383789,108.16295623779297,104.12660217285156,4.036354064941406
jbshield-gemma-phase2-gemma-2-9b-it,gemma-2-9b-it,last_token,10,attack_vs_direct_harmful,ijp,direct_harmful,0.8775540590286255,0.12244594097137451,102.94258117675781,115.79547119140625,-12.852890014648438
jbshield-gemma-phase2-gemma-2-9b-it,gemma-2-9b-it,last_token,10,attack_vs_harmless,ijp,none,0.9079679846763611,0.09203201532363892,102.94258117675781,104.12660217285156,-1.18402099609375
jbshield-gemma-phase2-gemma-2-9b-it,gemma-2-9b-it,last_token,10,attack_vs_direct_harmful,pair,direct_harmful,0.9622795581817627,0.037720441818237305,107.663818359375,115.79547119140625,-8.13165283203125
jbshield-gemma-phase2-gemma-2-9b-it,gemma-2-9b-it,last_token,10,attack_vs_harmless,pair,none,0.9637587070465088,0.03624129295349121,107.663818359375,104.12660217285156,3.5372161865234375
jbshield-gemma-phase2-gemma-2-9b-it,gemma-2-9b-it,last_token,10,attack_vs_direct_harmful,puzzler,direct_harmful,0.8242977261543274,0.1757022738456726,107.92668151855469,115.79547119140625,-7.8687896728515625
jbshield-gemma-phase2-gemma-2-9b-it,gemma-2-9b-it,last_token,10,attack_vs_harmless,puzzler,none,0.829155683517456,0.17084431648254395,107.92668151855469,104.12660217285156,3.800079345703125
jbshield-gemma-phase2-gemma-2-9b-it,gemma-2-9b-it,last_token,10,attack_vs_direct_harmful,saa,direct_harmful,0.8246905207633972,0.17530947923660278,100.01016235351562,115.79547119140625,-15.785308837890625
jbshield-gemma-phase2-gemma-2-9b-it,gemma-2-9b-it,last_token,10,attack_vs_harmless,saa,none,0.8533082604408264,0.14669173955917358,100.01016235351562,104.12660217285156,-4.1164398193359375
jbshield-gemma-phase2-gemma-2-9b-it,gemma-2-9b-it,last_token,10,attack_vs_direct_harmful,zulu,direct_harmful,0.9226347804069519,0.0773652195930481,102.98233795166016,115.79547119140625,-12.813133239746094
jbshield-gemma-phase2-gemma-2-9b-it,gemma-2-9b-it,last_token,10,attack_vs_harmless,zulu,none,0.9253032207489014,0.07469677925109863,102.98233795166016,104.12660217285156,-1.1442642211914062
jbshield-gemma-phase2-gemma-2-9b-it,gemma-2-9b-it,last_token,11,label_1_vs_label_0,label_1,label_0,0.9551640152931213,0.04483598470687866,108.15415954589844,113.84367370605469,-5.68951416015625
jbshield-gemma-phase2-gemma-2-9b-it,gemma-2-9b-it,last_token,11,direct_harmful_vs_harmless,direct_harmful,none,0.9435693025588989,0.056430697441101074,129.88682556152344,113.52630615234375,16.360519409179688
jbshield-gemma-phase2-gemma-2-9b-it,gemma-2-9b-it,last_token,11,attack_vs_direct_harmful,autodan,direct_harmful,0.9184358716011047,0.08156412839889526,106.7776870727539,129.88682556152344,-23.10913848876953
jbshield-gemma-phase2-gemma-2-9b-it,gemma-2-9b-it,last_token,11,attack_vs_harmless,autodan,none,0.941308319568634,0.05869168043136597,106.7776870727539,113.52630615234375,-6.748619079589844
jbshield-gemma-phase2-gemma-2-9b-it,gemma-2-9b-it,last_token,11,attack_vs_direct_harmful,base64,direct_harmful,0.8683736324310303,0.13162636756896973,128.97459411621094,129.88682556152344,-0.9122314453125
jbshield-gemma-phase2-gemma-2-9b-it,gemma-2-9b-it,last_token,11,attack_vs_harmless,base64,none,0.8843486905097961,0.11565130949020386,128.97459411621094,113.52630615234375,15.448287963867188
jbshield-gemma-phase2-gemma-2-9b-it,gemma-2-9b-it,last_token,11,attack_vs_direct_harmful,drattack,direct_harmful,0.8338663578033447,0.16613364219665527,111.52398681640625,129.88682556152344,-18.362838745117188
jbshield-gemma-phase2-gemma-2-9b-it,gemma-2-9b-it,last_token,11,attack_vs_harmless,drattack,none,0.8808770179748535,0.11912298202514648,111.52398681640625,113.52630615234375,-2.0023193359375
jbshield-gemma-phase2-gemma-2-9b-it,gemma-2-9b-it,last_token,11,attack_vs_direct_harmful,gcg,direct_harmful,0.9774007201194763,0.02259927988052368,119.16448211669922,129.88682556152344,-10.722343444824219
jbshield-gemma-phase2-gemma-2-9b-it,gemma-2-9b-it,last_token,11,attack_vs_harmless,gcg,none,0.9454052448272705,0.05459475517272949,119.16448211669922,113.52630615234375,5.638175964355469
jbshield-gemma-phase2-gemma-2-9b-it,gemma-2-9b-it,last_token,11,attack_vs_direct_harmful,ijp,direct_harmful,0.8455299139022827,0.15447008609771729,108.1968002319336,129.88682556152344,-21.690025329589844
jbshield-gemma-phase2-gemma-2-9b-it,gemma-2-9b-it,last_token,11,attack_vs_harmless,ijp,none,0.8920806646347046,0.10791933536529541,108.1968002319336,113.52630615234375,-5.329505920410156
jbshield-gemma-phase2-gemma-2-9b-it,gemma-2-9b-it,last_token,11,attack_vs_direct_harmful,pair,direct_harmful,0.9565504193305969,0.043449580669403076,115.8883056640625,129.88682556152344,-13.998519897460938
jbshield-gemma-phase2-gemma-2-9b-it,gemma-2-9b-it,last_token,11,attack_vs_harmless,pair,none,0.964398205280304,0.035601794719696045,115.8883056640625,113.52630615234375,2.36199951171875
jbshield-gemma-phase2-gemma-2-9b-it,gemma-2-9b-it,last_token,11,attack_vs_direct_harmful,puzzler,direct_harmful,0.8172626495361328,0.1827373504638672,113.80470275878906,129.88682556152344,-16.082122802734375
jbshield-gemma-phase2-gemma-2-9b-it,gemma-2-9b-it,last_token,11,attack_vs_harmless,puzzler,none,0.826550304889679,0.17344969511032104,113.80470275878906,113.52630615234375,0.2783966064453125
jbshield-gemma-phase2-gemma-2-9b-it,gemma-2-9b-it,last_token,11,attack_vs_direct_harmful,saa,direct_harmful,0.8034415245056152,0.19655847549438477,107.10079193115234,129.88682556152344,-22.786033630371094
jbshield-gemma-phase2-gemma-2-9b-it,gemma-2-9b-it,last_token,11,attack_vs_harmless,saa,none,0.840303897857666,0.15969610214233398,107.10079193115234,113.52630615234375,-6.425514221191406
jbshield-gemma-phase2-gemma-2-9b-it,gemma-2-9b-it,last_token,11,attack_vs_direct_harmful,zulu,direct_harmful,0.9067812561988831,0.09321874380111694,109.44798278808594,129.88682556152344,-20.4388427734375
jbshield-gemma-phase2-gemma-2-9b-it,gemma-2-9b-it,last_token,11,attack_vs_harmless,zulu,none,0.9152626991271973,0.08473730087280273,109.44798278808594,113.52630615234375,-4.0783233642578125
jbshield-gemma-phase2-gemma-2-9b-it,gemma-2-9b-it,last_token,12,label_1_vs_label_0,label_1,label_0,0.9553834795951843,0.044616520404815674,113.99747467041016,117.27449798583984,-3.2770233154296875
jbshield-gemma-phase2-gemma-2-9b-it,gemma-2-9b-it,last_token,12,direct_harmful_vs_harmless,direct_harmful,none,0.9468070864677429,0.05319291353225708,130.6313934326172,117.03923797607422,13.592155456542969
jbshield-gemma-phase2-gemma-2-9b-it,gemma-2-9b-it,last_token,12,attack_vs_direct_harmful,autodan,direct_harmful,0.9270135164260864,0.07298648357391357,112.42200469970703,130.6313934326172,-18.209388732910156
jbshield-gemma-phase2-gemma-2-9b-it,gemma-2-9b-it,last_token,12,attack_vs_harmless,autodan,none,0.9452598690986633,0.05474013090133667,112.42200469970703,117.03923797607422,-4.6172332763671875
jbshield-gemma-phase2-gemma-2-9b-it,gemma-2-9b-it,last_token,12,attack_vs_direct_harmful,base64,direct_harmful,0.8728590607643127,0.12714093923568726,132.2562713623047,130.6313934326172,1.6248779296875
jbshield-gemma-phase2-gemma-2-9b-it,gemma-2-9b-it,last_token,12,attack_vs_harmless,base64,none,0.8893672823905945,0.11063271760940552,132.2562713623047,117.03923797607422,15.217033386230469
jbshield-gemma-phase2-gemma-2-9b-it,gemma-2-9b-it,last_token,12,attack_vs_direct_harmful,drattack,direct_harmful,0.8465655446052551,0.15343445539474487,118.0483169555664,130.6313934326172,-12.583076477050781
jbshield-gemma-phase2-gemma-2-9b-it,gemma-2-9b-it,last_token,12,attack_vs_harmless,drattack,none,0.8875809907913208,0.1124190092086792,118.0483169555664,117.03923797607422,1.0090789794921875
jbshield-gemma-phase2-gemma-2-9b-it,gemma-2-9b-it,last_token,12,attack_vs_direct_harmful,gcg,direct_harmful,0.9754453301429749,0.024554669857025146,124.1943359375,130.6313934326172,-6.4370574951171875
jbshield-gemma-phase2-gemma-2-9b-it,gemma-2-9b-it,last_token,12,attack_vs_harmless,gcg,none,0.944394052028656,0.055605947971343994,124.1943359375,117.03923797607422,7.155097961425781
jbshield-gemma-phase2-gemma-2-9b-it,gemma-2-9b-it,last_token,12,attack_vs_direct_harmful,ijp,direct_harmful,0.8551872372627258,0.14481276273727417,117.06653594970703,130.6313934326172,-13.564857482910156
jbshield-gemma-phase2-gemma-2-9b-it,gemma-2-9b-it,last_token,12,attack_vs_harmless,ijp,none,0.8938169479370117,0.10618305206298828,117.06653594970703,117.03923797607422,0.0272979736328125
jbshield-gemma-phase2-gemma-2-9b-it,gemma-2-9b-it,last_token,12,attack_vs_direct_harmful,pair,direct_harmful,0.9563571810722351,0.04364281892776489,119.99609375,130.6313934326172,-10.635299682617188
jbshield-gemma-phase2-gemma-2-9b-it,gemma-2-9b-it,last_token,12,attack_vs_harmless,pair,none,0.9638287425041199,0.03617125749588013,119.99609375,117.03923797607422,2.9568557739257812
jbshield-gemma-phase2-gemma-2-9b-it,gemma-2-9b-it,last_token,12,attack_vs_direct_harmful,puzzler,direct_harmful,0.8264284729957581,0.17357152700424194,125.23370361328125,130.6313934326172,-5.3976898193359375
jbshield-gemma-phase2-gemma-2-9b-it,gemma-2-9b-it,last_token,12,attack_vs_harmless,puzzler,none,0.8441275358200073,0.15587246417999268,125.23370361328125,117.03923797607422,8.194465637207031
jbshield-gemma-phase2-gemma-2-9b-it,gemma-2-9b-it,last_token,12,attack_vs_direct_harmful,saa,direct_harmful,0.8262453079223633,0.17375469207763672,116.01478576660156,130.6313934326172,-14.616607666015625
jbshield-gemma-phase2-gemma-2-9b-it,gemma-2-9b-it,last_token,12,attack_vs_harmless,saa,none,0.8546522259712219,0.14534777402877808,116.01478576660156,117.03923797607422,-1.0244522094726562
jbshield-gemma-phase2-gemma-2-9b-it,gemma-2-9b-it,last_token,12,attack_vs_direct_harmful,zulu,direct_harmful,0.9030927419662476,0.09690725803375244,113.52896881103516,130.6313934326172,-17.10242462158203
jbshield-gemma-phase2-gemma-2-9b-it,gemma-2-9b-it,last_token,12,attack_vs_harmless,zulu,none,0.9102727174758911,0.08972728252410889,113.52896881103516,117.03923797607422,-3.5102691650390625
jbshield-gemma-phase2-gemma-2-9b-it,gemma-2-9b-it,last_token,13,label_1_vs_label_0,label_1,label_0,0.9518656134605408,0.04813438653945923,116.29937744140625,122.72046661376953,-6.421089172363281
jbshield-gemma-phase2-gemma-2-9b-it,gemma-2-9b-it,last_token,13,direct_harmful_vs_harmless,direct_harmful,none,0.940813422203064,0.059186577796936035,138.50466918945312,122.4419174194336,16.06275177001953
jbshield-gemma-phase2-gemma-2-9b-it,gemma-2-9b-it,last_token,13,attack_vs_direct_harmful,autodan,direct_harmful,0.9171267151832581,0.08287328481674194,115.21311950683594,138.50466918945312,-23.291549682617188
jbshield-gemma-phase2-gemma-2-9b-it,gemma-2-9b-it,last_token,13,attack_vs_harmless,autodan,none,0.9397826790809631,0.060217320919036865,115.21311950683594,122.4419174194336,-7.228797912597656
jbshield-gemma-phase2-gemma-2-9b-it,gemma-2-9b-it,last_token,13,attack_vs_direct_harmful,base64,direct_harmful,0.8564039468765259,0.14359605312347412,132.1995086669922,138.50466918945312,-6.3051605224609375
jbshield-gemma-phase2-gemma-2-9b-it,gemma-2-9b-it,last_token,13,attack_vs_harmless,base64,none,0.8845663070678711,0.1154336929321289,132.1995086669922,122.4419174194336,9.757591247558594
jbshield-gemma-phase2-gemma-2-9b-it,gemma-2-9b-it,last_token,13,attack_vs_direct_harmful,drattack,direct_harmful,0.8210352659225464,0.1789647340774536,120.34501647949219,138.50466918945312,-18.159652709960938
jbshield-gemma-phase2-gemma-2-9b-it,gemma-2-9b-it,last_token,13,attack_vs_harmless,drattack,none,0.8708568215370178,0.12914317846298218,120.34501647949219,122.4419174194336,-2.0969009399414062
jbshield-gemma-phase2-gemma-2-9b-it,gemma-2-9b-it,last_token,13,attack_vs_direct_harmful,gcg,direct_harmful,0.974694013595581,0.025305986404418945,129.4573211669922,138.50466918945312,-9.047348022460938
jbshield-gemma-phase2-gemma-2-9b-it,gemma-2-9b-it,last_token,13,attack_vs_harmless,gcg,none,0.9433000087738037,0.05669999122619629,129.4573211669922,122.4419174194336,7.015403747558594
jbshield-gemma-phase2-gemma-2-9b-it,gemma-2-9b-it,last_token,13,attack_vs_direct_harmful,ijp,direct_harmful,0.8328837156295776,0.16711628437042236,118.59968566894531,138.50466918945312,-19.904983520507812
jbshield-gemma-phase2-gemma-2-9b-it,gemma-2-9b-it,last_token,13,attack_vs_harmless,ijp,none,0.8779740333557129,0.12202596664428711,118.59968566894531,122.4419174194336,-3.8422317504882812
jbshield-gemma-phase2-gemma-2-9b-it,gemma-2-9b-it,last_token,13,attack_vs_direct_harmful,pair,direct_harmful,0.9494218826293945,0.05057811737060547,123.34405517578125,138.50466918945312,-15.160614013671875
jbshield-gemma-phase2-gemma-2-9b-it,gemma-2-9b-it,last_token,13,attack_vs_harmless,pair,none,0.9597053527832031,0.040294647216796875,123.34405517578125,122.4419174194336,0.9021377563476562
jbshield-gemma-phase2-gemma-2-9b-it,gemma-2-9b-it,last_token,13,attack_vs_direct_harmful,puzzler,direct_harmful,0.8116885423660278,0.18831145763397217,128.63250732421875,138.50466918945312,-9.872161865234375
jbshield-gemma-phase2-gemma-2-9b-it,gemma-2-9b-it,last_token,13,attack_vs_harmless,puzzler,none,0.8366543650627136,0.16334563493728638,128.63250732421875,122.4419174194336,6.190589904785156
jbshield-gemma-phase2-gemma-2-9b-it,gemma-2-9b-it,last_token,13,attack_vs_direct_harmful,saa,direct_harmful,0.8092060685157776,0.1907939314842224,117.94711303710938,138.50466918945312,-20.55755615234375
jbshield-gemma-phase2-gemma-2-9b-it,gemma-2-9b-it,last_token,13,attack_vs_harmless,saa,none,0.841681182384491,0.15831881761550903,117.94711303710938,122.4419174194336,-4.494804382324219
jbshield-gemma-phase2-gemma-2-9b-it,gemma-2-9b-it,last_token,13,attack_vs_direct_harmful,zulu,direct_harmful,0.897799551486969,0.102200448513031,119.7995376586914,138.50466918945312,-18.70513153076172
jbshield-gemma-phase2-gemma-2-9b-it,gemma-2-9b-it,last_token,13,attack_vs_harmless,zulu,none,0.9048738479614258,0.09512615203857422,119.7995376586914,122.4419174194336,-2.6423797607421875
jbshield-gemma-phase2-gemma-2-9b-it,gemma-2-9b-it,last_token,14,label_1_vs_label_0,label_1,label_0,0.953167736530304,0.046832263469696045,135.80307006835938,140.43038940429688,-4.6273193359375
jbshield-gemma-phase2-gemma-2-9b-it,gemma-2-9b-it,last_token,14,direct_harmful_vs_harmless,direct_harmful,none,0.9186721444129944,0.08132785558700562,167.818115234375,139.92665100097656,27.891464233398438
jbshield-gemma-phase2-gemma-2-9b-it,gemma-2-9b-it,last_token,14,attack_vs_direct_harmful,autodan,direct_harmful,0.9128093123435974,0.08719068765640259,133.07730102539062,167.818115234375,-34.740814208984375
jbshield-gemma-phase2-gemma-2-9b-it,gemma-2-9b-it,last_token,14,attack_vs_harmless,autodan,none,0.9369818568229675,0.06301814317703247,133.07730102539062,139.92665100097656,-6.8493499755859375
jbshield-gemma-phase2-gemma-2-9b-it,gemma-2-9b-it,last_token,14,attack_vs_direct_harmful,base64,direct_harmful,0.8456668853759766,0.15433311462402344,152.48011779785156,167.818115234375,-15.337997436523438
jbshield-gemma-phase2-gemma-2-9b-it,gemma-2-9b-it,last_token,14,attack_vs_harmless,base64,none,0.8834501504898071,0.11654984951019287,152.48011779785156,139.92665100097656,12.553466796875
jbshield-gemma-phase2-gemma-2-9b-it,gemma-2-9b-it,last_token,14,attack_vs_direct_harmful,drattack,direct_harmful,0.8090454339981079,0.1909545660018921,134.8328094482422,167.818115234375,-32.98530578613281
jbshield-gemma-phase2-gemma-2-9b-it,gemma-2-9b-it,last_token,14,attack_vs_harmless,drattack,none,0.8790373802185059,0.12096261978149414,134.8328094482422,139.92665100097656,-5.093841552734375
jbshield-gemma-phase2-gemma-2-9b-it,gemma-2-9b-it,last_token,14,attack_vs_direct_harmful,gcg,direct_harmful,0.978269636631012,0.021730363368988037,156.49099731445312,167.818115234375,-11.327117919921875
jbshield-gemma-phase2-gemma-2-9b-it,gemma-2-9b-it,last_token,14,attack_vs_harmless,gcg,none,0.9268012046813965,0.07319879531860352,156.49099731445312,139.92665100097656,16.564346313476562
jbshield-gemma-phase2-gemma-2-9b-it,gemma-2-9b-it,last_token,14,attack_vs_direct_harmful,ijp,direct_harmful,0.8307585120201111,0.16924148797988892,137.55233764648438,167.818115234375,-30.265777587890625
jbshield-gemma-phase2-gemma-2-9b-it,gemma-2-9b-it,last_token,14,attack_vs_harmless,ijp,none,0.8904378414154053,0.10956215858459473,137.55233764648438,139.92665100097656,-2.3743133544921875
jbshield-gemma-phase2-gemma-2-9b-it,gemma-2-9b-it,last_token,14,attack_vs_direct_harmful,pair,direct_harmful,0.9420784711837769,0.057921528816223145,142.53477478027344,167.818115234375,-25.283340454101562
jbshield-gemma-phase2-gemma-2-9b-it,gemma-2-9b-it,last_token,14,attack_vs_harmless,pair,none,0.958103597164154,0.04189640283584595,142.53477478027344,139.92665100097656,2.608123779296875
jbshield-gemma-phase2-gemma-2-9b-it,gemma-2-9b-it,last_token,14,attack_vs_direct_harmful,puzzler,direct_harmful,0.8084189891815186,0.19158101081848145,144.97317504882812,167.818115234375,-22.844940185546875
jbshield-gemma-phase2-gemma-2-9b-it,gemma-2-9b-it,last_token,14,attack_vs_harmless,puzzler,none,0.8540404438972473,0.14595955610275269,144.97317504882812,139.92665100097656,5.0465240478515625
jbshield-gemma-phase2-gemma-2-9b-it,gemma-2-9b-it,last_token,14,attack_vs_direct_harmful,saa,direct_harmful,0.8431931734085083,0.1568068265914917,138.333740234375,167.818115234375,-29.484375
jbshield-gemma-phase2-gemma-2-9b-it,gemma-2-9b-it,last_token,14,attack_vs_harmless,saa,none,0.8659717440605164,0.13402825593948364,138.333740234375,139.92665100097656,-1.5929107666015625
jbshield-gemma-phase2-gemma-2-9b-it,gemma-2-9b-it,last_token,14,attack_vs_direct_harmful,zulu,direct_harmful,0.901182234287262,0.09881776571273804,139.28309631347656,167.818115234375,-28.535018920898438
jbshield-gemma-phase2-gemma-2-9b-it,gemma-2-9b-it,last_token,14,attack_vs_harmless,zulu,none,0.9162312746047974,0.08376872539520264,139.28309631347656,139.92665100097656,-0.6435546875
jbshield-gemma-phase2-gemma-2-9b-it,gemma-2-9b-it,last_token,15,label_1_vs_label_0,label_1,label_0,0.948672890663147,0.05132710933685303,155.9208221435547,160.6884307861328,-4.767608642578125
jbshield-gemma-phase2-gemma-2-9b-it,gemma-2-9b-it,last_token,15,direct_harmful_vs_harmless,direct_harmful,none,0.9235591888427734,0.07644081115722656,192.76197814941406,160.05601501464844,32.705963134765625
jbshield-gemma-phase2-gemma-2-9b-it,gemma-2-9b-it,last_token,15,attack_vs_direct_harmful,autodan,direct_harmful,0.9134442210197449,0.08655577898025513,153.03231811523438,192.76197814941406,-39.72966003417969
jbshield-gemma-phase2-gemma-2-9b-it,gemma-2-9b-it,last_token,15,attack_vs_harmless,autodan,none,0.9312430620193481,0.06875693798065186,153.03231811523438,160.05601501464844,-7.0236968994140625
jbshield-gemma-phase2-gemma-2-9b-it,gemma-2-9b-it,last_token,15,attack_vs_direct_harmful,base64,direct_harmful,0.8312649130821228,0.1687350869178772,165.94967651367188,192.76197814941406,-26.812301635742188
jbshield-gemma-phase2-gemma-2-9b-it,gemma-2-9b-it,last_token,15,attack_vs_harmless,base64,none,0.8696975708007812,0.13030242919921875,165.94967651367188,160.05601501464844,5.8936614990234375
jbshield-gemma-phase2-gemma-2-9b-it,gemma-2-9b-it,last_token,15,attack_vs_direct_harmful,drattack,direct_harmful,0.8045681118965149,0.1954318881034851,155.55422973632812,192.76197814941406,-37.20774841308594
jbshield-gemma-phase2-gemma-2-9b-it,gemma-2-9b-it,last_token,15,attack_vs_harmless,drattack,none,0.8671141266822815,0.1328858733177185,155.55422973632812,160.05601501464844,-4.5017852783203125
jbshield-gemma-phase2-gemma-2-9b-it,gemma-2-9b-it,last_token,15,attack_vs_direct_harmful,gcg,direct_harmful,0.9786574840545654,0.02134251594543457,178.61557006835938,192.76197814941406,-14.146408081054688
jbshield-gemma-phase2-gemma-2-9b-it,gemma-2-9b-it,last_token,15,attack_vs_harmless,gcg,none,0.9286251664161682,0.07137483358383179,178.61557006835938,160.05601501464844,18.559555053710938
jbshield-gemma-phase2-gemma-2-9b-it,gemma-2-9b-it,last_token,15,attack_vs_direct_harmful,ijp,direct_harmful,0.8309826254844666,0.16901737451553345,159.96018981933594,192.76197814941406,-32.801788330078125
jbshield-gemma-phase2-gemma-2-9b-it,gemma-2-9b-it,last_token,15,attack_vs_harmless,ijp,none,0.8798229694366455,0.12017703056335449,159.96018981933594,160.05601501464844,-0.0958251953125
jbshield-gemma-phase2-gemma-2-9b-it,gemma-2-9b-it,last_token,15,attack_vs_direct_harmful,pair,direct_harmful,0.9442617297172546,0.05573827028274536,165.3398895263672,192.76197814941406,-27.422088623046875
jbshield-gemma-phase2-gemma-2-9b-it,gemma-2-9b-it,last_token,15,attack_vs_harmless,pair,none,0.9562603235244751,0.0437396764755249,165.3398895263672,160.05601501464844,5.28387451171875
jbshield-gemma-phase2-gemma-2-9b-it,gemma-2-9b-it,last_token,15,attack_vs_direct_harmful,puzzler,direct_harmful,0.8238276839256287,0.17617231607437134,177.10260009765625,192.76197814941406,-15.659378051757812
jbshield-gemma-phase2-gemma-2-9b-it,gemma-2-9b-it,last_token,15,attack_vs_harmless,puzzler,none,0.8616506457328796,0.13834935426712036,177.10260009765625,160.05601501464844,17.046585083007812
jbshield-gemma-phase2-gemma-2-9b-it,gemma-2-9b-it,last_token,15,attack_vs_direct_harmful,saa,direct_harmful,0.8551996350288391,0.1448003649711609,163.67530822753906,192.76197814941406,-29.086669921875
jbshield-gemma-phase2-gemma-2-9b-it,gemma-2-9b-it,last_token,15,attack_vs_harmless,saa,none,0.8540050983428955,0.1459949016571045,163.67530822753906,160.05601501464844,3.619293212890625
jbshield-gemma-phase2-gemma-2-9b-it,gemma-2-9b-it,last_token,15,attack_vs_direct_harmful,zulu,direct_harmful,0.9095814824104309,0.09041851758956909,161.73666381835938,192.76197814941406,-31.025314331054688
jbshield-gemma-phase2-gemma-2-9b-it,gemma-2-9b-it,last_token,15,attack_vs_harmless,zulu,none,0.9221081137657166,0.07789188623428345,161.73666381835938,160.05601501464844,1.6806488037109375
jbshield-gemma-phase2-gemma-2-9b-it,gemma-2-9b-it,last_token,16,label_1_vs_label_0,label_1,label_0,0.9427359700202942,0.05726402997970581,161.23399353027344,165.36590576171875,-4.1319122314453125
jbshield-gemma-phase2-gemma-2-9b-it,gemma-2-9b-it,last_token,16,direct_harmful_vs_harmless,direct_harmful,none,0.915349543094635,0.08465045690536499,185.4672088623047,165.19027709960938,20.276931762695312
jbshield-gemma-phase2-gemma-2-9b-it,gemma-2-9b-it,last_token,16,attack_vs_direct_harmful,autodan,direct_harmful,0.9131520390510559,0.08684796094894409,162.2565155029297,185.4672088623047,-23.210693359375
jbshield-gemma-phase2-gemma-2-9b-it,gemma-2-9b-it,last_token,16,attack_vs_harmless,autodan,none,0.9269488453865051,0.07305115461349487,162.2565155029297,165.19027709960938,-2.9337615966796875
jbshield-gemma-phase2-gemma-2-9b-it,gemma-2-9b-it,last_token,16,attack_vs_direct_harmful,base64,direct_harmful,0.8260639905929565,0.17393600940704346,167.44764709472656,185.4672088623047,-18.019561767578125
jbshield-gemma-phase2-gemma-2-9b-it,gemma-2-9b-it,last_token,16,attack_vs_harmless,base64,none,0.8660973906517029,0.13390260934829712,167.44764709472656,165.19027709960938,2.2573699951171875
jbshield-gemma-phase2-gemma-2-9b-it,gemma-2-9b-it,last_token,16,attack_vs_direct_harmful,drattack,direct_harmful,0.8041362762451172,0.1958637237548828,170.19985961914062,185.4672088623047,-15.267349243164062
jbshield-gemma-phase2-gemma-2-9b-it,gemma-2-9b-it,last_token,16,attack_vs_harmless,drattack,none,0.8650121688842773,0.13498783111572266,170.19985961914062,165.19027709960938,5.00958251953125
jbshield-gemma-phase2-gemma-2-9b-it,gemma-2-9b-it,last_token,16,attack_vs_direct_harmful,gcg,direct_harmful,0.9744255542755127,0.025574445724487305,182.38027954101562,185.4672088623047,-3.0869293212890625
jbshield-gemma-phase2-gemma-2-9b-it,gemma-2-9b-it,last_token,16,attack_vs_harmless,gcg,none,0.9196252822875977,0.08037471771240234,182.38027954101562,165.19027709960938,17.19000244140625
jbshield-gemma-phase2-gemma-2-9b-it,gemma-2-9b-it,last_token,16,attack_vs_direct_harmful,ijp,direct_harmful,0.8215936422348022,0.17840635776519775,165.7076416015625,185.4672088623047,-19.759567260742188
jbshield-gemma-phase2-gemma-2-9b-it,gemma-2-9b-it,last_token,16,attack_vs_harmless,ijp,none,0.8741357922554016,0.1258642077445984,165.7076416015625,165.19027709960938,0.517364501953125
jbshield-gemma-phase2-gemma-2-9b-it,gemma-2-9b-it,last_token,16,attack_vs_direct_harmful,pair,direct_harmful,0.9367950558662415,0.06320494413375854,167.92608642578125,185.4672088623047,-17.541122436523438
jbshield-gemma-phase2-gemma-2-9b-it,gemma-2-9b-it,last_token,16,attack_vs_harmless,pair,none,0.9495928287506104,0.05040717124938965,167.92608642578125,165.19027709960938,2.735809326171875
jbshield-gemma-phase2-gemma-2-9b-it,gemma-2-9b-it,last_token,16,attack_vs_direct_harmful,puzzler,direct_harmful,0.7917065620422363,0.20829343795776367,174.87820434570312,185.4672088623047,-10.589004516601562
jbshield-gemma-phase2-gemma-2-9b-it,gemma-2-9b-it,last_token,16,attack_vs_harmless,puzzler,none,0.8357483744621277,0.16425162553787231,174.87820434570312,165.19027709960938,9.68792724609375
jbshield-gemma-phase2-gemma-2-9b-it,gemma-2-9b-it,last_token,16,attack_vs_direct_harmful,saa,direct_harmful,0.8416703939437866,0.15832960605621338,175.92364501953125,185.4672088623047,-9.543563842773438
jbshield-gemma-phase2-gemma-2-9b-it,gemma-2-9b-it,last_token,16,attack_vs_harmless,saa,none,0.8425225019454956,0.1574774980545044,175.92364501953125,165.19027709960938,10.733367919921875
jbshield-gemma-phase2-gemma-2-9b-it,gemma-2-9b-it,last_token,16,attack_vs_direct_harmful,zulu,direct_harmful,0.899994432926178,0.10000556707382202,162.8009796142578,185.4672088623047,-22.666229248046875
jbshield-gemma-phase2-gemma-2-9b-it,gemma-2-9b-it,last_token,16,attack_vs_harmless,zulu,none,0.9133052229881287,0.08669477701187134,162.8009796142578,165.19027709960938,-2.3892974853515625
jbshield-gemma-phase2-gemma-2-9b-it,gemma-2-9b-it,last_token,17,label_1_vs_label_0,label_1,label_0,0.9391945600509644,0.060805439949035645,166.4098663330078,173.7232666015625,-7.3134002685546875
jbshield-gemma-phase2-gemma-2-9b-it,gemma-2-9b-it,last_token,17,direct_harmful_vs_harmless,direct_harmful,none,0.9104796051979065,0.0895203948020935,198.2855224609375,173.45960998535156,24.825912475585938
jbshield-gemma-phase2-gemma-2-9b-it,gemma-2-9b-it,last_token,17,attack_vs_direct_harmful,autodan,direct_harmful,0.905524730682373,0.09447526931762695,167.87855529785156,198.2855224609375,-30.406967163085938
jbshield-gemma-phase2-gemma-2-9b-it,gemma-2-9b-it,last_token,17,attack_vs_harmless,autodan,none,0.9227617383003235,0.07723826169967651,167.87855529785156,173.45960998535156,-5.5810546875
jbshield-gemma-phase2-gemma-2-9b-it,gemma-2-9b-it,last_token,17,attack_vs_direct_harmful,base64,direct_harmful,0.817844033241272,0.18215596675872803,172.01339721679688,198.2855224609375,-26.272125244140625
jbshield-gemma-phase2-gemma-2-9b-it,gemma-2-9b-it,last_token,17,attack_vs_harmless,base64,none,0.862036943435669,0.13796305656433105,172.01339721679688,173.45960998535156,-1.4462127685546875
jbshield-gemma-phase2-gemma-2-9b-it,gemma-2-9b-it,last_token,17,attack_vs_direct_harmful,drattack,direct_harmful,0.7836008667945862,0.21639913320541382,170.97494506835938,198.2855224609375,-27.310577392578125
jbshield-gemma-phase2-gemma-2-9b-it,gemma-2-9b-it,last_token,17,attack_vs_harmless,drattack,none,0.84953373670578,0.15046626329421997,170.97494506835938,173.45960998535156,-2.4846649169921875
jbshield-gemma-phase2-gemma-2-9b-it,gemma-2-9b-it,last_token,17,attack_vs_direct_harmful,gcg,direct_harmful,0.9680379033088684,0.03196209669113159,194.209716796875,198.2855224609375,-4.0758056640625
jbshield-gemma-phase2-gemma-2-9b-it,gemma-2-9b-it,last_token,17,attack_vs_harmless,gcg,none,0.91259765625,0.08740234375,194.209716796875,173.45960998535156,20.750106811523438
jbshield-gemma-phase2-gemma-2-9b-it,gemma-2-9b-it,last_token,17,attack_vs_direct_harmful,ijp,direct_harmful,0.8105384707450867,0.18946152925491333,169.814208984375,198.2855224609375,-28.4713134765625
jbshield-gemma-phase2-gemma-2-9b-it,gemma-2-9b-it,last_token,17,attack_vs_harmless,ijp,none,0.8719359636306763,0.12806403636932373,169.814208984375,173.45960998535156,-3.6454010009765625
jbshield-gemma-phase2-gemma-2-9b-it,gemma-2-9b-it,last_token,17,attack_vs_direct_harmful,pair,direct_harmful,0.930824339389801,0.06917566061019897,174.0188751220703,198.2855224609375,-24.266647338867188
jbshield-gemma-phase2-gemma-2-9b-it,gemma-2-9b-it,last_token,17,attack_vs_harmless,pair,none,0.9495115280151367,0.05048847198486328,174.0188751220703,173.45960998535156,0.55926513671875
jbshield-gemma-phase2-gemma-2-9b-it,gemma-2-9b-it,last_token,17,attack_vs_direct_harmful,puzzler,direct_harmful,0.7741329073905945,0.22586709260940552,180.89480590820312,198.2855224609375,-17.390716552734375
jbshield-gemma-phase2-gemma-2-9b-it,gemma-2-9b-it,last_token,17,attack_vs_harmless,puzzler,none,0.8209877014160156,0.17901229858398438,180.89480590820312,173.45960998535156,7.4351959228515625
jbshield-gemma-phase2-gemma-2-9b-it,gemma-2-9b-it,last_token,17,attack_vs_direct_harmful,saa,direct_harmful,0.8116244077682495,0.1883755922317505,185.734375,198.2855224609375,-12.5511474609375
jbshield-gemma-phase2-gemma-2-9b-it,gemma-2-9b-it,last_token,17,attack_vs_harmless,saa,none,0.8226560354232788,0.1773439645767212,185.734375,173.45960998535156,12.274765014648438
jbshield-gemma-phase2-gemma-2-9b-it,gemma-2-9b-it,last_token,17,attack_vs_direct_harmful,zulu,direct_harmful,0.8981778621673584,0.1018221378326416,166.53587341308594,198.2855224609375,-31.749649047851562
jbshield-gemma-phase2-gemma-2-9b-it,gemma-2-9b-it,last_token,17,attack_vs_harmless,zulu,none,0.9108368158340454,0.08916318416595459,166.53587341308594,173.45960998535156,-6.923736572265625
jbshield-gemma-phase2-gemma-2-9b-it,gemma-2-9b-it,last_token,18,label_1_vs_label_0,label_1,label_0,0.9494122862815857,0.05058771371841431,204.49705505371094,212.659423828125,-8.162368774414062
jbshield-gemma-phase2-gemma-2-9b-it,gemma-2-9b-it,last_token,18,direct_harmful_vs_harmless,direct_harmful,none,0.9208881855010986,0.07911181449890137,249.75689697265625,212.02066040039062,37.736236572265625
jbshield-gemma-phase2-gemma-2-9b-it,gemma-2-9b-it,last_token,18,attack_vs_direct_harmful,autodan,direct_harmful,0.9218615293502808,0.07813847064971924,203.06394958496094,249.75689697265625,-46.69294738769531
jbshield-gemma-phase2-gemma-2-9b-it,gemma-2-9b-it,last_token,18,attack_vs_harmless,autodan,none,0.9316525459289551,0.06834745407104492,203.06394958496094,212.02066040039062,-8.956710815429688
jbshield-gemma-phase2-gemma-2-9b-it,gemma-2-9b-it,last_token,18,attack_vs_direct_harmful,base64,direct_harmful,0.85245281457901,0.14754718542099,220.234375,249.75689697265625,-29.52252197265625
jbshield-gemma-phase2-gemma-2-9b-it,gemma-2-9b-it,last_token,18,attack_vs_harmless,base64,none,0.8849163055419922,0.11508369445800781,220.234375,212.02066040039062,8.213714599609375
jbshield-gemma-phase2-gemma-2-9b-it,gemma-2-9b-it,last_token,18,attack_vs_direct_harmful,drattack,direct_harmful,0.8221264481544495,0.17787355184555054,204.84141540527344,249.75689697265625,-44.91548156738281
jbshield-gemma-phase2-gemma-2-9b-it,gemma-2-9b-it,last_token,18,attack_vs_harmless,drattack,none,0.8699449300765991,0.13005506992340088,204.84141540527344,212.02066040039062,-7.1792449951171875
jbshield-gemma-phase2-gemma-2-9b-it,gemma-2-9b-it,last_token,18,attack_vs_direct_harmful,gcg,direct_harmful,0.9779372215270996,0.02206277847290039,242.3009796142578,249.75689697265625,-7.4559173583984375
jbshield-gemma-phase2-gemma-2-9b-it,gemma-2-9b-it,last_token,18,attack_vs_harmless,gcg,none,0.9249666929244995,0.07503330707550049,242.3009796142578,212.02066040039062,30.280319213867188
jbshield-gemma-phase2-gemma-2-9b-it,gemma-2-9b-it,last_token,18,attack_vs_direct_harmful,ijp,direct_harmful,0.8434679508209229,0.15653204917907715,202.6811065673828,249.75689697265625,-47.07579040527344
jbshield-gemma-phase2-gemma-2-9b-it,gemma-2-9b-it,last_token,18,attack_vs_harmless,ijp,none,0.8951869606971741,0.10481303930282593,202.6811065673828,212.02066040039062,-9.339553833007812
jbshield-gemma-phase2-gemma-2-9b-it,gemma-2-9b-it,last_token,18,attack_vs_direct_harmful,pair,direct_harmful,0.9451767802238464,0.054823219776153564,215.94395446777344,249.75689697265625,-33.81294250488281
jbshield-gemma-phase2-gemma-2-9b-it,gemma-2-9b-it,last_token,18,attack_vs_harmless,pair,none,0.9568347334861755,0.04316526651382446,215.94395446777344,212.02066040039062,3.9232940673828125
jbshield-gemma-phase2-gemma-2-9b-it,gemma-2-9b-it,last_token,18,attack_vs_direct_harmful,puzzler,direct_harmful,0.8007439970970154,0.19925600290298462,217.19894409179688,249.75689697265625,-32.557952880859375
jbshield-gemma-phase2-gemma-2-9b-it,gemma-2-9b-it,last_token,18,attack_vs_harmless,puzzler,none,0.8418754935264587,0.15812450647354126,217.19894409179688,212.02066040039062,5.17828369140625
jbshield-gemma-phase2-gemma-2-9b-it,gemma-2-9b-it,last_token,18,attack_vs_direct_harmful,saa,direct_harmful,0.8347929120063782,0.16520708799362183,219.6458740234375,249.75689697265625,-30.11102294921875
jbshield-gemma-phase2-gemma-2-9b-it,gemma-2-9b-it,last_token,18,attack_vs_harmless,saa,none,0.8479840755462646,0.15201592445373535,219.6458740234375,212.02066040039062,7.625213623046875
jbshield-gemma-phase2-gemma-2-9b-it,gemma-2-9b-it,last_token,18,attack_vs_direct_harmful,zulu,direct_harmful,0.9154143929481506,0.08458560705184937,198.71011352539062,249.75689697265625,-51.046783447265625
jbshield-gemma-phase2-gemma-2-9b-it,gemma-2-9b-it,last_token,18,attack_vs_harmless,zulu,none,0.9222251772880554,0.07777482271194458,198.71011352539062,212.02066040039062,-13.310546875
jbshield-gemma-phase2-gemma-2-9b-it,gemma-2-9b-it,last_token,19,label_1_vs_label_0,label_1,label_0,0.9472942352294922,0.05270576477050781,221.81678771972656,226.09303283691406,-4.2762451171875
jbshield-gemma-phase2-gemma-2-9b-it,gemma-2-9b-it,last_token,19,direct_harmful_vs_harmless,direct_harmful,none,0.9103077054023743,0.08969229459762573,267.90753173828125,225.43267822265625,42.474853515625
jbshield-gemma-phase2-gemma-2-9b-it,gemma-2-9b-it,last_token,19,attack_vs_direct_harmful,autodan,direct_harmful,0.9256669282913208,0.0743330717086792,228.8119659423828,267.90753173828125,-39.09556579589844
jbshield-gemma-phase2-gemma-2-9b-it,gemma-2-9b-it,last_token,19,attack_vs_harmless,autodan,none,0.9291651844978333,0.07083481550216675,228.8119659423828,225.43267822265625,3.3792877197265625
jbshield-gemma-phase2-gemma-2-9b-it,gemma-2-9b-it,last_token,19,attack_vs_direct_harmful,base64,direct_harmful,0.8345969915390015,0.16540300846099854,232.80072021484375,267.90753173828125,-35.1068115234375
jbshield-gemma-phase2-gemma-2-9b-it,gemma-2-9b-it,last_token,19,attack_vs_harmless,base64,none,0.8731805682182312,0.1268194317817688,232.80072021484375,225.43267822265625,7.3680419921875
jbshield-gemma-phase2-gemma-2-9b-it,gemma-2-9b-it,last_token,19,attack_vs_direct_harmful,drattack,direct_harmful,0.8147777915000916,0.18522220849990845,224.63546752929688,267.90753173828125,-43.272064208984375
jbshield-gemma-phase2-gemma-2-9b-it,gemma-2-9b-it,last_token,19,attack_vs_harmless,drattack,none,0.8709346652030945,0.12906533479690552,224.63546752929688,225.43267822265625,-0.797210693359375
jbshield-gemma-phase2-gemma-2-9b-it,gemma-2-9b-it,last_token,19,attack_vs_direct_harmful,gcg,direct_harmful,0.9787816405296326,0.02121835947036743,258.93768310546875,267.90753173828125,-8.9698486328125
jbshield-gemma-phase2-gemma-2-9b-it,gemma-2-9b-it,last_token,19,attack_vs_harmless,gcg,none,0.9175376296043396,0.0824623703956604,258.93768310546875,225.43267822265625,33.5050048828125
jbshield-gemma-phase2-gemma-2-9b-it,gemma-2-9b-it,last_token,19,attack_vs_direct_harmful,ijp,direct_harmful,0.8304741978645325,0.16952580213546753,216.6157989501953,267.90753173828125,-51.29173278808594
jbshield-gemma-phase2-gemma-2-9b-it,gemma-2-9b-it,last_token,19,attack_vs_harmless,ijp,none,0.887052595615387,0.11294740438461304,216.6157989501953,225.43267822265625,-8.816879272460938
jbshield-gemma-phase2-gemma-2-9b-it,gemma-2-9b-it,last_token,19,attack_vs_direct_harmful,pair,direct_harmful,0.9450780749320984,0.05492192506790161,238.58755493164062,267.90753173828125,-29.319976806640625
jbshield-gemma-phase2-gemma-2-9b-it,gemma-2-9b-it,last_token,19,attack_vs_harmless,pair,none,0.9526026844978333,0.04739731550216675,238.58755493164062,225.43267822265625,13.154876708984375
jbshield-gemma-phase2-gemma-2-9b-it,gemma-2-9b-it,last_token,19,attack_vs_direct_harmful,puzzler,direct_harmful,0.7951617240905762,0.20483827590942383,253.10194396972656,267.90753173828125,-14.805587768554688
jbshield-gemma-phase2-gemma-2-9b-it,gemma-2-9b-it,last_token,19,attack_vs_harmless,puzzler,none,0.8379803895950317,0.16201961040496826,253.10194396972656,225.43267822265625,27.669265747070312
jbshield-gemma-phase2-gemma-2-9b-it,gemma-2-9b-it,last_token,19,attack_vs_direct_harmful,saa,direct_harmful,0.8073486089706421,0.1926513910293579,246.40013122558594,267.90753173828125,-21.507400512695312
jbshield-gemma-phase2-gemma-2-9b-it,gemma-2-9b-it,last_token,19,attack_vs_harmless,saa,none,0.831190288066864,0.168809711933136,246.40013122558594,225.43267822265625,20.967453002929688
jbshield-gemma-phase2-gemma-2-9b-it,gemma-2-9b-it,last_token,19,attack_vs_direct_harmful,zulu,direct_harmful,0.9173709750175476,0.08262902498245239,213.8741912841797,267.90753173828125,-54.03334045410156
jbshield-gemma-phase2-gemma-2-9b-it,gemma-2-9b-it,last_token,19,attack_vs_harmless,zulu,none,0.9223432540893555,0.07765674591064453,213.8741912841797,225.43267822265625,-11.558486938476562
jbshield-gemma-phase2-gemma-2-9b-it,gemma-2-9b-it,last_token,20,label_1_vs_label_0,label_1,label_0,0.9516080021858215,0.04839199781417847,246.39549255371094,248.96847534179688,-2.5729827880859375
jbshield-gemma-phase2-gemma-2-9b-it,gemma-2-9b-it,last_token,20,direct_harmful_vs_harmless,direct_harmful,none,0.9142054319381714,0.08579456806182861,300.9510498046875,248.00909423828125,52.94195556640625
jbshield-gemma-phase2-gemma-2-9b-it,gemma-2-9b-it,last_token,20,attack_vs_direct_harmful,autodan,direct_harmful,0.9350671172142029,0.06493288278579712,250.5594940185547,300.9510498046875,-50.39155578613281
jbshield-gemma-phase2-gemma-2-9b-it,gemma-2-9b-it,last_token,20,attack_vs_harmless,autodan,none,0.9299192428588867,0.07008075714111328,250.5594940185547,248.00909423828125,2.5503997802734375
jbshield-gemma-phase2-gemma-2-9b-it,gemma-2-9b-it,last_token,20,attack_vs_direct_harmful,base64,direct_harmful,0.8415371179580688,0.15846288204193115,241.8542022705078,300.9510498046875,-59.09684753417969
jbshield-gemma-phase2-gemma-2-9b-it,gemma-2-9b-it,last_token,20,attack_vs_harmless,base64,none,0.8808086514472961,0.11919134855270386,241.8542022705078,248.00909423828125,-6.1548919677734375
jbshield-gemma-phase2-gemma-2-9b-it,gemma-2-9b-it,last_token,20,attack_vs_direct_harmful,drattack,direct_harmful,0.8404582142829895,0.1595417857170105,253.1288299560547,300.9510498046875,-47.82221984863281
jbshield-gemma-phase2-gemma-2-9b-it,gemma-2-9b-it,last_token,20,attack_vs_harmless,drattack,none,0.8876613974571228,0.1123386025428772,253.1288299560547,248.00909423828125,5.1197357177734375
jbshield-gemma-phase2-gemma-2-9b-it,gemma-2-9b-it,last_token,20,attack_vs_direct_harmful,gcg,direct_harmful,0.9806933403015137,0.019306659698486328,285.72979736328125,300.9510498046875,-15.22125244140625
jbshield-gemma-phase2-gemma-2-9b-it,gemma-2-9b-it,last_token,20,attack_vs_harmless,gcg,none,0.9244700074195862,0.07552999258041382,285.72979736328125,248.00909423828125,37.720703125
jbshield-gemma-phase2-gemma-2-9b-it,gemma-2-9b-it,last_token,20,attack_vs_direct_harmful,ijp,direct_harmful,0.8467945456504822,0.15320545434951782,241.40203857421875,300.9510498046875,-59.54901123046875
jbshield-gemma-phase2-gemma-2-9b-it,gemma-2-9b-it,last_token,20,attack_vs_harmless,ijp,none,0.9014450311660767,0.09855496883392334,241.40203857421875,248.00909423828125,-6.6070556640625
jbshield-gemma-phase2-gemma-2-9b-it,gemma-2-9b-it,last_token,20,attack_vs_direct_harmful,pair,direct_harmful,0.950741708278656,0.049258291721343994,264.1850891113281,300.9510498046875,-36.765960693359375
jbshield-gemma-phase2-gemma-2-9b-it,gemma-2-9b-it,last_token,20,attack_vs_harmless,pair,none,0.954509973526001,0.04549002647399902,264.1850891113281,248.00909423828125,16.175994873046875
jbshield-gemma-phase2-gemma-2-9b-it,gemma-2-9b-it,last_token,20,attack_vs_direct_harmful,puzzler,direct_harmful,0.7804463505744934,0.2195536494255066,257.616455078125,300.9510498046875,-43.3345947265625
jbshield-gemma-phase2-gemma-2-9b-it,gemma-2-9b-it,last_token,20,attack_vs_harmless,puzzler,none,0.8292571902275085,0.17074280977249146,257.616455078125,248.00909423828125,9.60736083984375
jbshield-gemma-phase2-gemma-2-9b-it,gemma-2-9b-it,last_token,20,attack_vs_direct_harmful,saa,direct_harmful,0.8217753171920776,0.17822468280792236,288.8800354003906,300.9510498046875,-12.071014404296875
jbshield-gemma-phase2-gemma-2-9b-it,gemma-2-9b-it,last_token,20,attack_vs_harmless,saa,none,0.8535957932472229,0.1464042067527771,288.8800354003906,248.00909423828125,40.870941162109375
jbshield-gemma-phase2-gemma-2-9b-it,gemma-2-9b-it,last_token,20,attack_vs_direct_harmful,zulu,direct_harmful,0.9239557981491089,0.07604420185089111,233.94566345214844,300.9510498046875,-67.00538635253906
jbshield-gemma-phase2-gemma-2-9b-it,gemma-2-9b-it,last_token,20,attack_vs_harmless,zulu,none,0.9270632863044739,0.07293671369552612,233.94566345214844,248.00909423828125,-14.063430786132812
jbshield-gemma-phase2-gemma-2-9b-it,gemma-2-9b-it,last_token,21,label_1_vs_label_0,label_1,label_0,0.9530271291732788,0.04697287082672119,270.5197448730469,272.1750793457031,-1.65533447265625
jbshield-gemma-phase2-gemma-2-9b-it,gemma-2-9b-it,last_token,21,direct_harmful_vs_harmless,direct_harmful,none,0.9165573120117188,0.08344268798828125,321.4018249511719,271.3476257324219,50.05419921875
jbshield-gemma-phase2-gemma-2-9b-it,gemma-2-9b-it,last_token,21,attack_vs_direct_harmful,autodan,direct_harmful,0.9395163655281067,0.06048363447189331,276.88201904296875,321.4018249511719,-44.519805908203125
jbshield-gemma-phase2-gemma-2-9b-it,gemma-2-9b-it,last_token,21,attack_vs_harmless,autodan,none,0.9293167591094971,0.07068324089050293,276.88201904296875,271.3476257324219,5.534393310546875
jbshield-gemma-phase2-gemma-2-9b-it,gemma-2-9b-it,last_token,21,attack_vs_direct_harmful,base64,direct_harmful,0.8482509851455688,0.15174901485443115,273.45892333984375,321.4018249511719,-47.942901611328125
jbshield-gemma-phase2-gemma-2-9b-it,gemma-2-9b-it,last_token,21,attack_vs_harmless,base64,none,0.8849295377731323,0.11507046222686768,273.45892333984375,271.3476257324219,2.111297607421875
jbshield-gemma-phase2-gemma-2-9b-it,gemma-2-9b-it,last_token,21,attack_vs_direct_harmful,drattack,direct_harmful,0.8491447567939758,0.15085524320602417,281.1225891113281,321.4018249511719,-40.27923583984375
jbshield-gemma-phase2-gemma-2-9b-it,gemma-2-9b-it,last_token,21,attack_vs_harmless,drattack,none,0.8932030200958252,0.1067969799041748,281.1225891113281,271.3476257324219,9.77496337890625
jbshield-gemma-phase2-gemma-2-9b-it,gemma-2-9b-it,last_token,21,attack_vs_direct_harmful,gcg,direct_harmful,0.9797477126121521,0.0202522873878479,314.546630859375,321.4018249511719,-6.855194091796875
jbshield-gemma-phase2-gemma-2-9b-it,gemma-2-9b-it,last_token,21,attack_vs_harmless,gcg,none,0.9265713691711426,0.07342863082885742,314.546630859375,271.3476257324219,43.199005126953125
jbshield-gemma-phase2-gemma-2-9b-it,gemma-2-9b-it,last_token,21,attack_vs_direct_harmful,ijp,direct_harmful,0.8465594053268433,0.15344059467315674,255.7015838623047,321.4018249511719,-65.70024108886719
jbshield-gemma-phase2-gemma-2-9b-it,gemma-2-9b-it,last_token,21,attack_vs_harmless,ijp,none,0.8987611532211304,0.10123884677886963,255.7015838623047,271.3476257324219,-15.646041870117188
jbshield-gemma-phase2-gemma-2-9b-it,gemma-2-9b-it,last_token,21,attack_vs_direct_harmful,pair,direct_harmful,0.9536815285682678,0.04631847143173218,289.85394287109375,321.4018249511719,-31.547882080078125
jbshield-gemma-phase2-gemma-2-9b-it,gemma-2-9b-it,last_token,21,attack_vs_harmless,pair,none,0.9563683867454529,0.04363161325454712,289.85394287109375,271.3476257324219,18.506317138671875
jbshield-gemma-phase2-gemma-2-9b-it,gemma-2-9b-it,last_token,21,attack_vs_direct_harmful,puzzler,direct_harmful,0.7735175490379333,0.22648245096206665,276.5729675292969,321.4018249511719,-44.828857421875
jbshield-gemma-phase2-gemma-2-9b-it,gemma-2-9b-it,last_token,21,attack_vs_harmless,puzzler,none,0.8260785937309265,0.1739214062690735,276.5729675292969,271.3476257324219,5.225341796875
jbshield-gemma-phase2-gemma-2-9b-it,gemma-2-9b-it,last_token,21,attack_vs_direct_harmful,saa,direct_harmful,0.8128639459609985,0.18713605403900146,312.38665771484375,321.4018249511719,-9.015167236328125
jbshield-gemma-phase2-gemma-2-9b-it,gemma-2-9b-it,last_token,21,attack_vs_harmless,saa,none,0.8472090363502502,0.15279096364974976,312.38665771484375,271.3476257324219,41.039031982421875
jbshield-gemma-phase2-gemma-2-9b-it,gemma-2-9b-it,last_token,21,attack_vs_direct_harmful,zulu,direct_harmful,0.9275587201118469,0.07244127988815308,261.0008850097656,321.4018249511719,-60.40093994140625
jbshield-gemma-phase2-gemma-2-9b-it,gemma-2-9b-it,last_token,21,attack_vs_harmless,zulu,none,0.929889440536499,0.07011055946350098,261.0008850097656,271.3476257324219,-10.34674072265625
jbshield-gemma-phase2-gemma-2-9b-it,gemma-2-9b-it,last_token,22,label_1_vs_label_0,label_1,label_0,0.9510388374328613,0.04896116256713867,292.12261962890625,307.0032043457031,-14.880584716796875
jbshield-gemma-phase2-gemma-2-9b-it,gemma-2-9b-it,last_token,22,direct_harmful_vs_harmless,direct_harmful,none,0.9007523059844971,0.09924769401550293,349.6873779296875,306.6765441894531,43.010833740234375
jbshield-gemma-phase2-gemma-2-9b-it,gemma-2-9b-it,last_token,22,attack_vs_direct_harmful,autodan,direct_harmful,0.943761944770813,0.05623805522918701,310.1192321777344,349.6873779296875,-39.568145751953125
jbshield-gemma-phase2-gemma-2-9b-it,gemma-2-9b-it,last_token,22,attack_vs_harmless,autodan,none,0.9212765097618103,0.0787234902381897,310.1192321777344,306.6765441894531,3.44268798828125
jbshield-gemma-phase2-gemma-2-9b-it,gemma-2-9b-it,last_token,22,attack_vs_direct_harmful,base64,direct_harmful,0.8307644128799438,0.16923558712005615,296.9109191894531,349.6873779296875,-52.776458740234375
jbshield-gemma-phase2-gemma-2-9b-it,gemma-2-9b-it,last_token,22,attack_vs_harmless,base64,none,0.8681344389915466,0.13186556100845337,296.9109191894531,306.6765441894531,-9.765625
jbshield-gemma-phase2-gemma-2-9b-it,gemma-2-9b-it,last_token,22,attack_vs_direct_harmful,drattack,direct_harmful,0.8407993316650391,0.15920066833496094,306.25933837890625,349.6873779296875,-43.42803955078125
jbshield-gemma-phase2-gemma-2-9b-it,gemma-2-9b-it,last_token,22,attack_vs_harmless,drattack,none,0.8873761892318726,0.11262381076812744,306.25933837890625,306.6765441894531,-0.417205810546875
jbshield-gemma-phase2-gemma-2-9b-it,gemma-2-9b-it,last_token,22,attack_vs_direct_harmful,gcg,direct_harmful,0.9808536767959595,0.019146323204040527,338.29345703125,349.6873779296875,-11.3939208984375
jbshield-gemma-phase2-gemma-2-9b-it,gemma-2-9b-it,last_token,22,attack_vs_harmless,gcg,none,0.9147045612335205,0.08529543876647949,338.29345703125,306.6765441894531,31.616912841796875
jbshield-gemma-phase2-gemma-2-9b-it,gemma-2-9b-it,last_token,22,attack_vs_direct_harmful,ijp,direct_harmful,0.829353928565979,0.170646071434021,269.7149963378906,349.6873779296875,-79.97238159179688
jbshield-gemma-phase2-gemma-2-9b-it,gemma-2-9b-it,last_token,22,attack_vs_harmless,ijp,none,0.8941876292228699,0.10581237077713013,269.7149963378906,306.6765441894531,-36.9615478515625
jbshield-gemma-phase2-gemma-2-9b-it,gemma-2-9b-it,last_token,22,attack_vs_direct_harmful,pair,direct_harmful,0.9526416063308716,0.04735839366912842,317.85693359375,349.6873779296875,-31.8304443359375
jbshield-gemma-phase2-gemma-2-9b-it,gemma-2-9b-it,last_token,22,attack_vs_harmless,pair,none,0.9508450627326965,0.04915493726730347,317.85693359375,306.6765441894531,11.180389404296875
jbshield-gemma-phase2-gemma-2-9b-it,gemma-2-9b-it,last_token,22,attack_vs_direct_harmful,puzzler,direct_harmful,0.7803874611854553,0.21961253881454468,328.17828369140625,349.6873779296875,-21.50909423828125
jbshield-gemma-phase2-gemma-2-9b-it,gemma-2-9b-it,last_token,22,attack_vs_harmless,puzzler,none,0.8416517972946167,0.1583482027053833,328.17828369140625,306.6765441894531,21.501739501953125
jbshield-gemma-phase2-gemma-2-9b-it,gemma-2-9b-it,last_token,22,attack_vs_direct_harmful,saa,direct_harmful,0.7946919202804565,0.20530807971954346,320.892333984375,349.6873779296875,-28.7950439453125
jbshield-gemma-phase2-gemma-2-9b-it,gemma-2-9b-it,last_token,22,attack_vs_harmless,saa,none,0.8468499183654785,0.15315008163452148,320.892333984375,306.6765441894531,14.215789794921875
jbshield-gemma-phase2-gemma-2-9b-it,gemma-2-9b-it,last_token,22,attack_vs_direct_harmful,zulu,direct_harmful,0.9287461042404175,0.07125389575958252,294.4454650878906,349.6873779296875,-55.241912841796875
jbshield-gemma-phase2-gemma-2-9b-it,gemma-2-9b-it,last_token,22,attack_vs_harmless,zulu,none,0.9291366934776306,0.07086330652236938,294.4454650878906,306.6765441894531,-12.2310791015625
jbshield-gemma-phase2-gemma-2-9b-it,gemma-2-9b-it,last_token,23,label_1_vs_label_0,label_1,label_0,0.9473276734352112,0.05267232656478882,295.6558532714844,302.5036926269531,-6.84783935546875
jbshield-gemma-phase2-gemma-2-9b-it,gemma-2-9b-it,last_token,23,direct_harmful_vs_harmless,direct_harmful,none,0.8917524814605713,0.10824751853942871,349.5274353027344,302.12939453125,47.398040771484375
jbshield-gemma-phase2-gemma-2-9b-it,gemma-2-9b-it,last_token,23,attack_vs_direct_harmful,autodan,direct_harmful,0.9467642307281494,0.053235769271850586,314.0671081542969,349.5274353027344,-35.4603271484375
jbshield-gemma-phase2-gemma-2-9b-it,gemma-2-9b-it,last_token,23,attack_vs_harmless,autodan,none,0.9123325347900391,0.08766746520996094,314.0671081542969,302.12939453125,11.937713623046875
jbshield-gemma-phase2-gemma-2-9b-it,gemma-2-9b-it,last_token,23,attack_vs_direct_harmful,base64,direct_harmful,0.8220317959785461,0.17796820402145386,299.9956970214844,349.5274353027344,-49.53173828125
jbshield-gemma-phase2-gemma-2-9b-it,gemma-2-9b-it,last_token,23,attack_vs_harmless,base64,none,0.8594865798950195,0.14051342010498047,299.9956970214844,302.12939453125,-2.133697509765625
jbshield-gemma-phase2-gemma-2-9b-it,gemma-2-9b-it,last_token,23,attack_vs_direct_harmful,drattack,direct_harmful,0.85139399766922,0.14860600233078003,318.7987060546875,349.5274353027344,-30.728729248046875
jbshield-gemma-phase2-gemma-2-9b-it,gemma-2-9b-it,last_token,23,attack_vs_harmless,drattack,none,0.8850292563438416,0.11497074365615845,318.7987060546875,302.12939453125,16.6693115234375
jbshield-gemma-phase2-gemma-2-9b-it,gemma-2-9b-it,last_token,23,attack_vs_direct_harmful,gcg,direct_harmful,0.9804967045783997,0.019503295421600342,335.3233642578125,349.5274353027344,-14.204071044921875
jbshield-gemma-phase2-gemma-2-9b-it,gemma-2-9b-it,last_token,23,attack_vs_harmless,gcg,none,0.9054533839225769,0.0945466160774231,335.3233642578125,302.12939453125,33.1939697265625
jbshield-gemma-phase2-gemma-2-9b-it,gemma-2-9b-it,last_token,23,attack_vs_direct_harmful,ijp,direct_harmful,0.8348225355148315,0.16517746448516846,278.3881530761719,349.5274353027344,-71.1392822265625
jbshield-gemma-phase2-gemma-2-9b-it,gemma-2-9b-it,last_token,23,attack_vs_harmless,ijp,none,0.903141975402832,0.09685802459716797,278.3881530761719,302.12939453125,-23.741241455078125
jbshield-gemma-phase2-gemma-2-9b-it,gemma-2-9b-it,last_token,23,attack_vs_direct_harmful,pair,direct_harmful,0.9526486396789551,0.04735136032104492,327.54541015625,349.5274353027344,-21.982025146484375
jbshield-gemma-phase2-gemma-2-9b-it,gemma-2-9b-it,last_token,23,attack_vs_harmless,pair,none,0.9454725980758667,0.0545274019241333,327.54541015625,302.12939453125,25.416015625
jbshield-gemma-phase2-gemma-2-9b-it,gemma-2-9b-it,last_token,23,attack_vs_direct_harmful,puzzler,direct_harmful,0.7405899167060852,0.2594100832939148,313.4658203125,349.5274353027344,-36.061614990234375
jbshield-gemma-phase2-gemma-2-9b-it,gemma-2-9b-it,last_token,23,attack_vs_harmless,puzzler,none,0.8136376738548279,0.18636232614517212,313.4658203125,302.12939453125,11.33642578125
jbshield-gemma-phase2-gemma-2-9b-it,gemma-2-9b-it,last_token,23,attack_vs_direct_harmful,saa,direct_harmful,0.7778164148330688,0.22218358516693115,322.8184814453125,349.5274353027344,-26.708953857421875
jbshield-gemma-phase2-gemma-2-9b-it,gemma-2-9b-it,last_token,23,attack_vs_harmless,saa,none,0.8348986506462097,0.16510134935379028,322.8184814453125,302.12939453125,20.6890869140625
jbshield-gemma-phase2-gemma-2-9b-it,gemma-2-9b-it,last_token,23,attack_vs_direct_harmful,zulu,direct_harmful,0.9289214611053467,0.07107853889465332,295.97735595703125,349.5274353027344,-53.550079345703125
jbshield-gemma-phase2-gemma-2-9b-it,gemma-2-9b-it,last_token,23,attack_vs_harmless,zulu,none,0.925970196723938,0.07402980327606201,295.97735595703125,302.12939453125,-6.15203857421875
jbshield-gemma-phase2-gemma-2-9b-it,gemma-2-9b-it,last_token,24,label_1_vs_label_0,label_1,label_0,0.9490748047828674,0.05092519521713257,329.4529113769531,341.4268798828125,-11.973968505859375
jbshield-gemma-phase2-gemma-2-9b-it,gemma-2-9b-it,last_token,24,direct_harmful_vs_harmless,direct_harmful,none,0.8824477195739746,0.11755228042602539,377.51776123046875,341.66387939453125,35.8538818359375
jbshield-gemma-phase2-gemma-2-9b-it,gemma-2-9b-it,last_token,24,attack_vs_direct_harmful,autodan,direct_harmful,0.9475224614143372,0.05247753858566284,357.2151184082031,377.51776123046875,-20.302642822265625
jbshield-gemma-phase2-gemma-2-9b-it,gemma-2-9b-it,last_token,24,attack_vs_harmless,autodan,none,0.9135767817497253,0.08642321825027466,357.2151184082031,341.66387939453125,15.551239013671875
jbshield-gemma-phase2-gemma-2-9b-it,gemma-2-9b-it,last_token,24,attack_vs_direct_harmful,base64,direct_harmful,0.8242369890213013,0.17576301097869873,329.1353454589844,377.51776123046875,-48.382415771484375
jbshield-gemma-phase2-gemma-2-9b-it,gemma-2-9b-it,last_token,24,attack_vs_harmless,base64,none,0.8730736970901489,0.12692630290985107,329.1353454589844,341.66387939453125,-12.528533935546875
jbshield-gemma-phase2-gemma-2-9b-it,gemma-2-9b-it,last_token,24,attack_vs_direct_harmful,drattack,direct_harmful,0.8636981248855591,0.13630187511444092,370.27996826171875,377.51776123046875,-7.23779296875
jbshield-gemma-phase2-gemma-2-9b-it,gemma-2-9b-it,last_token,24,attack_vs_harmless,drattack,none,0.9001461863517761,0.09985381364822388,370.27996826171875,341.66387939453125,28.6160888671875
jbshield-gemma-phase2-gemma-2-9b-it,gemma-2-9b-it,last_token,24,attack_vs_direct_harmful,gcg,direct_harmful,0.9797829389572144,0.020217061042785645,372.3648986816406,377.51776123046875,-5.152862548828125
jbshield-gemma-phase2-gemma-2-9b-it,gemma-2-9b-it,last_token,24,attack_vs_harmless,gcg,none,0.9023415446281433,0.09765845537185669,372.3648986816406,341.66387939453125,30.701019287109375
jbshield-gemma-phase2-gemma-2-9b-it,gemma-2-9b-it,last_token,24,attack_vs_direct_harmful,ijp,direct_harmful,0.833901584148407,0.16609841585159302,301.2024230957031,377.51776123046875,-76.31533813476562
jbshield-gemma-phase2-gemma-2-9b-it,gemma-2-9b-it,last_token,24,attack_vs_harmless,ijp,none,0.9087358713150024,0.09126412868499756,301.2024230957031,341.66387939453125,-40.461456298828125
jbshield-gemma-phase2-gemma-2-9b-it,gemma-2-9b-it,last_token,24,attack_vs_direct_harmful,pair,direct_harmful,0.9482393860816956,0.05176061391830444,362.7029724121094,377.51776123046875,-14.814788818359375
jbshield-gemma-phase2-gemma-2-9b-it,gemma-2-9b-it,last_token,24,attack_vs_harmless,pair,none,0.9460468292236328,0.05395317077636719,362.7029724121094,341.66387939453125,21.039093017578125
jbshield-gemma-phase2-gemma-2-9b-it,gemma-2-9b-it,last_token,24,attack_vs_direct_harmful,puzzler,direct_harmful,0.7466673254966736,0.2533326745033264,350.52557373046875,377.51776123046875,-26.9921875
jbshield-gemma-phase2-gemma-2-9b-it,gemma-2-9b-it,last_token,24,attack_vs_harmless,puzzler,none,0.8327346444129944,0.16726535558700562,350.52557373046875,341.66387939453125,8.8616943359375
jbshield-gemma-phase2-gemma-2-9b-it,gemma-2-9b-it,last_token,24,attack_vs_direct_harmful,saa,direct_harmful,0.7825455069541931,0.21745449304580688,350.0616455078125,377.51776123046875,-27.45611572265625
jbshield-gemma-phase2-gemma-2-9b-it,gemma-2-9b-it,last_token,24,attack_vs_harmless,saa,none,0.8485308289527893,0.1514691710472107,350.0616455078125,341.66387939453125,8.39776611328125
jbshield-gemma-phase2-gemma-2-9b-it,gemma-2-9b-it,last_token,24,attack_vs_direct_harmful,zulu,direct_harmful,0.9082120060920715,0.09178799390792847,332.2385559082031,377.51776123046875,-45.279205322265625
jbshield-gemma-phase2-gemma-2-9b-it,gemma-2-9b-it,last_token,24,attack_vs_harmless,zulu,none,0.9173309206962585,0.08266907930374146,332.2385559082031,341.66387939453125,-9.425323486328125
jbshield-gemma-phase2-gemma-2-9b-it,gemma-2-9b-it,last_token,25,label_1_vs_label_0,label_1,label_0,0.9432174563407898,0.056782543659210205,332.2785949707031,349.7176208496094,-17.43902587890625
jbshield-gemma-phase2-gemma-2-9b-it,gemma-2-9b-it,last_token,25,direct_harmful_vs_harmless,direct_harmful,none,0.8711009621620178,0.12889903783798218,389.3082275390625,350.0285949707031,39.279632568359375
jbshield-gemma-phase2-gemma-2-9b-it,gemma-2-9b-it,last_token,25,attack_vs_direct_harmful,autodan,direct_harmful,0.9487683773040771,0.05123162269592285,367.27215576171875,389.3082275390625,-22.03607177734375
jbshield-gemma-phase2-gemma-2-9b-it,gemma-2-9b-it,last_token,25,attack_vs_harmless,autodan,none,0.9037452340126038,0.09625476598739624,367.27215576171875,350.0285949707031,17.243560791015625
jbshield-gemma-phase2-gemma-2-9b-it,gemma-2-9b-it,last_token,25,attack_vs_direct_harmful,base64,direct_harmful,0.8055244088172913,0.19447559118270874,331.17523193359375,389.3082275390625,-58.13299560546875
jbshield-gemma-phase2-gemma-2-9b-it,gemma-2-9b-it,last_token,25,attack_vs_harmless,base64,none,0.8615114092826843,0.13848859071731567,331.17523193359375,350.0285949707031,-18.853363037109375
jbshield-gemma-phase2-gemma-2-9b-it,gemma-2-9b-it,last_token,25,attack_vs_direct_harmful,drattack,direct_harmful,0.8557788133621216,0.14422118663787842,376.34576416015625,389.3082275390625,-12.96246337890625
jbshield-gemma-phase2-gemma-2-9b-it,gemma-2-9b-it,last_token,25,attack_vs_harmless,drattack,none,0.8871152400970459,0.1128847599029541,376.34576416015625,350.0285949707031,26.317169189453125
jbshield-gemma-phase2-gemma-2-9b-it,gemma-2-9b-it,last_token,25,attack_vs_direct_harmful,gcg,direct_harmful,0.9800698161125183,0.01993018388748169,380.8968811035156,389.3082275390625,-8.411346435546875
jbshield-gemma-phase2-gemma-2-9b-it,gemma-2-9b-it,last_token,25,attack_vs_harmless,gcg,none,0.8917807936668396,0.1082192063331604,380.8968811035156,350.0285949707031,30.8682861328125
jbshield-gemma-phase2-gemma-2-9b-it,gemma-2-9b-it,last_token,25,attack_vs_direct_harmful,ijp,direct_harmful,0.8263781666755676,0.17362183332443237,303.3199768066406,389.3082275390625,-85.98825073242188
jbshield-gemma-phase2-gemma-2-9b-it,gemma-2-9b-it,last_token,25,attack_vs_harmless,ijp,none,0.9014987945556641,0.09850120544433594,303.3199768066406,350.0285949707031,-46.7086181640625
jbshield-gemma-phase2-gemma-2-9b-it,gemma-2-9b-it,last_token,25,attack_vs_direct_harmful,pair,direct_harmful,0.9477363228797913,0.05226367712020874,371.6022033691406,389.3082275390625,-17.706024169921875
jbshield-gemma-phase2-gemma-2-9b-it,gemma-2-9b-it,last_token,25,attack_vs_harmless,pair,none,0.9393693804740906,0.060630619525909424,371.6022033691406,350.0285949707031,21.5736083984375
jbshield-gemma-phase2-gemma-2-9b-it,gemma-2-9b-it,last_token,25,attack_vs_direct_harmful,puzzler,direct_harmful,0.7167937755584717,0.2832062244415283,340.6247863769531,389.3082275390625,-48.683441162109375
jbshield-gemma-phase2-gemma-2-9b-it,gemma-2-9b-it,last_token,25,attack_vs_harmless,puzzler,none,0.8129938244819641,0.1870061755180359,340.6247863769531,350.0285949707031,-9.40380859375
jbshield-gemma-phase2-gemma-2-9b-it,gemma-2-9b-it,last_token,25,attack_vs_direct_harmful,saa,direct_harmful,0.7671722769737244,0.23282772302627563,347.1470947265625,389.3082275390625,-42.1611328125
jbshield-gemma-phase2-gemma-2-9b-it,gemma-2-9b-it,last_token,25,attack_vs_harmless,saa,none,0.836168646812439,0.16383135318756104,347.1470947265625,350.0285949707031,-2.881500244140625
jbshield-gemma-phase2-gemma-2-9b-it,gemma-2-9b-it,last_token,25,attack_vs_direct_harmful,zulu,direct_harmful,0.9005780816078186,0.0994219183921814,332.6510009765625,389.3082275390625,-56.6572265625
jbshield-gemma-phase2-gemma-2-9b-it,gemma-2-9b-it,last_token,25,attack_vs_harmless,zulu,none,0.9122823476791382,0.08771765232086182,332.6510009765625,350.0285949707031,-17.377593994140625
jbshield-gemma-phase2-gemma-2-9b-it,gemma-2-9b-it,last_token,26,label_1_vs_label_0,label_1,label_0,0.9260649085044861,0.07393509149551392,334.9255065917969,353.2647399902344,-18.3392333984375
jbshield-gemma-phase2-gemma-2-9b-it,gemma-2-9b-it,last_token,26,direct_harmful_vs_harmless,direct_harmful,none,0.8367744088172913,0.16322559118270874,416.1931457519531,353.3528747558594,62.84027099609375
jbshield-gemma-phase2-gemma-2-9b-it,gemma-2-9b-it,last_token,26,attack_vs_direct_harmful,autodan,direct_harmful,0.9458500146865845,0.05414998531341553,390.1499938964844,416.1931457519531,-26.04315185546875
jbshield-gemma-phase2-gemma-2-9b-it,gemma-2-9b-it,last_token,26,attack_vs_harmless,autodan,none,0.8760786652565002,0.12392133474349976,390.1499938964844,353.3528747558594,36.797119140625
jbshield-gemma-phase2-gemma-2-9b-it,gemma-2-9b-it,last_token,26,attack_vs_direct_harmful,base64,direct_harmful,0.7493873834609985,0.25061261653900146,342.8154296875,416.1931457519531,-73.37771606445312
jbshield-gemma-phase2-gemma-2-9b-it,gemma-2-9b-it,last_token,26,attack_vs_harmless,base64,none,0.8246503472328186,0.1753496527671814,342.8154296875,353.3528747558594,-10.537445068359375
jbshield-gemma-phase2-gemma-2-9b-it,gemma-2-9b-it,last_token,26,attack_vs_direct_harmful,drattack,direct_harmful,0.8363736867904663,0.1636263132095337,382.89263916015625,416.1931457519531,-33.300506591796875
jbshield-gemma-phase2-gemma-2-9b-it,gemma-2-9b-it,last_token,26,attack_vs_harmless,drattack,none,0.854693591594696,0.14530640840530396,382.89263916015625,353.3528747558594,29.539764404296875
jbshield-gemma-phase2-gemma-2-9b-it,gemma-2-9b-it,last_token,26,attack_vs_direct_harmful,gcg,direct_harmful,0.9776935577392578,0.022306442260742188,397.1905517578125,416.1931457519531,-19.002593994140625
jbshield-gemma-phase2-gemma-2-9b-it,gemma-2-9b-it,last_token,26,attack_vs_harmless,gcg,none,0.8638951182365417,0.13610488176345825,397.1905517578125,353.3528747558594,43.837677001953125
jbshield-gemma-phase2-gemma-2-9b-it,gemma-2-9b-it,last_token,26,attack_vs_direct_harmful,ijp,direct_harmful,0.7925387024879456,0.20746129751205444,305.4584655761719,416.1931457519531,-110.73468017578125
jbshield-gemma-phase2-gemma-2-9b-it,gemma-2-9b-it,last_token,26,attack_vs_harmless,ijp,none,0.8837783336639404,0.11622166633605957,305.4584655761719,353.3528747558594,-47.8944091796875
jbshield-gemma-phase2-gemma-2-9b-it,gemma-2-9b-it,last_token,26,attack_vs_direct_harmful,pair,direct_harmful,0.9375435709953308,0.06245642900466919,387.9346923828125,416.1931457519531,-28.258453369140625
jbshield-gemma-phase2-gemma-2-9b-it,gemma-2-9b-it,last_token,26,attack_vs_harmless,pair,none,0.9197901487350464,0.08020985126495361,387.9346923828125,353.3528747558594,34.581817626953125
jbshield-gemma-phase2-gemma-2-9b-it,gemma-2-9b-it,last_token,26,attack_vs_direct_harmful,puzzler,direct_harmful,0.6620086431503296,0.3379913568496704,371.7896728515625,416.1931457519531,-44.403472900390625
jbshield-gemma-phase2-gemma-2-9b-it,gemma-2-9b-it,last_token,26,attack_vs_harmless,puzzler,none,0.7822670340538025,0.2177329659461975,371.7896728515625,353.3528747558594,18.436798095703125
jbshield-gemma-phase2-gemma-2-9b-it,gemma-2-9b-it,last_token,26,attack_vs_direct_harmful,saa,direct_harmful,0.6823874115943909,0.31761258840560913,340.6014099121094,416.1931457519531,-75.59173583984375
jbshield-gemma-phase2-gemma-2-9b-it,gemma-2-9b-it,last_token,26,attack_vs_harmless,saa,none,0.7640669345855713,0.2359330654144287,340.6014099121094,353.3528747558594,-12.75146484375
jbshield-gemma-phase2-gemma-2-9b-it,gemma-2-9b-it,last_token,26,attack_vs_direct_harmful,zulu,direct_harmful,0.8467457890510559,0.1532542109489441,337.6445007324219,416.1931457519531,-78.54864501953125
jbshield-gemma-phase2-gemma-2-9b-it,gemma-2-9b-it,last_token,26,attack_vs_harmless,zulu,none,0.8674190044403076,0.13258099555969238,337.6445007324219,353.3528747558594,-15.7083740234375
jbshield-gemma-phase2-gemma-2-9b-it,gemma-2-9b-it,last_token,27,label_1_vs_label_0,label_1,label_0,0.9032734632492065,0.09672653675079346,333.11370849609375,338.8022155761719,-5.688507080078125
jbshield-gemma-phase2-gemma-2-9b-it,gemma-2-9b-it,last_token,27,direct_harmful_vs_harmless,direct_harmful,none,0.7750141620635986,0.22498583793640137,404.458984375,339.5805969238281,64.87838745117188
jbshield-gemma-phase2-gemma-2-9b-it,gemma-2-9b-it,last_token,27,attack_vs_direct_harmful,autodan,direct_harmful,0.9346660375595093,0.06533396244049072,399.16400146484375,404.458984375,-5.29498291015625
jbshield-gemma-phase2-gemma-2-9b-it,gemma-2-9b-it,last_token,27,attack_vs_harmless,autodan,none,0.8225324153900146,0.17746758460998535,399.16400146484375,339.5805969238281,59.583404541015625
jbshield-gemma-phase2-gemma-2-9b-it,gemma-2-9b-it,last_token,27,attack_vs_direct_harmful,base64,direct_harmful,0.6813931465148926,0.3186068534851074,367.50299072265625,404.458984375,-36.95599365234375
jbshield-gemma-phase2-gemma-2-9b-it,gemma-2-9b-it,last_token,27,attack_vs_harmless,base64,none,0.7965307235717773,0.20346927642822266,367.50299072265625,339.5805969238281,27.922393798828125
jbshield-gemma-phase2-gemma-2-9b-it,gemma-2-9b-it,last_token,27,attack_vs_direct_harmful,drattack,direct_harmful,0.8064372539520264,0.19356274604797363,379.46392822265625,404.458984375,-24.99505615234375
jbshield-gemma-phase2-gemma-2-9b-it,gemma-2-9b-it,last_token,27,attack_vs_harmless,drattack,none,0.8087899684906006,0.19121003150939941,379.46392822265625,339.5805969238281,39.883331298828125
jbshield-gemma-phase2-gemma-2-9b-it,gemma-2-9b-it,last_token,27,attack_vs_direct_harmful,gcg,direct_harmful,0.9705245494842529,0.02947545051574707,387.92852783203125,404.458984375,-16.53045654296875
jbshield-gemma-phase2-gemma-2-9b-it,gemma-2-9b-it,last_token,27,attack_vs_harmless,gcg,none,0.810127317905426,0.18987268209457397,387.92852783203125,339.5805969238281,48.347930908203125
jbshield-gemma-phase2-gemma-2-9b-it,gemma-2-9b-it,last_token,27,attack_vs_direct_harmful,ijp,direct_harmful,0.7387925982475281,0.2612074017524719,307.5685119628906,404.458984375,-96.89047241210938
jbshield-gemma-phase2-gemma-2-9b-it,gemma-2-9b-it,last_token,27,attack_vs_harmless,ijp,none,0.8585798144340515,0.1414201855659485,307.5685119628906,339.5805969238281,-32.0120849609375
jbshield-gemma-phase2-gemma-2-9b-it,gemma-2-9b-it,last_token,27,attack_vs_direct_harmful,pair,direct_harmful,0.9220861196517944,0.07791388034820557,381.0077209472656,404.458984375,-23.451263427734375
jbshield-gemma-phase2-gemma-2-9b-it,gemma-2-9b-it,last_token,27,attack_vs_harmless,pair,none,0.8833509683609009,0.11664903163909912,381.0077209472656,339.5805969238281,41.4271240234375
jbshield-gemma-phase2-gemma-2-9b-it,gemma-2-9b-it,last_token,27,attack_vs_direct_harmful,puzzler,direct_harmful,0.596174418926239,0.403825581073761,376.3694763183594,404.458984375,-28.089508056640625
jbshield-gemma-phase2-gemma-2-9b-it,gemma-2-9b-it,last_token,27,attack_vs_harmless,puzzler,none,0.7548043727874756,0.24519562721252441,376.3694763183594,339.5805969238281,36.78887939453125
jbshield-gemma-phase2-gemma-2-9b-it,gemma-2-9b-it,last_token,27,attack_vs_direct_harmful,saa,direct_harmful,0.6489729285240173,0.35102707147598267,361.0796813964844,404.458984375,-43.379302978515625
jbshield-gemma-phase2-gemma-2-9b-it,gemma-2-9b-it,last_token,27,attack_vs_harmless,saa,none,0.7562400102615356,0.24375998973846436,361.0796813964844,339.5805969238281,21.49908447265625
jbshield-gemma-phase2-gemma-2-9b-it,gemma-2-9b-it,last_token,27,attack_vs_direct_harmful,zulu,direct_harmful,0.8011072874069214,0.1988927125930786,327.43939208984375,404.458984375,-77.01959228515625
jbshield-gemma-phase2-gemma-2-9b-it,gemma-2-9b-it,last_token,27,attack_vs_harmless,zulu,none,0.8394193649291992,0.16058063507080078,327.43939208984375,339.5805969238281,-12.141204833984375
jbshield-gemma-phase2-gemma-2-9b-it,gemma-2-9b-it,last_token,28,label_1_vs_label_0,label_1,label_0,0.9153388142585754,0.08466118574142456,369.78485107421875,361.2169189453125,8.56793212890625
jbshield-gemma-phase2-gemma-2-9b-it,gemma-2-9b-it,last_token,28,direct_harmful_vs_harmless,direct_harmful,none,0.7760369181632996,0.22396308183670044,439.6219482421875,361.7967224121094,77.82522583007812
jbshield-gemma-phase2-gemma-2-9b-it,gemma-2-9b-it,last_token,28,attack_vs_direct_harmful,autodan,direct_harmful,0.9422985315322876,0.0577014684677124,449.9140930175781,439.6219482421875,10.292144775390625
jbshield-gemma-phase2-gemma-2-9b-it,gemma-2-9b-it,last_token,28,attack_vs_harmless,autodan,none,0.8331125974655151,0.16688740253448486,449.9140930175781,361.7967224121094,88.11737060546875
jbshield-gemma-phase2-gemma-2-9b-it,gemma-2-9b-it,last_token,28,attack_vs_direct_harmful,base64,direct_harmful,0.7059891223907471,0.29401087760925293,391.9862976074219,439.6219482421875,-47.635650634765625
jbshield-gemma-phase2-gemma-2-9b-it,gemma-2-9b-it,last_token,28,attack_vs_harmless,base64,none,0.8264118432998657,0.17358815670013428,391.9862976074219,361.7967224121094,30.1895751953125
jbshield-gemma-phase2-gemma-2-9b-it,gemma-2-9b-it,last_token,28,attack_vs_direct_harmful,drattack,direct_harmful,0.8391813039779663,0.1608186960220337,420.893310546875,439.6219482421875,-18.7286376953125
jbshield-gemma-phase2-gemma-2-9b-it,gemma-2-9b-it,last_token,28,attack_vs_harmless,drattack,none,0.8442565202713013,0.15574347972869873,420.893310546875,361.7967224121094,59.096588134765625
jbshield-gemma-phase2-gemma-2-9b-it,gemma-2-9b-it,last_token,28,attack_vs_direct_harmful,gcg,direct_harmful,0.9710627198219299,0.02893728017807007,433.3072204589844,439.6219482421875,-6.314727783203125
jbshield-gemma-phase2-gemma-2-9b-it,gemma-2-9b-it,last_token,28,attack_vs_harmless,gcg,none,0.8242126107215881,0.17578738927841187,433.3072204589844,361.7967224121094,71.510498046875
jbshield-gemma-phase2-gemma-2-9b-it,gemma-2-9b-it,last_token,28,attack_vs_direct_harmful,ijp,direct_harmful,0.757049560546875,0.242950439453125,353.5712585449219,439.6219482421875,-86.05068969726562
jbshield-gemma-phase2-gemma-2-9b-it,gemma-2-9b-it,last_token,28,attack_vs_harmless,ijp,none,0.8855599164962769,0.11444008350372314,353.5712585449219,361.7967224121094,-8.2254638671875
jbshield-gemma-phase2-gemma-2-9b-it,gemma-2-9b-it,last_token,28,attack_vs_direct_harmful,pair,direct_harmful,0.9275400042533875,0.07245999574661255,418.2336120605469,439.6219482421875,-21.388336181640625
jbshield-gemma-phase2-gemma-2-9b-it,gemma-2-9b-it,last_token,28,attack_vs_harmless,pair,none,0.885728120803833,0.11427187919616699,418.2336120605469,361.7967224121094,56.4368896484375
jbshield-gemma-phase2-gemma-2-9b-it,gemma-2-9b-it,last_token,28,attack_vs_direct_harmful,puzzler,direct_harmful,0.6454806923866272,0.3545193076133728,430.81951904296875,439.6219482421875,-8.80242919921875
jbshield-gemma-phase2-gemma-2-9b-it,gemma-2-9b-it,last_token,28,attack_vs_harmless,puzzler,none,0.8245829939842224,0.1754170060157776,430.81951904296875,361.7967224121094,69.02279663085938
jbshield-gemma-phase2-gemma-2-9b-it,gemma-2-9b-it,last_token,28,attack_vs_direct_harmful,saa,direct_harmful,0.6975077390670776,0.30249226093292236,386.1100769042969,439.6219482421875,-53.511871337890625
jbshield-gemma-phase2-gemma-2-9b-it,gemma-2-9b-it,last_token,28,attack_vs_harmless,saa,none,0.8220251202583313,0.1779748797416687,386.1100769042969,361.7967224121094,24.3133544921875
jbshield-gemma-phase2-gemma-2-9b-it,gemma-2-9b-it,last_token,28,attack_vs_direct_harmful,zulu,direct_harmful,0.797528862953186,0.20247113704681396,328.86456298828125,439.6219482421875,-110.75738525390625
jbshield-gemma-phase2-gemma-2-9b-it,gemma-2-9b-it,last_token,28,attack_vs_harmless,zulu,none,0.8500335216522217,0.14996647834777832,328.86456298828125,361.7967224121094,-32.932159423828125
jbshield-gemma-phase2-gemma-2-9b-it,gemma-2-9b-it,last_token,29,label_1_vs_label_0,label_1,label_0,0.8942702412605286,0.10572975873947144,351.3842468261719,350.3968200683594,0.9874267578125
jbshield-gemma-phase2-gemma-2-9b-it,gemma-2-9b-it,last_token,29,direct_harmful_vs_harmless,direct_harmful,none,0.7365157604217529,0.26348423957824707,449.490234375,350.9205627441406,98.56967163085938
jbshield-gemma-phase2-gemma-2-9b-it,gemma-2-9b-it,last_token,29,attack_vs_direct_harmful,autodan,direct_harmful,0.9369792938232422,0.06302070617675781,442.0971374511719,449.490234375,-7.393096923828125
jbshield-gemma-phase2-gemma-2-9b-it,gemma-2-9b-it,last_token,29,attack_vs_harmless,autodan,none,0.7962430715560913,0.2037569284439087,442.0971374511719,350.9205627441406,91.17657470703125
jbshield-gemma-phase2-gemma-2-9b-it,gemma-2-9b-it,last_token,29,attack_vs_direct_harmful,base64,direct_harmful,0.6524564623832703,0.34754353761672974,372.3786315917969,449.490234375,-77.11160278320312
jbshield-gemma-phase2-gemma-2-9b-it,gemma-2-9b-it,last_token,29,attack_vs_harmless,base64,none,0.7937495112419128,0.20625048875808716,372.3786315917969,350.9205627441406,21.45806884765625
jbshield-gemma-phase2-gemma-2-9b-it,gemma-2-9b-it,last_token,29,attack_vs_direct_harmful,drattack,direct_harmful,0.8068578243255615,0.19314217567443848,407.5743713378906,449.490234375,-41.915863037109375
jbshield-gemma-phase2-gemma-2-9b-it,gemma-2-9b-it,last_token,29,attack_vs_harmless,drattack,none,0.7913303971290588,0.20866960287094116,407.5743713378906,350.9205627441406,56.65380859375
jbshield-gemma-phase2-gemma-2-9b-it,gemma-2-9b-it,last_token,29,attack_vs_direct_harmful,gcg,direct_harmful,0.9690114855766296,0.03098851442337036,428.05810546875,449.490234375,-21.43212890625
jbshield-gemma-phase2-gemma-2-9b-it,gemma-2-9b-it,last_token,29,attack_vs_harmless,gcg,none,0.7888755798339844,0.21112442016601562,428.05810546875,350.9205627441406,77.13754272460938
jbshield-gemma-phase2-gemma-2-9b-it,gemma-2-9b-it,last_token,29,attack_vs_direct_harmful,ijp,direct_harmful,0.7150146961212158,0.2849853038787842,334.7189636230469,449.490234375,-114.77127075195312
jbshield-gemma-phase2-gemma-2-9b-it,gemma-2-9b-it,last_token,29,attack_vs_harmless,ijp,none,0.8542041778564453,0.1457958221435547,334.7189636230469,350.9205627441406,-16.20159912109375
jbshield-gemma-phase2-gemma-2-9b-it,gemma-2-9b-it,last_token,29,attack_vs_direct_harmful,pair,direct_harmful,0.9178527593612671,0.08214724063873291,413.0573425292969,449.490234375,-36.432891845703125
jbshield-gemma-phase2-gemma-2-9b-it,gemma-2-9b-it,last_token,29,attack_vs_harmless,pair,none,0.8623673915863037,0.1376326084136963,413.0573425292969,350.9205627441406,62.13677978515625
jbshield-gemma-phase2-gemma-2-9b-it,gemma-2-9b-it,last_token,29,attack_vs_direct_harmful,puzzler,direct_harmful,0.5650396347045898,0.43496036529541016,406.3450622558594,449.490234375,-43.145172119140625
jbshield-gemma-phase2-gemma-2-9b-it,gemma-2-9b-it,last_token,29,attack_vs_harmless,puzzler,none,0.7692601680755615,0.23073983192443848,406.3450622558594,350.9205627441406,55.42449951171875
jbshield-gemma-phase2-gemma-2-9b-it,gemma-2-9b-it,last_token,29,attack_vs_direct_harmful,saa,direct_harmful,0.6190698742866516,0.3809301257133484,366.28045654296875,449.490234375,-83.20977783203125
jbshield-gemma-phase2-gemma-2-9b-it,gemma-2-9b-it,last_token,29,attack_vs_harmless,saa,none,0.7501811981201172,0.2498188018798828,366.28045654296875,350.9205627441406,15.359893798828125
jbshield-gemma-phase2-gemma-2-9b-it,gemma-2-9b-it,last_token,29,attack_vs_direct_harmful,zulu,direct_harmful,0.771896481513977,0.22810351848602295,320.28900146484375,449.490234375,-129.20123291015625
jbshield-gemma-phase2-gemma-2-9b-it,gemma-2-9b-it,last_token,29,attack_vs_harmless,zulu,none,0.8313225507736206,0.1686774492263794,320.28900146484375,350.9205627441406,-30.631561279296875
jbshield-gemma-phase2-gemma-2-9b-it,gemma-2-9b-it,last_token,30,label_1_vs_label_0,label_1,label_0,0.8954362869262695,0.10456371307373047,382.74951171875,370.45880126953125,12.29071044921875
jbshield-gemma-phase2-gemma-2-9b-it,gemma-2-9b-it,last_token,30,direct_harmful_vs_harmless,direct_harmful,none,0.7235016226768494,0.27649837732315063,483.5648498535156,371.0047912597656,112.56005859375
jbshield-gemma-phase2-gemma-2-9b-it,gemma-2-9b-it,last_token,30,attack_vs_direct_harmful,autodan,direct_harmful,0.9344912171363831,0.06550878286361694,479.4065856933594,483.5648498535156,-4.15826416015625
jbshield-gemma-phase2-gemma-2-9b-it,gemma-2-9b-it,last_token,30,attack_vs_harmless,autodan,none,0.7919859886169434,0.20801401138305664,479.4065856933594,371.0047912597656,108.40179443359375
jbshield-gemma-phase2-gemma-2-9b-it,gemma-2-9b-it,last_token,30,attack_vs_direct_harmful,base64,direct_harmful,0.6064155697822571,0.3935844302177429,415.00347900390625,483.5648498535156,-68.56137084960938
jbshield-gemma-phase2-gemma-2-9b-it,gemma-2-9b-it,last_token,30,attack_vs_harmless,base64,none,0.753852903842926,0.24614709615707397,415.00347900390625,371.0047912597656,43.998687744140625
jbshield-gemma-phase2-gemma-2-9b-it,gemma-2-9b-it,last_token,30,attack_vs_direct_harmful,drattack,direct_harmful,0.8145431280136108,0.18545687198638916,452.309326171875,483.5648498535156,-31.255523681640625
jbshield-gemma-phase2-gemma-2-9b-it,gemma-2-9b-it,last_token,30,attack_vs_harmless,drattack,none,0.8120574355125427,0.18794256448745728,452.309326171875,371.0047912597656,81.30453491210938
jbshield-gemma-phase2-gemma-2-9b-it,gemma-2-9b-it,last_token,30,attack_vs_direct_harmful,gcg,direct_harmful,0.9659914970397949,0.03400850296020508,455.0925598144531,483.5648498535156,-28.4722900390625
jbshield-gemma-phase2-gemma-2-9b-it,gemma-2-9b-it,last_token,30,attack_vs_harmless,gcg,none,0.7836284637451172,0.2163715362548828,455.0925598144531,371.0047912597656,84.0877685546875
jbshield-gemma-phase2-gemma-2-9b-it,gemma-2-9b-it,last_token,30,attack_vs_direct_harmful,ijp,direct_harmful,0.7078800797462463,0.29211992025375366,382.6303405761719,483.5648498535156,-100.93450927734375
jbshield-gemma-phase2-gemma-2-9b-it,gemma-2-9b-it,last_token,30,attack_vs_harmless,ijp,none,0.8621748685836792,0.1378251314163208,382.6303405761719,371.0047912597656,11.62554931640625
jbshield-gemma-phase2-gemma-2-9b-it,gemma-2-9b-it,last_token,30,attack_vs_direct_harmful,pair,direct_harmful,0.9162247180938721,0.08377528190612793,444.6597595214844,483.5648498535156,-38.90509033203125
jbshield-gemma-phase2-gemma-2-9b-it,gemma-2-9b-it,last_token,30,attack_vs_harmless,pair,none,0.857829213142395,0.14217078685760498,444.6597595214844,371.0047912597656,73.65496826171875
jbshield-gemma-phase2-gemma-2-9b-it,gemma-2-9b-it,last_token,30,attack_vs_direct_harmful,puzzler,direct_harmful,0.571042537689209,0.428957462310791,450.15032958984375,483.5648498535156,-33.414520263671875
jbshield-gemma-phase2-gemma-2-9b-it,gemma-2-9b-it,last_token,30,attack_vs_harmless,puzzler,none,0.7976887822151184,0.2023112177848816,450.15032958984375,371.0047912597656,79.14553833007812
jbshield-gemma-phase2-gemma-2-9b-it,gemma-2-9b-it,last_token,30,attack_vs_direct_harmful,saa,direct_harmful,0.6221543550491333,0.3778456449508667,419.7040710449219,483.5648498535156,-63.86077880859375
jbshield-gemma-phase2-gemma-2-9b-it,gemma-2-9b-it,last_token,30,attack_vs_harmless,saa,none,0.7887881398200989,0.21121186017990112,419.7040710449219,371.0047912597656,48.69927978515625
jbshield-gemma-phase2-gemma-2-9b-it,gemma-2-9b-it,last_token,30,attack_vs_direct_harmful,zulu,direct_harmful,0.7043139338493347,0.2956860661506653,344.5941467285156,483.5648498535156,-138.970703125
jbshield-gemma-phase2-gemma-2-9b-it,gemma-2-9b-it,last_token,30,attack_vs_harmless,zulu,none,0.761694610118866,0.23830538988113403,344.5941467285156,371.0047912597656,-26.41064453125
jbshield-gemma-phase2-gemma-2-9b-it,gemma-2-9b-it,last_token,31,label_1_vs_label_0,label_1,label_0,0.8892949223518372,0.11070507764816284,393.48394775390625,376.13262939453125,17.351318359375
jbshield-gemma-phase2-gemma-2-9b-it,gemma-2-9b-it,last_token,31,direct_harmful_vs_harmless,direct_harmful,none,0.7057538628578186,0.2942461371421814,505.36065673828125,376.614990234375,128.74566650390625
jbshield-gemma-phase2-gemma-2-9b-it,gemma-2-9b-it,last_token,31,attack_vs_direct_harmful,autodan,direct_harmful,0.9340236186981201,0.06597638130187988,494.60552978515625,505.36065673828125,-10.755126953125
jbshield-gemma-phase2-gemma-2-9b-it,gemma-2-9b-it,last_token,31,attack_vs_harmless,autodan,none,0.7790352702140808,0.2209647297859192,494.60552978515625,376.614990234375,117.99053955078125
jbshield-gemma-phase2-gemma-2-9b-it,gemma-2-9b-it,last_token,31,attack_vs_direct_harmful,base64,direct_harmful,0.5696468353271484,0.43035316467285156,438.7033386230469,505.36065673828125,-66.65731811523438
jbshield-gemma-phase2-gemma-2-9b-it,gemma-2-9b-it,last_token,31,attack_vs_harmless,base64,none,0.729224681854248,0.27077531814575195,438.7033386230469,376.614990234375,62.088348388671875
jbshield-gemma-phase2-gemma-2-9b-it,gemma-2-9b-it,last_token,31,attack_vs_direct_harmful,drattack,direct_harmful,0.8065576553344727,0.19344234466552734,464.366943359375,505.36065673828125,-40.99371337890625
jbshield-gemma-phase2-gemma-2-9b-it,gemma-2-9b-it,last_token,31,attack_vs_harmless,drattack,none,0.8071697354316711,0.19283026456832886,464.366943359375,376.614990234375,87.751953125
jbshield-gemma-phase2-gemma-2-9b-it,gemma-2-9b-it,last_token,31,attack_vs_direct_harmful,gcg,direct_harmful,0.9642144441604614,0.035785555839538574,469.39788818359375,505.36065673828125,-35.9627685546875
jbshield-gemma-phase2-gemma-2-9b-it,gemma-2-9b-it,last_token,31,attack_vs_harmless,gcg,none,0.7703579664230347,0.22964203357696533,469.39788818359375,376.614990234375,92.78289794921875
jbshield-gemma-phase2-gemma-2-9b-it,gemma-2-9b-it,last_token,31,attack_vs_direct_harmful,ijp,direct_harmful,0.6995269656181335,0.30047303438186646,392.6295471191406,505.36065673828125,-112.73110961914062
jbshield-gemma-phase2-gemma-2-9b-it,gemma-2-9b-it,last_token,31,attack_vs_harmless,ijp,none,0.8532013297080994,0.14679867029190063,392.6295471191406,376.614990234375,16.014556884765625
jbshield-gemma-phase2-gemma-2-9b-it,gemma-2-9b-it,last_token,31,attack_vs_direct_harmful,pair,direct_harmful,0.9141093492507935,0.08589065074920654,460.3978271484375,505.36065673828125,-44.96282958984375
jbshield-gemma-phase2-gemma-2-9b-it,gemma-2-9b-it,last_token,31,attack_vs_harmless,pair,none,0.8471131324768066,0.15288686752319336,460.3978271484375,376.614990234375,83.7828369140625
jbshield-gemma-phase2-gemma-2-9b-it,gemma-2-9b-it,last_token,31,attack_vs_direct_harmful,puzzler,direct_harmful,0.5408557653427124,0.4591442346572876,458.2908935546875,505.36065673828125,-47.06976318359375
jbshield-gemma-phase2-gemma-2-9b-it,gemma-2-9b-it,last_token,31,attack_vs_harmless,puzzler,none,0.7729204893112183,0.22707951068878174,458.2908935546875,376.614990234375,81.6759033203125
jbshield-gemma-phase2-gemma-2-9b-it,gemma-2-9b-it,last_token,31,attack_vs_direct_harmful,saa,direct_harmful,0.6139432787895203,0.38605672121047974,446.1929016113281,505.36065673828125,-59.167755126953125
jbshield-gemma-phase2-gemma-2-9b-it,gemma-2-9b-it,last_token,31,attack_vs_harmless,saa,none,0.7783921360969543,0.22160786390304565,446.1929016113281,376.614990234375,69.57791137695312
jbshield-gemma-phase2-gemma-2-9b-it,gemma-2-9b-it,last_token,31,attack_vs_direct_harmful,zulu,direct_harmful,0.6482015252113342,0.35179847478866577,364.7242126464844,505.36065673828125,-140.63644409179688
jbshield-gemma-phase2-gemma-2-9b-it,gemma-2-9b-it,last_token,31,attack_vs_harmless,zulu,none,0.7189139127731323,0.2810860872268677,364.7242126464844,376.614990234375,-11.890777587890625
jbshield-gemma-phase2-gemma-2-9b-it,gemma-2-9b-it,last_token,32,label_1_vs_label_0,label_1,label_0,0.8904538154602051,0.10954618453979492,404.19989013671875,399.1985168457031,5.001373291015625
jbshield-gemma-phase2-gemma-2-9b-it,gemma-2-9b-it,last_token,32,direct_harmful_vs_harmless,direct_harmful,none,0.7200789451599121,0.2799210548400879,512.8190307617188,400.0639343261719,112.75509643554688
jbshield-gemma-phase2-gemma-2-9b-it,gemma-2-9b-it,last_token,32,attack_vs_direct_harmful,autodan,direct_harmful,0.9344569444656372,0.06554305553436279,510.6247863769531,512.8190307617188,-2.194244384765625
jbshield-gemma-phase2-gemma-2-9b-it,gemma-2-9b-it,last_token,32,attack_vs_harmless,autodan,none,0.7817120552062988,0.21828794479370117,510.6247863769531,400.0639343261719,110.56085205078125
jbshield-gemma-phase2-gemma-2-9b-it,gemma-2-9b-it,last_token,32,attack_vs_direct_harmful,base64,direct_harmful,0.5626458525657654,0.4373541474342346,457.8858642578125,512.8190307617188,-54.93316650390625
jbshield-gemma-phase2-gemma-2-9b-it,gemma-2-9b-it,last_token,32,attack_vs_harmless,base64,none,0.7148945927619934,0.2851054072380066,457.8858642578125,400.0639343261719,57.821929931640625
jbshield-gemma-phase2-gemma-2-9b-it,gemma-2-9b-it,last_token,32,attack_vs_direct_harmful,drattack,direct_harmful,0.8094741702079773,0.1905258297920227,479.9076843261719,512.8190307617188,-32.911346435546875
jbshield-gemma-phase2-gemma-2-9b-it,gemma-2-9b-it,last_token,32,attack_vs_harmless,drattack,none,0.8019084334373474,0.1980915665626526,479.9076843261719,400.0639343261719,79.84375
jbshield-gemma-phase2-gemma-2-9b-it,gemma-2-9b-it,last_token,32,attack_vs_direct_harmful,gcg,direct_harmful,0.9623763561248779,0.03762364387512207,481.70208740234375,512.8190307617188,-31.116943359375
jbshield-gemma-phase2-gemma-2-9b-it,gemma-2-9b-it,last_token,32,attack_vs_harmless,gcg,none,0.7807576656341553,0.21924233436584473,481.70208740234375,400.0639343261719,81.63815307617188
jbshield-gemma-phase2-gemma-2-9b-it,gemma-2-9b-it,last_token,32,attack_vs_direct_harmful,ijp,direct_harmful,0.713433027267456,0.28656697273254395,403.17706298828125,512.8190307617188,-109.6419677734375
jbshield-gemma-phase2-gemma-2-9b-it,gemma-2-9b-it,last_token,32,attack_vs_harmless,ijp,none,0.8553744554519653,0.14462554454803467,403.17706298828125,400.0639343261719,3.113128662109375
jbshield-gemma-phase2-gemma-2-9b-it,gemma-2-9b-it,last_token,32,attack_vs_direct_harmful,pair,direct_harmful,0.9183723330497742,0.08162766695022583,475.617431640625,512.8190307617188,-37.20159912109375
jbshield-gemma-phase2-gemma-2-9b-it,gemma-2-9b-it,last_token,32,attack_vs_harmless,pair,none,0.851314127445221,0.14868587255477905,475.617431640625,400.0639343261719,75.55349731445312
jbshield-gemma-phase2-gemma-2-9b-it,gemma-2-9b-it,last_token,32,attack_vs_direct_harmful,puzzler,direct_harmful,0.5602211952209473,0.43977880477905273,456.55975341796875,512.8190307617188,-56.25927734375
jbshield-gemma-phase2-gemma-2-9b-it,gemma-2-9b-it,last_token,32,attack_vs_harmless,puzzler,none,0.7780957221984863,0.22190427780151367,456.55975341796875,400.0639343261719,56.495819091796875
jbshield-gemma-phase2-gemma-2-9b-it,gemma-2-9b-it,last_token,32,attack_vs_direct_harmful,saa,direct_harmful,0.6215460896492004,0.37845391035079956,450.62103271484375,512.8190307617188,-62.197998046875
jbshield-gemma-phase2-gemma-2-9b-it,gemma-2-9b-it,last_token,32,attack_vs_harmless,saa,none,0.7758193016052246,0.2241806983947754,450.62103271484375,400.0639343261719,50.557098388671875
jbshield-gemma-phase2-gemma-2-9b-it,gemma-2-9b-it,last_token,32,attack_vs_direct_harmful,zulu,direct_harmful,0.6366451978683472,0.36335480213165283,382.7273864746094,512.8190307617188,-130.09164428710938
jbshield-gemma-phase2-gemma-2-9b-it,gemma-2-9b-it,last_token,32,attack_vs_harmless,zulu,none,0.7097912430763245,0.29020875692367554,382.7273864746094,400.0639343261719,-17.3365478515625
jbshield-gemma-phase2-gemma-2-9b-it,gemma-2-9b-it,last_token,33,label_1_vs_label_0,label_1,label_0,0.8944352865219116,0.10556471347808838,427.837646484375,421.21270751953125,6.62493896484375
jbshield-gemma-phase2-gemma-2-9b-it,gemma-2-9b-it,last_token,33,direct_harmful_vs_harmless,direct_harmful,none,0.7154234647750854,0.28457653522491455,533.407470703125,422.411865234375,110.99560546875
jbshield-gemma-phase2-gemma-2-9b-it,gemma-2-9b-it,last_token,33,attack_vs_direct_harmful,autodan,direct_harmful,0.9329201579093933,0.06707984209060669,534.3711547851562,533.407470703125,0.96368408203125
jbshield-gemma-phase2-gemma-2-9b-it,gemma-2-9b-it,last_token,33,attack_vs_harmless,autodan,none,0.7863270044326782,0.21367299556732178,534.3711547851562,422.411865234375,111.95928955078125
jbshield-gemma-phase2-gemma-2-9b-it,gemma-2-9b-it,last_token,33,attack_vs_direct_harmful,base64,direct_harmful,0.5603370666503906,0.4396629333496094,485.65277099609375,533.407470703125,-47.75469970703125
jbshield-gemma-phase2-gemma-2-9b-it,gemma-2-9b-it,last_token,33,attack_vs_harmless,base64,none,0.7175487875938416,0.28245121240615845,485.65277099609375,422.411865234375,63.24090576171875
jbshield-gemma-phase2-gemma-2-9b-it,gemma-2-9b-it,last_token,33,attack_vs_direct_harmful,drattack,direct_harmful,0.8053072690963745,0.1946927309036255,512.5075073242188,533.407470703125,-20.89996337890625
jbshield-gemma-phase2-gemma-2-9b-it,gemma-2-9b-it,last_token,33,attack_vs_harmless,drattack,none,0.8054980039596558,0.19450199604034424,512.5075073242188,422.411865234375,90.09564208984375
jbshield-gemma-phase2-gemma-2-9b-it,gemma-2-9b-it,last_token,33,attack_vs_direct_harmful,gcg,direct_harmful,0.9606884121894836,0.03931158781051636,502.9828796386719,533.407470703125,-30.424591064453125
jbshield-gemma-phase2-gemma-2-9b-it,gemma-2-9b-it,last_token,33,attack_vs_harmless,gcg,none,0.7803522348403931,0.21964776515960693,502.9828796386719,422.411865234375,80.57101440429688
jbshield-gemma-phase2-gemma-2-9b-it,gemma-2-9b-it,last_token,33,attack_vs_direct_harmful,ijp,direct_harmful,0.713446855545044,0.28655314445495605,425.25909423828125,533.407470703125,-108.14837646484375
jbshield-gemma-phase2-gemma-2-9b-it,gemma-2-9b-it,last_token,33,attack_vs_harmless,ijp,none,0.8661667108535767,0.13383328914642334,425.25909423828125,422.411865234375,2.84722900390625
jbshield-gemma-phase2-gemma-2-9b-it,gemma-2-9b-it,last_token,33,attack_vs_direct_harmful,pair,direct_harmful,0.9148086309432983,0.08519136905670166,500.0777893066406,533.407470703125,-33.329681396484375
jbshield-gemma-phase2-gemma-2-9b-it,gemma-2-9b-it,last_token,33,attack_vs_harmless,pair,none,0.857168436050415,0.14283156394958496,500.0777893066406,422.411865234375,77.66592407226562
jbshield-gemma-phase2-gemma-2-9b-it,gemma-2-9b-it,last_token,33,attack_vs_direct_harmful,puzzler,direct_harmful,0.5705041885375977,0.42949581146240234,497.3236389160156,533.407470703125,-36.083831787109375
jbshield-gemma-phase2-gemma-2-9b-it,gemma-2-9b-it,last_token,33,attack_vs_harmless,puzzler,none,0.7994464039802551,0.20055359601974487,497.3236389160156,422.411865234375,74.91177368164062
jbshield-gemma-phase2-gemma-2-9b-it,gemma-2-9b-it,last_token,33,attack_vs_direct_harmful,saa,direct_harmful,0.615065336227417,0.384934663772583,496.5977478027344,533.407470703125,-36.809722900390625
jbshield-gemma-phase2-gemma-2-9b-it,gemma-2-9b-it,last_token,33,attack_vs_harmless,saa,none,0.7845054864883423,0.21549451351165771,496.5977478027344,422.411865234375,74.18588256835938
jbshield-gemma-phase2-gemma-2-9b-it,gemma-2-9b-it,last_token,33,attack_vs_direct_harmful,zulu,direct_harmful,0.62281334400177,0.37718665599823,411.7724304199219,533.407470703125,-121.63504028320312
jbshield-gemma-phase2-gemma-2-9b-it,gemma-2-9b-it,last_token,33,attack_vs_harmless,zulu,none,0.6794418096542358,0.32055819034576416,411.7724304199219,422.411865234375,-10.639434814453125
jbshield-gemma-phase2-gemma-2-9b-it,gemma-2-9b-it,last_token,34,label_1_vs_label_0,label_1,label_0,0.8942291736602783,0.10577082633972168,460.6035461425781,446.8459167480469,13.75762939453125
jbshield-gemma-phase2-gemma-2-9b-it,gemma-2-9b-it,last_token,34,direct_harmful_vs_harmless,direct_harmful,none,0.7080176472663879,0.29198235273361206,584.7825927734375,447.7743225097656,137.00827026367188
jbshield-gemma-phase2-gemma-2-9b-it,gemma-2-9b-it,last_token,34,attack_vs_direct_harmful,autodan,direct_harmful,0.93429034948349,0.06570965051651001,583.655029296875,584.7825927734375,-1.1275634765625
jbshield-gemma-phase2-gemma-2-9b-it,gemma-2-9b-it,last_token,34,attack_vs_harmless,autodan,none,0.7820339798927307,0.2179660201072693,583.655029296875,447.7743225097656,135.88070678710938
jbshield-gemma-phase2-gemma-2-9b-it,gemma-2-9b-it,last_token,34,attack_vs_direct_harmful,base64,direct_harmful,0.5216879844665527,0.47831201553344727,514.0088500976562,584.7825927734375,-70.77374267578125
jbshield-gemma-phase2-gemma-2-9b-it,gemma-2-9b-it,last_token,34,attack_vs_harmless,base64,none,0.6773898601531982,0.32261013984680176,514.0088500976562,447.7743225097656,66.23452758789062
jbshield-gemma-phase2-gemma-2-9b-it,gemma-2-9b-it,last_token,34,attack_vs_direct_harmful,drattack,direct_harmful,0.8061938285827637,0.19380617141723633,554.840087890625,584.7825927734375,-29.9425048828125
jbshield-gemma-phase2-gemma-2-9b-it,gemma-2-9b-it,last_token,34,attack_vs_harmless,drattack,none,0.795791506767273,0.20420849323272705,554.840087890625,447.7743225097656,107.06576538085938
jbshield-gemma-phase2-gemma-2-9b-it,gemma-2-9b-it,last_token,34,attack_vs_direct_harmful,gcg,direct_harmful,0.9579281806945801,0.04207181930541992,547.3380126953125,584.7825927734375,-37.444580078125
jbshield-gemma-phase2-gemma-2-9b-it,gemma-2-9b-it,last_token,34,attack_vs_harmless,gcg,none,0.7786193490028381,0.22138065099716187,547.3380126953125,447.7743225097656,99.56369018554688
jbshield-gemma-phase2-gemma-2-9b-it,gemma-2-9b-it,last_token,34,attack_vs_direct_harmful,ijp,direct_harmful,0.7081366777420044,0.2918633222579956,460.0478210449219,584.7825927734375,-124.73477172851562
jbshield-gemma-phase2-gemma-2-9b-it,gemma-2-9b-it,last_token,34,attack_vs_harmless,ijp,none,0.8683683276176453,0.13163167238235474,460.0478210449219,447.7743225097656,12.27349853515625
jbshield-gemma-phase2-gemma-2-9b-it,gemma-2-9b-it,last_token,34,attack_vs_direct_harmful,pair,direct_harmful,0.9161657094955444,0.08383429050445557,541.8643798828125,584.7825927734375,-42.918212890625
jbshield-gemma-phase2-gemma-2-9b-it,gemma-2-9b-it,last_token,34,attack_vs_harmless,pair,none,0.8549688458442688,0.1450311541557312,541.8643798828125,447.7743225097656,94.09005737304688
jbshield-gemma-phase2-gemma-2-9b-it,gemma-2-9b-it,last_token,34,attack_vs_direct_harmful,puzzler,direct_harmful,0.5524442195892334,0.4475557804107666,514.6458740234375,584.7825927734375,-70.13671875
jbshield-gemma-phase2-gemma-2-9b-it,gemma-2-9b-it,last_token,34,attack_vs_harmless,puzzler,none,0.7814319729804993,0.21856802701950073,514.6458740234375,447.7743225097656,66.87155151367188
jbshield-gemma-phase2-gemma-2-9b-it,gemma-2-9b-it,last_token,34,attack_vs_direct_harmful,saa,direct_harmful,0.604585587978363,0.39541441202163696,546.7232055664062,584.7825927734375,-38.05938720703125
jbshield-gemma-phase2-gemma-2-9b-it,gemma-2-9b-it,last_token,34,attack_vs_harmless,saa,none,0.7935357093811035,0.20646429061889648,546.7232055664062,447.7743225097656,98.94888305664062
jbshield-gemma-phase2-gemma-2-9b-it,gemma-2-9b-it,last_token,34,attack_vs_direct_harmful,zulu,direct_harmful,0.6011256575584412,0.39887434244155884,445.6571960449219,584.7825927734375,-139.12539672851562
jbshield-gemma-phase2-gemma-2-9b-it,gemma-2-9b-it,last_token,34,attack_vs_harmless,zulu,none,0.678598165512085,0.32140183448791504,445.6571960449219,447.7743225097656,-2.11712646484375
jbshield-gemma-phase2-gemma-2-9b-it,gemma-2-9b-it,last_token,35,label_1_vs_label_0,label_1,label_0,0.8982136249542236,0.10178637504577637,503.7615051269531,486.1901550292969,17.57135009765625
jbshield-gemma-phase2-gemma-2-9b-it,gemma-2-9b-it,last_token,35,direct_harmful_vs_harmless,direct_harmful,none,0.7107750177383423,0.2892249822616577,638.3186645507812,487.0873718261719,151.23129272460938
jbshield-gemma-phase2-gemma-2-9b-it,gemma-2-9b-it,last_token,35,attack_vs_direct_harmful,autodan,direct_harmful,0.9411035180091858,0.05889648199081421,638.5452880859375,638.3186645507812,0.22662353515625
jbshield-gemma-phase2-gemma-2-9b-it,gemma-2-9b-it,last_token,35,attack_vs_harmless,autodan,none,0.7843436598777771,0.2156563401222229,638.5452880859375,487.0873718261719,151.45791625976562
jbshield-gemma-phase2-gemma-2-9b-it,gemma-2-9b-it,last_token,35,attack_vs_direct_harmful,base64,direct_harmful,0.5215997099876404,0.4784002900123596,552.6731567382812,638.3186645507812,-85.6455078125
jbshield-gemma-phase2-gemma-2-9b-it,gemma-2-9b-it,last_token,35,attack_vs_harmless,base64,none,0.6896292567253113,0.3103707432746887,552.6731567382812,487.0873718261719,65.58578491210938
jbshield-gemma-phase2-gemma-2-9b-it,gemma-2-9b-it,last_token,35,attack_vs_direct_harmful,drattack,direct_harmful,0.8170525431632996,0.18294745683670044,614.5411987304688,638.3186645507812,-23.7774658203125
jbshield-gemma-phase2-gemma-2-9b-it,gemma-2-9b-it,last_token,35,attack_vs_harmless,drattack,none,0.8033517599105835,0.1966482400894165,614.5411987304688,487.0873718261719,127.45382690429688
jbshield-gemma-phase2-gemma-2-9b-it,gemma-2-9b-it,last_token,35,attack_vs_direct_harmful,gcg,direct_harmful,0.9598008394241333,0.0401991605758667,596.4049682617188,638.3186645507812,-41.9136962890625
jbshield-gemma-phase2-gemma-2-9b-it,gemma-2-9b-it,last_token,35,attack_vs_harmless,gcg,none,0.781171977519989,0.218828022480011,596.4049682617188,487.0873718261719,109.31759643554688
jbshield-gemma-phase2-gemma-2-9b-it,gemma-2-9b-it,last_token,35,attack_vs_direct_harmful,ijp,direct_harmful,0.7195726037025452,0.28042739629745483,508.8601379394531,638.3186645507812,-129.45852661132812
jbshield-gemma-phase2-gemma-2-9b-it,gemma-2-9b-it,last_token,35,attack_vs_harmless,ijp,none,0.8836296796798706,0.1163703203201294,508.8601379394531,487.0873718261719,21.77276611328125
jbshield-gemma-phase2-gemma-2-9b-it,gemma-2-9b-it,last_token,35,attack_vs_direct_harmful,pair,direct_harmful,0.9208475351333618,0.07915246486663818,591.50830078125,638.3186645507812,-46.81036376953125
jbshield-gemma-phase2-gemma-2-9b-it,gemma-2-9b-it,last_token,35,attack_vs_harmless,pair,none,0.8589017987251282,0.14109820127487183,591.50830078125,487.0873718261719,104.42092895507812
jbshield-gemma-phase2-gemma-2-9b-it,gemma-2-9b-it,last_token,35,attack_vs_direct_harmful,puzzler,direct_harmful,0.5760250091552734,0.42397499084472656,559.4164428710938,638.3186645507812,-78.9022216796875
jbshield-gemma-phase2-gemma-2-9b-it,gemma-2-9b-it,last_token,35,attack_vs_harmless,puzzler,none,0.8076952695846558,0.19230473041534424,559.4164428710938,487.0873718261719,72.32907104492188
jbshield-gemma-phase2-gemma-2-9b-it,gemma-2-9b-it,last_token,35,attack_vs_direct_harmful,saa,direct_harmful,0.6143260598182678,0.3856739401817322,597.9015502929688,638.3186645507812,-40.4171142578125
jbshield-gemma-phase2-gemma-2-9b-it,gemma-2-9b-it,last_token,35,attack_vs_harmless,saa,none,0.8091788291931152,0.19082117080688477,597.9015502929688,487.0873718261719,110.81417846679688
jbshield-gemma-phase2-gemma-2-9b-it,gemma-2-9b-it,last_token,35,attack_vs_direct_harmful,zulu,direct_harmful,0.5665166974067688,0.4334833025932312,500.1766662597656,638.3186645507812,-138.14199829101562
jbshield-gemma-phase2-gemma-2-9b-it,gemma-2-9b-it,last_token,35,attack_vs_harmless,zulu,none,0.6274222731590271,0.3725777268409729,500.1766662597656,487.0873718261719,13.08929443359375
jbshield-gemma-phase2-gemma-2-9b-it,gemma-2-9b-it,last_token,36,label_1_vs_label_0,label_1,label_0,0.8988494277000427,0.10115057229995728,535.9706420898438,511.9110412597656,24.059600830078125
jbshield-gemma-phase2-gemma-2-9b-it,gemma-2-9b-it,last_token,36,direct_harmful_vs_harmless,direct_harmful,none,0.728154718875885,0.271845281124115,690.0244140625,511.9822692871094,178.04214477539062
jbshield-gemma-phase2-gemma-2-9b-it,gemma-2-9b-it,last_token,36,attack_vs_direct_harmful,autodan,direct_harmful,0.947129487991333,0.05287051200866699,684.3463134765625,690.0244140625,-5.6781005859375
jbshield-gemma-phase2-gemma-2-9b-it,gemma-2-9b-it,last_token,36,attack_vs_harmless,autodan,none,0.7911032438278198,0.20889675617218018,684.3463134765625,511.9822692871094,172.36404418945312
jbshield-gemma-phase2-gemma-2-9b-it,gemma-2-9b-it,last_token,36,attack_vs_direct_harmful,base64,direct_harmful,0.5282763242721558,0.47172367572784424,595.1578369140625,690.0244140625,-94.8665771484375
jbshield-gemma-phase2-gemma-2-9b-it,gemma-2-9b-it,last_token,36,attack_vs_harmless,base64,none,0.6846285462379456,0.31537145376205444,595.1578369140625,511.9822692871094,83.17556762695312
jbshield-gemma-phase2-gemma-2-9b-it,gemma-2-9b-it,last_token,36,attack_vs_direct_harmful,drattack,direct_harmful,0.8221654295921326,0.17783457040786743,656.1868286132812,690.0244140625,-33.83758544921875
jbshield-gemma-phase2-gemma-2-9b-it,gemma-2-9b-it,last_token,36,attack_vs_harmless,drattack,none,0.8018409609794617,0.19815903902053833,656.1868286132812,511.9822692871094,144.20455932617188
jbshield-gemma-phase2-gemma-2-9b-it,gemma-2-9b-it,last_token,36,attack_vs_direct_harmful,gcg,direct_harmful,0.9638989567756653,0.03610104322433472,637.1260375976562,690.0244140625,-52.89837646484375
jbshield-gemma-phase2-gemma-2-9b-it,gemma-2-9b-it,last_token,36,attack_vs_harmless,gcg,none,0.7883283495903015,0.2116716504096985,637.1260375976562,511.9822692871094,125.14376831054688
jbshield-gemma-phase2-gemma-2-9b-it,gemma-2-9b-it,last_token,36,attack_vs_direct_harmful,ijp,direct_harmful,0.7389026284217834,0.26109737157821655,538.1102294921875,690.0244140625,-151.9141845703125
jbshield-gemma-phase2-gemma-2-9b-it,gemma-2-9b-it,last_token,36,attack_vs_harmless,ijp,none,0.8871723413467407,0.11282765865325928,538.1102294921875,511.9822692871094,26.127960205078125
jbshield-gemma-phase2-gemma-2-9b-it,gemma-2-9b-it,last_token,36,attack_vs_direct_harmful,pair,direct_harmful,0.9288032650947571,0.07119673490524292,633.7183227539062,690.0244140625,-56.30609130859375
jbshield-gemma-phase2-gemma-2-9b-it,gemma-2-9b-it,last_token,36,attack_vs_harmless,pair,none,0.8625577092170715,0.13744229078292847,633.7183227539062,511.9822692871094,121.73605346679688
jbshield-gemma-phase2-gemma-2-9b-it,gemma-2-9b-it,last_token,36,attack_vs_direct_harmful,puzzler,direct_harmful,0.6135533452033997,0.38644665479660034,612.0030517578125,690.0244140625,-78.0213623046875
jbshield-gemma-phase2-gemma-2-9b-it,gemma-2-9b-it,last_token,36,attack_vs_harmless,puzzler,none,0.8294474482536316,0.1705525517463684,612.0030517578125,511.9822692871094,100.02078247070312
jbshield-gemma-phase2-gemma-2-9b-it,gemma-2-9b-it,last_token,36,attack_vs_direct_harmful,saa,direct_harmful,0.6254267692565918,0.3745732307434082,639.5164184570312,690.0244140625,-50.50799560546875
jbshield-gemma-phase2-gemma-2-9b-it,gemma-2-9b-it,last_token,36,attack_vs_harmless,saa,none,0.8073127269744873,0.1926872730255127,639.5164184570312,511.9822692871094,127.53414916992188
jbshield-gemma-phase2-gemma-2-9b-it,gemma-2-9b-it,last_token,36,attack_vs_direct_harmful,zulu,direct_harmful,0.5606623888015747,0.4393376111984253,528.8548583984375,690.0244140625,-161.1695556640625
jbshield-gemma-phase2-gemma-2-9b-it,gemma-2-9b-it,last_token,36,attack_vs_harmless,zulu,none,0.5867295861244202,0.41327041387557983,528.8548583984375,511.9822692871094,16.872589111328125
jbshield-gemma-phase2-gemma-2-9b-it,gemma-2-9b-it,last_token,37,label_1_vs_label_0,label_1,label_0,0.8998686671257019,0.1001313328742981,563.0572509765625,542.3453979492188,20.71185302734375
jbshield-gemma-phase2-gemma-2-9b-it,gemma-2-9b-it,last_token,37,direct_harmful_vs_harmless,direct_harmful,none,0.7439093589782715,0.2560906410217285,737.6172485351562,541.8508911132812,195.766357421875
jbshield-gemma-phase2-gemma-2-9b-it,gemma-2-9b-it,last_token,37,attack_vs_direct_harmful,autodan,direct_harmful,0.9492953419685364,0.05070465803146362,727.412353515625,737.6172485351562,-10.20489501953125
jbshield-gemma-phase2-gemma-2-9b-it,gemma-2-9b-it,last_token,37,attack_vs_harmless,autodan,none,0.7979573607444763,0.20204263925552368,727.412353515625,541.8508911132812,185.56146240234375
jbshield-gemma-phase2-gemma-2-9b-it,gemma-2-9b-it,last_token,37,attack_vs_direct_harmful,base64,direct_harmful,0.51898193359375,0.48101806640625,628.5606079101562,737.6172485351562,-109.056640625
jbshield-gemma-phase2-gemma-2-9b-it,gemma-2-9b-it,last_token,37,attack_vs_harmless,base64,none,0.667275607585907,0.332724392414093,628.5606079101562,541.8508911132812,86.709716796875
jbshield-gemma-phase2-gemma-2-9b-it,gemma-2-9b-it,last_token,37,attack_vs_direct_harmful,drattack,direct_harmful,0.8187590837478638,0.18124091625213623,699.5858764648438,737.6172485351562,-38.0313720703125
jbshield-gemma-phase2-gemma-2-9b-it,gemma-2-9b-it,last_token,37,attack_vs_harmless,drattack,none,0.7968382239341736,0.20316177606582642,699.5858764648438,541.8508911132812,157.7349853515625
jbshield-gemma-phase2-gemma-2-9b-it,gemma-2-9b-it,last_token,37,attack_vs_direct_harmful,gcg,direct_harmful,0.9643688797950745,0.03563112020492554,669.7748413085938,737.6172485351562,-67.8424072265625
jbshield-gemma-phase2-gemma-2-9b-it,gemma-2-9b-it,last_token,37,attack_vs_harmless,gcg,none,0.7943841218948364,0.20561587810516357,669.7748413085938,541.8508911132812,127.9239501953125
jbshield-gemma-phase2-gemma-2-9b-it,gemma-2-9b-it,last_token,37,attack_vs_direct_harmful,ijp,direct_harmful,0.7490551471710205,0.2509448528289795,561.301025390625,737.6172485351562,-176.31622314453125
jbshield-gemma-phase2-gemma-2-9b-it,gemma-2-9b-it,last_token,37,attack_vs_harmless,ijp,none,0.8847301602363586,0.11526983976364136,561.301025390625,541.8508911132812,19.45013427734375
jbshield-gemma-phase2-gemma-2-9b-it,gemma-2-9b-it,last_token,37,attack_vs_direct_harmful,pair,direct_harmful,0.9324072003364563,0.0675927996635437,682.2197265625,737.6172485351562,-55.39752197265625
jbshield-gemma-phase2-gemma-2-9b-it,gemma-2-9b-it,last_token,37,attack_vs_harmless,pair,none,0.8690171241760254,0.1309828758239746,682.2197265625,541.8508911132812,140.36883544921875
jbshield-gemma-phase2-gemma-2-9b-it,gemma-2-9b-it,last_token,37,attack_vs_direct_harmful,puzzler,direct_harmful,0.6072037220001221,0.39279627799987793,665.6165771484375,737.6172485351562,-72.00067138671875
jbshield-gemma-phase2-gemma-2-9b-it,gemma-2-9b-it,last_token,37,attack_vs_harmless,puzzler,none,0.8092679977416992,0.19073200225830078,665.6165771484375,541.8508911132812,123.76568603515625
jbshield-gemma-phase2-gemma-2-9b-it,gemma-2-9b-it,last_token,37,attack_vs_direct_harmful,saa,direct_harmful,0.6380316019058228,0.36196839809417725,688.1287841796875,737.6172485351562,-49.48846435546875
jbshield-gemma-phase2-gemma-2-9b-it,gemma-2-9b-it,last_token,37,attack_vs_harmless,saa,none,0.8084932565689087,0.1915067434310913,688.1287841796875,541.8508911132812,146.27789306640625
jbshield-gemma-phase2-gemma-2-9b-it,gemma-2-9b-it,last_token,37,attack_vs_direct_harmful,zulu,direct_harmful,0.5268778204917908,0.47312217950820923,546.9732055664062,737.6172485351562,-190.64404296875
jbshield-gemma-phase2-gemma-2-9b-it,gemma-2-9b-it,last_token,37,attack_vs_harmless,zulu,none,0.5362986326217651,0.46370136737823486,546.9732055664062,541.8508911132812,5.122314453125
jbshield-gemma-phase2-gemma-2-9b-it,gemma-2-9b-it,last_token,38,label_1_vs_label_0,label_1,label_0,0.8971594572067261,0.10284054279327393,581.1756591796875,574.5946655273438,6.58099365234375
jbshield-gemma-phase2-gemma-2-9b-it,gemma-2-9b-it,last_token,38,direct_harmful_vs_harmless,direct_harmful,none,0.7593662738800049,0.24063372611999512,774.02099609375,573.8641357421875,200.1568603515625
jbshield-gemma-phase2-gemma-2-9b-it,gemma-2-9b-it,last_token,38,attack_vs_direct_harmful,autodan,direct_harmful,0.9506879448890686,0.049312055110931396,754.6409912109375,774.02099609375,-19.3800048828125
jbshield-gemma-phase2-gemma-2-9b-it,gemma-2-9b-it,last_token,38,attack_vs_harmless,autodan,none,0.8014852404594421,0.19851475954055786,754.6409912109375,573.8641357421875,180.77685546875
jbshield-gemma-phase2-gemma-2-9b-it,gemma-2-9b-it,last_token,38,attack_vs_direct_harmful,base64,direct_harmful,0.5307523012161255,0.4692476987838745,681.30810546875,774.02099609375,-92.712890625
jbshield-gemma-phase2-gemma-2-9b-it,gemma-2-9b-it,last_token,38,attack_vs_harmless,base64,none,0.6636483669281006,0.3363516330718994,681.30810546875,573.8641357421875,107.4439697265625
jbshield-gemma-phase2-gemma-2-9b-it,gemma-2-9b-it,last_token,38,attack_vs_direct_harmful,drattack,direct_harmful,0.8127173185348511,0.18728268146514893,724.69970703125,774.02099609375,-49.3212890625
jbshield-gemma-phase2-gemma-2-9b-it,gemma-2-9b-it,last_token,38,attack_vs_harmless,drattack,none,0.7849273681640625,0.2150726318359375,724.69970703125,573.8641357421875,150.8355712890625
jbshield-gemma-phase2-gemma-2-9b-it,gemma-2-9b-it,last_token,38,attack_vs_direct_harmful,gcg,direct_harmful,0.9640042781829834,0.0359957218170166,689.4949951171875,774.02099609375,-84.5260009765625
jbshield-gemma-phase2-gemma-2-9b-it,gemma-2-9b-it,last_token,38,attack_vs_harmless,gcg,none,0.7967328429222107,0.2032671570777893,689.4949951171875,573.8641357421875,115.630859375
jbshield-gemma-phase2-gemma-2-9b-it,gemma-2-9b-it,last_token,38,attack_vs_direct_harmful,ijp,direct_harmful,0.7578516602516174,0.24214833974838257,567.1181030273438,774.02099609375,-206.90289306640625
jbshield-gemma-phase2-gemma-2-9b-it,gemma-2-9b-it,last_token,38,attack_vs_harmless,ijp,none,0.8791536092758179,0.12084639072418213,567.1181030273438,573.8641357421875,-6.74603271484375
jbshield-gemma-phase2-gemma-2-9b-it,gemma-2-9b-it,last_token,38,attack_vs_direct_harmful,pair,direct_harmful,0.9360328912734985,0.06396710872650146,706.2093505859375,774.02099609375,-67.8116455078125
jbshield-gemma-phase2-gemma-2-9b-it,gemma-2-9b-it,last_token,38,attack_vs_harmless,pair,none,0.8730494379997253,0.12695056200027466,706.2093505859375,573.8641357421875,132.34521484375
jbshield-gemma-phase2-gemma-2-9b-it,gemma-2-9b-it,last_token,38,attack_vs_direct_harmful,puzzler,direct_harmful,0.6239789724349976,0.37602102756500244,683.9620361328125,774.02099609375,-90.0589599609375
jbshield-gemma-phase2-gemma-2-9b-it,gemma-2-9b-it,last_token,38,attack_vs_harmless,puzzler,none,0.8058352470397949,0.19416475296020508,683.9620361328125,573.8641357421875,110.097900390625
jbshield-gemma-phase2-gemma-2-9b-it,gemma-2-9b-it,last_token,38,attack_vs_direct_harmful,saa,direct_harmful,0.635719895362854,0.364280104637146,707.308837890625,774.02099609375,-66.712158203125
jbshield-gemma-phase2-gemma-2-9b-it,gemma-2-9b-it,last_token,38,attack_vs_harmless,saa,none,0.7874820828437805,0.21251791715621948,707.308837890625,573.8641357421875,133.4447021484375
jbshield-gemma-phase2-gemma-2-9b-it,gemma-2-9b-it,last_token,38,attack_vs_direct_harmful,zulu,direct_harmful,0.4942333996295929,0.5057666003704071,601.5264282226562,774.02099609375,-172.49456787109375
jbshield-gemma-phase2-gemma-2-9b-it,gemma-2-9b-it,last_token,38,attack_vs_harmless,zulu,none,0.49576467275619507,0.5042353272438049,601.5264282226562,573.8641357421875,27.66229248046875
jbshield-gemma-phase2-gemma-2-9b-it,gemma-2-9b-it,last_token,39,label_1_vs_label_0,label_1,label_0,0.9026092290878296,0.09739077091217041,655.1607055664062,641.759521484375,13.40118408203125
jbshield-gemma-phase2-gemma-2-9b-it,gemma-2-9b-it,last_token,39,direct_harmful_vs_harmless,direct_harmful,none,0.7803043723106384,0.21969562768936157,869.2288208007812,640.194091796875,229.03472900390625
jbshield-gemma-phase2-gemma-2-9b-it,gemma-2-9b-it,last_token,39,attack_vs_direct_harmful,autodan,direct_harmful,0.9555312991142273,0.044468700885772705,858.6730346679688,869.2288208007812,-10.5557861328125
jbshield-gemma-phase2-gemma-2-9b-it,gemma-2-9b-it,last_token,39,attack_vs_harmless,autodan,none,0.8188729286193848,0.18112707138061523,858.6730346679688,640.194091796875,218.47894287109375
jbshield-gemma-phase2-gemma-2-9b-it,gemma-2-9b-it,last_token,39,attack_vs_direct_harmful,base64,direct_harmful,0.5570061802864075,0.44299381971359253,766.2518920898438,869.2288208007812,-102.9769287109375
jbshield-gemma-phase2-gemma-2-9b-it,gemma-2-9b-it,last_token,39,attack_vs_harmless,base64,none,0.675398051738739,0.324601948261261,766.2518920898438,640.194091796875,126.05780029296875
jbshield-gemma-phase2-gemma-2-9b-it,gemma-2-9b-it,last_token,39,attack_vs_direct_harmful,drattack,direct_harmful,0.831926703453064,0.16807329654693604,806.924072265625,869.2288208007812,-62.30474853515625
jbshield-gemma-phase2-gemma-2-9b-it,gemma-2-9b-it,last_token,39,attack_vs_harmless,drattack,none,0.8000689148902893,0.1999310851097107,806.924072265625,640.194091796875,166.72998046875
jbshield-gemma-phase2-gemma-2-9b-it,gemma-2-9b-it,last_token,39,attack_vs_direct_harmful,gcg,direct_harmful,0.9663516283035278,0.03364837169647217,776.7720336914062,869.2288208007812,-92.456787109375
jbshield-gemma-phase2-gemma-2-9b-it,gemma-2-9b-it,last_token,39,attack_vs_harmless,gcg,none,0.8147304654121399,0.1852695345878601,776.7720336914062,640.194091796875,136.57794189453125
jbshield-gemma-phase2-gemma-2-9b-it,gemma-2-9b-it,last_token,39,attack_vs_direct_harmful,ijp,direct_harmful,0.7797329425811768,0.22026705741882324,642.1546630859375,869.2288208007812,-227.07415771484375
jbshield-gemma-phase2-gemma-2-9b-it,gemma-2-9b-it,last_token,39,attack_vs_harmless,ijp,none,0.8810746073722839,0.11892539262771606,642.1546630859375,640.194091796875,1.9605712890625
jbshield-gemma-phase2-gemma-2-9b-it,gemma-2-9b-it,last_token,39,attack_vs_direct_harmful,pair,direct_harmful,0.9444379210472107,0.05556207895278931,791.8487548828125,869.2288208007812,-77.38006591796875
jbshield-gemma-phase2-gemma-2-9b-it,gemma-2-9b-it,last_token,39,attack_vs_harmless,pair,none,0.8769091963768005,0.12309080362319946,791.8487548828125,640.194091796875,151.6546630859375
jbshield-gemma-phase2-gemma-2-9b-it,gemma-2-9b-it,last_token,39,attack_vs_direct_harmful,puzzler,direct_harmful,0.6554238200187683,0.3445761799812317,793.4136962890625,869.2288208007812,-75.81512451171875
jbshield-gemma-phase2-gemma-2-9b-it,gemma-2-9b-it,last_token,39,attack_vs_harmless,puzzler,none,0.8190941214561462,0.18090587854385376,793.4136962890625,640.194091796875,153.2196044921875
jbshield-gemma-phase2-gemma-2-9b-it,gemma-2-9b-it,last_token,39,attack_vs_direct_harmful,saa,direct_harmful,0.6335810422897339,0.3664189577102661,793.8622436523438,869.2288208007812,-75.3665771484375
jbshield-gemma-phase2-gemma-2-9b-it,gemma-2-9b-it,last_token,39,attack_vs_harmless,saa,none,0.7628642916679382,0.23713570833206177,793.8622436523438,640.194091796875,153.66815185546875
jbshield-gemma-phase2-gemma-2-9b-it,gemma-2-9b-it,last_token,39,attack_vs_direct_harmful,zulu,direct_harmful,0.4924415946006775,0.5075584053993225,661.3700561523438,869.2288208007812,-207.8587646484375
jbshield-gemma-phase2-gemma-2-9b-it,gemma-2-9b-it,last_token,39,attack_vs_harmless,zulu,none,0.5121148824691772,0.48788511753082275,661.3700561523438,640.194091796875,21.17596435546875
jbshield-gemma-phase2-gemma-2-9b-it,gemma-2-9b-it,last_token,40,label_1_vs_label_0,label_1,label_0,0.9124193787574768,0.0875806212425232,721.585205078125,717.4661865234375,4.1190185546875
jbshield-gemma-phase2-gemma-2-9b-it,gemma-2-9b-it,last_token,40,direct_harmful_vs_harmless,direct_harmful,none,0.8192489147186279,0.18075108528137207,957.24755859375,714.8572998046875,242.3902587890625
jbshield-gemma-phase2-gemma-2-9b-it,gemma-2-9b-it,last_token,40,attack_vs_direct_harmful,autodan,direct_harmful,0.9586305618286133,0.04136943817138672,938.3160400390625,957.24755859375,-18.9315185546875
jbshield-gemma-phase2-gemma-2-9b-it,gemma-2-9b-it,last_token,40,attack_vs_harmless,autodan,none,0.846726655960083,0.153273344039917,938.3160400390625,714.8572998046875,223.458740234375
jbshield-gemma-phase2-gemma-2-9b-it,gemma-2-9b-it,last_token,40,attack_vs_direct_harmful,base64,direct_harmful,0.5587216019630432,0.4412783980369568,837.3834228515625,957.24755859375,-119.8641357421875
jbshield-gemma-phase2-gemma-2-9b-it,gemma-2-9b-it,last_token,40,attack_vs_harmless,base64,none,0.650858461856842,0.34914153814315796,837.3834228515625,714.8572998046875,122.526123046875
jbshield-gemma-phase2-gemma-2-9b-it,gemma-2-9b-it,last_token,40,attack_vs_direct_harmful,drattack,direct_harmful,0.8405918478965759,0.15940815210342407,887.3109741210938,957.24755859375,-69.93658447265625
jbshield-gemma-phase2-gemma-2-9b-it,gemma-2-9b-it,last_token,40,attack_vs_harmless,drattack,none,0.8116713762283325,0.18832862377166748,887.3109741210938,714.8572998046875,172.45367431640625
jbshield-gemma-phase2-gemma-2-9b-it,gemma-2-9b-it,last_token,40,attack_vs_direct_harmful,gcg,direct_harmful,0.9671536087989807,0.03284639120101929,846.9572143554688,957.24755859375,-110.29034423828125
jbshield-gemma-phase2-gemma-2-9b-it,gemma-2-9b-it,last_token,40,attack_vs_harmless,gcg,none,0.8455188274383545,0.1544811725616455,846.9572143554688,714.8572998046875,132.09991455078125
jbshield-gemma-phase2-gemma-2-9b-it,gemma-2-9b-it,last_token,40,attack_vs_direct_harmful,ijp,direct_harmful,0.8077537417411804,0.19224625825881958,705.3857421875,957.24755859375,-251.86181640625
jbshield-gemma-phase2-gemma-2-9b-it,gemma-2-9b-it,last_token,40,attack_vs_harmless,ijp,none,0.8916065692901611,0.10839343070983887,705.3857421875,714.8572998046875,-9.4715576171875
jbshield-gemma-phase2-gemma-2-9b-it,gemma-2-9b-it,last_token,40,attack_vs_direct_harmful,pair,direct_harmful,0.9527977705001831,0.047202229499816895,872.7047729492188,957.24755859375,-84.54278564453125
jbshield-gemma-phase2-gemma-2-9b-it,gemma-2-9b-it,last_token,40,attack_vs_harmless,pair,none,0.8960907459259033,0.10390925407409668,872.7047729492188,714.8572998046875,157.84747314453125
jbshield-gemma-phase2-gemma-2-9b-it,gemma-2-9b-it,last_token,40,attack_vs_direct_harmful,puzzler,direct_harmful,0.6903673410415649,0.30963265895843506,860.33203125,957.24755859375,-96.91552734375
jbshield-gemma-phase2-gemma-2-9b-it,gemma-2-9b-it,last_token,40,attack_vs_harmless,puzzler,none,0.8266153931617737,0.17338460683822632,860.33203125,714.8572998046875,145.4747314453125
jbshield-gemma-phase2-gemma-2-9b-it,gemma-2-9b-it,last_token,40,attack_vs_direct_harmful,saa,direct_harmful,0.687623143196106,0.31237685680389404,855.8404541015625,957.24755859375,-101.4071044921875
jbshield-gemma-phase2-gemma-2-9b-it,gemma-2-9b-it,last_token,40,attack_vs_harmless,saa,none,0.786295473575592,0.21370452642440796,855.8404541015625,714.8572998046875,140.983154296875
jbshield-gemma-phase2-gemma-2-9b-it,gemma-2-9b-it,last_token,40,attack_vs_direct_harmful,zulu,direct_harmful,0.5020129680633545,0.4979870319366455,742.5897827148438,957.24755859375,-214.65777587890625
jbshield-gemma-phase2-gemma-2-9b-it,gemma-2-9b-it,last_token,40,attack_vs_harmless,zulu,none,0.5216658115386963,0.4783341884613037,742.5897827148438,714.8572998046875,27.73248291015625
jbshield-gemma-phase2-gemma-2-9b-it,gemma-2-9b-it,last_token,41,label_1_vs_label_0,label_1,label_0,0.9442979097366333,0.0557020902633667,958.1673583984375,950.1574096679688,8.00994873046875
jbshield-gemma-phase2-gemma-2-9b-it,gemma-2-9b-it,last_token,41,direct_harmful_vs_harmless,direct_harmful,none,0.8937086462974548,0.10629135370254517,1287.473876953125,942.8706665039062,344.60321044921875
jbshield-gemma-phase2-gemma-2-9b-it,gemma-2-9b-it,last_token,41,attack_vs_direct_harmful,autodan,direct_harmful,0.9752973914146423,0.024702608585357666,1265.1685791015625,1287.473876953125,-22.3052978515625
jbshield-gemma-phase2-gemma-2-9b-it,gemma-2-9b-it,last_token,41,attack_vs_harmless,autodan,none,0.9091278314590454,0.09087216854095459,1265.1685791015625,942.8706665039062,322.29791259765625
jbshield-gemma-phase2-gemma-2-9b-it,gemma-2-9b-it,last_token,41,attack_vs_direct_harmful,base64,direct_harmful,0.6238930225372314,0.37610697746276855,936.8670043945312,1287.473876953125,-350.60687255859375
jbshield-gemma-phase2-gemma-2-9b-it,gemma-2-9b-it,last_token,41,attack_vs_harmless,base64,none,0.6783255934715271,0.3216744065284729,936.8670043945312,942.8706665039062,-6.003662109375
jbshield-gemma-phase2-gemma-2-9b-it,gemma-2-9b-it,last_token,41,attack_vs_direct_harmful,drattack,direct_harmful,0.8807724714279175,0.11922752857208252,1069.6138916015625,1287.473876953125,-217.8599853515625
jbshield-gemma-phase2-gemma-2-9b-it,gemma-2-9b-it,last_token,41,attack_vs_harmless,drattack,none,0.8500207662582397,0.14997923374176025,1069.6138916015625,942.8706665039062,126.74322509765625
jbshield-gemma-phase2-gemma-2-9b-it,gemma-2-9b-it,last_token,41,attack_vs_direct_harmful,gcg,direct_harmful,0.9778667688369751,0.022133231163024902,1144.124267578125,1287.473876953125,-143.349609375
jbshield-gemma-phase2-gemma-2-9b-it,gemma-2-9b-it,last_token,41,attack_vs_harmless,gcg,none,0.9065455198287964,0.09345448017120361,1144.124267578125,942.8706665039062,201.25360107421875
jbshield-gemma-phase2-gemma-2-9b-it,gemma-2-9b-it,last_token,41,attack_vs_direct_harmful,ijp,direct_harmful,0.8816351890563965,0.11836481094360352,858.9016723632812,1287.473876953125,-428.57220458984375
jbshield-gemma-phase2-gemma-2-9b-it,gemma-2-9b-it,last_token,41,attack_vs_harmless,ijp,none,0.9224523305892944,0.07754766941070557,858.9016723632812,942.8706665039062,-83.968994140625
jbshield-gemma-phase2-gemma-2-9b-it,gemma-2-9b-it,last_token,41,attack_vs_direct_harmful,pair,direct_harmful,0.9730067253112793,0.026993274688720703,1125.09326171875,1287.473876953125,-162.380615234375
jbshield-gemma-phase2-gemma-2-9b-it,gemma-2-9b-it,last_token,41,attack_vs_harmless,pair,none,0.9333518743515015,0.06664812564849854,1125.09326171875,942.8706665039062,182.22259521484375
jbshield-gemma-phase2-gemma-2-9b-it,gemma-2-9b-it,last_token,41,attack_vs_direct_harmful,puzzler,direct_harmful,0.8062922954559326,0.19370770454406738,1128.752197265625,1287.473876953125,-158.7216796875
jbshield-gemma-phase2-gemma-2-9b-it,gemma-2-9b-it,last_token,41,attack_vs_harmless,puzzler,none,0.8803941011428833,0.1196058988571167,1128.752197265625,942.8706665039062,185.88153076171875
jbshield-gemma-phase2-gemma-2-9b-it,gemma-2-9b-it,last_token,41,attack_vs_direct_harmful,saa,direct_harmful,0.8098321557044983,0.1901678442955017,1098.931640625,1287.473876953125,-188.542236328125
jbshield-gemma-phase2-gemma-2-9b-it,gemma-2-9b-it,last_token,41,attack_vs_harmless,saa,none,0.8593013882637024,0.1406986117362976,1098.931640625,942.8706665039062,156.06097412109375
jbshield-gemma-phase2-gemma-2-9b-it,gemma-2-9b-it,last_token,41,attack_vs_direct_harmful,zulu,direct_harmful,0.6629525423049927,0.3370474576950073,985.1409912109375,1287.473876953125,-302.3328857421875
jbshield-gemma-phase2-gemma-2-9b-it,gemma-2-9b-it,last_token,41,attack_vs_harmless,zulu,none,0.6912489533424377,0.30875104665756226,985.1409912109375,942.8706665039062,42.27032470703125
jbshield-gemma-phase2-gemma-2-9b-it,gemma-2-9b-it,last_token,42,label_1_vs_label_0,label_1,label_0,0.9737125039100647,0.026287496089935303,1454.414306640625,1447.0989990234375,7.3153076171875
jbshield-gemma-phase2-gemma-2-9b-it,gemma-2-9b-it,last_token,42,direct_harmful_vs_harmless,direct_harmful,none,0.9487555027008057,0.051244497299194336,1860.1541748046875,1435.7415771484375,424.41259765625
jbshield-gemma-phase2-gemma-2-9b-it,gemma-2-9b-it,last_token,42,attack_vs_direct_harmful,autodan,direct_harmful,0.9874124526977539,0.012587547302246094,1884.984130859375,1860.1541748046875,24.8299560546875
jbshield-gemma-phase2-gemma-2-9b-it,gemma-2-9b-it,last_token,42,attack_vs_harmless,autodan,none,0.9577154517173767,0.04228454828262329,1884.984130859375,1435.7415771484375,449.2425537109375
jbshield-gemma-phase2-gemma-2-9b-it,gemma-2-9b-it,last_token,42,attack_vs_direct_harmful,base64,direct_harmful,0.7464880347251892,0.2535119652748108,1168.107421875,1860.1541748046875,-692.0467529296875
jbshield-gemma-phase2-gemma-2-9b-it,gemma-2-9b-it,last_token,42,attack_vs_harmless,base64,none,0.7787477374076843,0.22125226259231567,1168.107421875,1435.7415771484375,-267.6341552734375
jbshield-gemma-phase2-gemma-2-9b-it,gemma-2-9b-it,last_token,42,attack_vs_direct_harmful,drattack,direct_harmful,0.9349894523620605,0.06501054763793945,1508.267822265625,1860.1541748046875,-351.8863525390625
jbshield-gemma-phase2-gemma-2-9b-it,gemma-2-9b-it,last_token,42,attack_vs_harmless,drattack,none,0.9183429479598999,0.0816570520401001,1508.267822265625,1435.7415771484375,72.5262451171875
jbshield-gemma-phase2-gemma-2-9b-it,gemma-2-9b-it,last_token,42,attack_vs_direct_harmful,gcg,direct_harmful,0.9877991676330566,0.01220083236694336,1699.70654296875,1860.1541748046875,-160.4476318359375
jbshield-gemma-phase2-gemma-2-9b-it,gemma-2-9b-it,last_token,42,attack_vs_harmless,gcg,none,0.9556183815002441,0.04438161849975586,1699.70654296875,1435.7415771484375,263.9649658203125
jbshield-gemma-phase2-gemma-2-9b-it,gemma-2-9b-it,last_token,42,attack_vs_direct_harmful,ijp,direct_harmful,0.9403925538063049,0.05960744619369507,1258.296875,1860.1541748046875,-601.8572998046875
jbshield-gemma-phase2-gemma-2-9b-it,gemma-2-9b-it,last_token,42,attack_vs_harmless,ijp,none,0.9606660008430481,0.039333999156951904,1258.296875,1435.7415771484375,-177.4447021484375
jbshield-gemma-phase2-gemma-2-9b-it,gemma-2-9b-it,last_token,42,attack_vs_direct_harmful,pair,direct_harmful,0.9861922860145569,0.013807713985443115,1656.4400634765625,1860.1541748046875,-203.714111328125
jbshield-gemma-phase2-gemma-2-9b-it,gemma-2-9b-it,last_token,42,attack_vs_harmless,pair,none,0.9691259860992432,0.030874013900756836,1656.4400634765625,1435.7415771484375,220.698486328125
jbshield-gemma-phase2-gemma-2-9b-it,gemma-2-9b-it,last_token,42,attack_vs_direct_harmful,puzzler,direct_harmful,0.9097715020179749,0.09022849798202515,1757.1544189453125,1860.1541748046875,-102.999755859375
jbshield-gemma-phase2-gemma-2-9b-it,gemma-2-9b-it,last_token,42,attack_vs_harmless,puzzler,none,0.9444776773452759,0.05552232265472412,1757.1544189453125,1435.7415771484375,321.412841796875
jbshield-gemma-phase2-gemma-2-9b-it,gemma-2-9b-it,last_token,42,attack_vs_direct_harmful,saa,direct_harmful,0.9173415303230286,0.08265846967697144,1779.63232421875,1860.1541748046875,-80.5218505859375
jbshield-gemma-phase2-gemma-2-9b-it,gemma-2-9b-it,last_token,42,attack_vs_harmless,saa,none,0.9396957159042358,0.06030428409576416,1779.63232421875,1435.7415771484375,343.8907470703125
jbshield-gemma-phase2-gemma-2-9b-it,gemma-2-9b-it,last_token,42,attack_vs_direct_harmful,zulu,direct_harmful,0.7867299318313599,0.21327006816864014,1325.4129638671875,1860.1541748046875,-534.7412109375
jbshield-gemma-phase2-gemma-2-9b-it,gemma-2-9b-it,last_token,42,attack_vs_harmless,zulu,none,0.8058252334594727,0.19417476654052734,1325.4129638671875,1435.7415771484375,-110.32861328125
jbshield-gemma-phase2-gemma-2-9b-it,gemma-2-9b-it,user_prompt,0,label_1_vs_label_0,label_1,label_0,0.9479389786720276,0.05206102132797241,42.42828369140625,43.08161544799805,-0.6533317565917969
jbshield-gemma-phase2-gemma-2-9b-it,gemma-2-9b-it,user_prompt,0,direct_harmful_vs_harmless,direct_harmful,none,0.9277470111846924,0.07225298881530762,43.77883529663086,43.1649169921875,0.6139183044433594
jbshield-gemma-phase2-gemma-2-9b-it,gemma-2-9b-it,user_prompt,0,attack_vs_direct_harmful,autodan,direct_harmful,0.9682702422142029,0.03172975778579712,44.877193450927734,43.77883529663086,1.098358154296875
jbshield-gemma-phase2-gemma-2-9b-it,gemma-2-9b-it,user_prompt,0,attack_vs_harmless,autodan,none,0.9352156519889832,0.06478434801101685,44.877193450927734,43.1649169921875,1.7122764587402344
jbshield-gemma-phase2-gemma-2-9b-it,gemma-2-9b-it,user_prompt,0,attack_vs_direct_harmful,base64,direct_harmful,0.753259539604187,0.246740460395813,48.08401870727539,43.77883529663086,4.305183410644531
jbshield-gemma-phase2-gemma-2-9b-it,gemma-2-9b-it,user_prompt,0,attack_vs_harmless,base64,none,0.807468593120575,0.19253140687942505,48.08401870727539,43.1649169921875,4.919101715087891
jbshield-gemma-phase2-gemma-2-9b-it,gemma-2-9b-it,user_prompt,0,attack_vs_direct_harmful,drattack,direct_harmful,0.9319598078727722,0.06804019212722778,48.279518127441406,43.77883529663086,4.500682830810547
jbshield-gemma-phase2-gemma-2-9b-it,gemma-2-9b-it,user_prompt,0,attack_vs_harmless,drattack,none,0.9117757678031921,0.08822423219680786,48.279518127441406,43.1649169921875,5.114601135253906
jbshield-gemma-phase2-gemma-2-9b-it,gemma-2-9b-it,user_prompt,0,attack_vs_direct_harmful,gcg,direct_harmful,0.951181173324585,0.04881882667541504,37.28472137451172,43.77883529663086,-6.494113922119141
jbshield-gemma-phase2-gemma-2-9b-it,gemma-2-9b-it,user_prompt,0,attack_vs_harmless,gcg,none,0.9486225843429565,0.05137741565704346,37.28472137451172,43.1649169921875,-5.880195617675781
jbshield-gemma-phase2-gemma-2-9b-it,gemma-2-9b-it,user_prompt,0,attack_vs_direct_harmful,ijp,direct_harmful,0.952522873878479,0.047477126121520996,45.215694427490234,43.77883529663086,1.436859130859375
jbshield-gemma-phase2-gemma-2-9b-it,gemma-2-9b-it,user_prompt,0,attack_vs_harmless,ijp,none,0.9292469620704651,0.07075303792953491,45.215694427490234,43.1649169921875,2.0507774353027344
jbshield-gemma-phase2-gemma-2-9b-it,gemma-2-9b-it,user_prompt,0,attack_vs_direct_harmful,pair,direct_harmful,0.9685075879096985,0.031492412090301514,46.645713806152344,43.77883529663086,2.8668785095214844
jbshield-gemma-phase2-gemma-2-9b-it,gemma-2-9b-it,user_prompt,0,attack_vs_harmless,pair,none,0.9106922745704651,0.08930772542953491,46.645713806152344,43.1649169921875,3.4807968139648438
jbshield-gemma-phase2-gemma-2-9b-it,gemma-2-9b-it,user_prompt,0,attack_vs_direct_harmful,puzzler,direct_harmful,0.9647118449211121,0.03528815507888794,46.08428192138672,43.77883529663086,2.3054466247558594
jbshield-gemma-phase2-gemma-2-9b-it,gemma-2-9b-it,user_prompt,0,attack_vs_harmless,puzzler,none,0.9205965399742126,0.07940346002578735,46.08428192138672,43.1649169921875,2.9193649291992188
jbshield-gemma-phase2-gemma-2-9b-it,gemma-2-9b-it,user_prompt,0,attack_vs_direct_harmful,saa,direct_harmful,0.9098780751228333,0.09012192487716675,44.154754638671875,43.77883529663086,0.3759193420410156
jbshield-gemma-phase2-gemma-2-9b-it,gemma-2-9b-it,user_prompt,0,attack_vs_harmless,saa,none,0.9214768409729004,0.07852315902709961,44.154754638671875,43.1649169921875,0.989837646484375
jbshield-gemma-phase2-gemma-2-9b-it,gemma-2-9b-it,user_prompt,0,attack_vs_direct_harmful,zulu,direct_harmful,0.7454734444618225,0.2545265555381775,45.6594352722168,43.77883529663086,1.8805999755859375
jbshield-gemma-phase2-gemma-2-9b-it,gemma-2-9b-it,user_prompt,0,attack_vs_harmless,zulu,none,0.8100854754447937,0.1899145245552063,45.6594352722168,43.1649169921875,2.494518280029297
jbshield-gemma-phase2-gemma-2-9b-it,gemma-2-9b-it,user_prompt,1,label_1_vs_label_0,label_1,label_0,0.8270682096481323,0.17293179035186768,36.80219268798828,31.426891326904297,5.375301361083984
jbshield-gemma-phase2-gemma-2-9b-it,gemma-2-9b-it,user_prompt,1,direct_harmful_vs_harmless,direct_harmful,none,0.8289396166801453,0.17106038331985474,37.36357116699219,31.4345760345459,5.928995132446289
jbshield-gemma-phase2-gemma-2-9b-it,gemma-2-9b-it,user_prompt,1,attack_vs_direct_harmful,autodan,direct_harmful,0.9640701413154602,0.035929858684539795,38.5500602722168,37.36357116699219,1.1864891052246094
jbshield-gemma-phase2-gemma-2-9b-it,gemma-2-9b-it,user_prompt,1,attack_vs_harmless,autodan,none,0.8119484782218933,0.1880515217781067,38.5500602722168,31.4345760345459,7.115484237670898
jbshield-gemma-phase2-gemma-2-9b-it,gemma-2-9b-it,user_prompt,1,attack_vs_direct_harmful,base64,direct_harmful,0.7772876620292664,0.22271233797073364,42.11708068847656,37.36357116699219,4.753509521484375
jbshield-gemma-phase2-gemma-2-9b-it,gemma-2-9b-it,user_prompt,1,attack_vs_harmless,base64,none,0.6844883561134338,0.31551164388656616,42.11708068847656,31.4345760345459,10.682504653930664
jbshield-gemma-phase2-gemma-2-9b-it,gemma-2-9b-it,user_prompt,1,attack_vs_direct_harmful,drattack,direct_harmful,0.9292458295822144,0.07075417041778564,41.54164505004883,37.36357116699219,4.178073883056641
jbshield-gemma-phase2-gemma-2-9b-it,gemma-2-9b-it,user_prompt,1,attack_vs_harmless,drattack,none,0.8004201650619507,0.19957983493804932,41.54164505004883,31.4345760345459,10.10706901550293
jbshield-gemma-phase2-gemma-2-9b-it,gemma-2-9b-it,user_prompt,1,attack_vs_direct_harmful,gcg,direct_harmful,0.9603973627090454,0.03960263729095459,34.03605270385742,37.36357116699219,-3.3275184631347656
jbshield-gemma-phase2-gemma-2-9b-it,gemma-2-9b-it,user_prompt,1,attack_vs_harmless,gcg,none,0.8136416077613831,0.18635839223861694,34.03605270385742,31.4345760345459,2.6014766693115234
jbshield-gemma-phase2-gemma-2-9b-it,gemma-2-9b-it,user_prompt,1,attack_vs_direct_harmful,ijp,direct_harmful,0.9355059862136841,0.06449401378631592,38.140899658203125,37.36357116699219,0.7773284912109375
jbshield-gemma-phase2-gemma-2-9b-it,gemma-2-9b-it,user_prompt,1,attack_vs_harmless,ijp,none,0.8051851987838745,0.1948148012161255,38.140899658203125,31.4345760345459,6.706323623657227
jbshield-gemma-phase2-gemma-2-9b-it,gemma-2-9b-it,user_prompt,1,attack_vs_direct_harmful,pair,direct_harmful,0.9666893482208252,0.033310651779174805,39.17721176147461,37.36357116699219,1.8136405944824219
jbshield-gemma-phase2-gemma-2-9b-it,gemma-2-9b-it,user_prompt,1,attack_vs_harmless,pair,none,0.8111585974693298,0.18884140253067017,39.17721176147461,31.4345760345459,7.742635726928711
jbshield-gemma-phase2-gemma-2-9b-it,gemma-2-9b-it,user_prompt,1,attack_vs_direct_harmful,puzzler,direct_harmful,0.9224886298179626,0.07751137018203735,38.078460693359375,37.36357116699219,0.7148895263671875
jbshield-gemma-phase2-gemma-2-9b-it,gemma-2-9b-it,user_prompt,1,attack_vs_harmless,puzzler,none,0.7680025100708008,0.23199748992919922,38.078460693359375,31.4345760345459,6.643884658813477
jbshield-gemma-phase2-gemma-2-9b-it,gemma-2-9b-it,user_prompt,1,attack_vs_direct_harmful,saa,direct_harmful,0.9118624329566956,0.08813756704330444,41.16678237915039,37.36357116699219,3.803211212158203
jbshield-gemma-phase2-gemma-2-9b-it,gemma-2-9b-it,user_prompt,1,attack_vs_harmless,saa,none,0.7853513360023499,0.21464866399765015,41.16678237915039,31.4345760345459,9.732206344604492
jbshield-gemma-phase2-gemma-2-9b-it,gemma-2-9b-it,user_prompt,1,attack_vs_direct_harmful,zulu,direct_harmful,0.7380390167236328,0.2619609832763672,37.4479866027832,37.36357116699219,0.08441543579101562
jbshield-gemma-phase2-gemma-2-9b-it,gemma-2-9b-it,user_prompt,1,attack_vs_harmless,zulu,none,0.6876964569091797,0.3123035430908203,37.4479866027832,31.4345760345459,6.013410568237305
jbshield-gemma-phase2-gemma-2-9b-it,gemma-2-9b-it,user_prompt,2,label_1_vs_label_0,label_1,label_0,0.7361581921577454,0.26384180784225464,36.646854400634766,33.03209686279297,3.614757537841797
jbshield-gemma-phase2-gemma-2-9b-it,gemma-2-9b-it,user_prompt,2,direct_harmful_vs_harmless,direct_harmful,none,0.7481202483177185,0.2518797516822815,36.88177490234375,33.21317672729492,3.668598175048828
jbshield-gemma-phase2-gemma-2-9b-it,gemma-2-9b-it,user_prompt,2,attack_vs_direct_harmful,autodan,direct_harmful,0.9495171904563904,0.05048280954360962,37.19584274291992,36.88177490234375,0.3140678405761719
jbshield-gemma-phase2-gemma-2-9b-it,gemma-2-9b-it,user_prompt,2,attack_vs_harmless,autodan,none,0.7166261076927185,0.2833738923072815,37.19584274291992,33.21317672729492,3.982666015625
jbshield-gemma-phase2-gemma-2-9b-it,gemma-2-9b-it,user_prompt,2,attack_vs_direct_harmful,base64,direct_harmful,0.6770405173301697,0.3229594826698303,42.53236389160156,36.88177490234375,5.6505889892578125
jbshield-gemma-phase2-gemma-2-9b-it,gemma-2-9b-it,user_prompt,2,attack_vs_harmless,base64,none,0.5639377236366272,0.4360622763633728,42.53236389160156,33.21317672729492,9.31918716430664
jbshield-gemma-phase2-gemma-2-9b-it,gemma-2-9b-it,user_prompt,2,attack_vs_direct_harmful,drattack,direct_harmful,0.907706081867218,0.09229391813278198,38.95393753051758,36.88177490234375,2.072162628173828
jbshield-gemma-phase2-gemma-2-9b-it,gemma-2-9b-it,user_prompt,2,attack_vs_harmless,drattack,none,0.6955978870391846,0.30440211296081543,38.95393753051758,33.21317672729492,5.740760803222656
jbshield-gemma-phase2-gemma-2-9b-it,gemma-2-9b-it,user_prompt,2,attack_vs_direct_harmful,gcg,direct_harmful,0.9512650966644287,0.04873490333557129,35.04650115966797,36.88177490234375,-1.8352737426757812
jbshield-gemma-phase2-gemma-2-9b-it,gemma-2-9b-it,user_prompt,2,attack_vs_harmless,gcg,none,0.7323856353759766,0.26761436462402344,35.04650115966797,33.21317672729492,1.8333244323730469
jbshield-gemma-phase2-gemma-2-9b-it,gemma-2-9b-it,user_prompt,2,attack_vs_direct_harmful,ijp,direct_harmful,0.9173263311386108,0.08267366886138916,37.04479217529297,36.88177490234375,0.16301727294921875
jbshield-gemma-phase2-gemma-2-9b-it,gemma-2-9b-it,user_prompt,2,attack_vs_harmless,ijp,none,0.7015974521636963,0.2984025478363037,37.04479217529297,33.21317672729492,3.831615447998047
jbshield-gemma-phase2-gemma-2-9b-it,gemma-2-9b-it,user_prompt,2,attack_vs_direct_harmful,pair,direct_harmful,0.9575609564781189,0.042439043521881104,37.37263870239258,36.88177490234375,0.4908638000488281
jbshield-gemma-phase2-gemma-2-9b-it,gemma-2-9b-it,user_prompt,2,attack_vs_harmless,pair,none,0.7129645943641663,0.28703540563583374,37.37263870239258,33.21317672729492,4.159461975097656
jbshield-gemma-phase2-gemma-2-9b-it,gemma-2-9b-it,user_prompt,2,attack_vs_direct_harmful,puzzler,direct_harmful,0.8949739933013916,0.1050260066986084,38.17177963256836,36.88177490234375,1.2900047302246094
jbshield-gemma-phase2-gemma-2-9b-it,gemma-2-9b-it,user_prompt,2,attack_vs_harmless,puzzler,none,0.6334776282310486,0.3665223717689514,38.17177963256836,33.21317672729492,4.9586029052734375
jbshield-gemma-phase2-gemma-2-9b-it,gemma-2-9b-it,user_prompt,2,attack_vs_direct_harmful,saa,direct_harmful,0.8893121480941772,0.11068785190582275,38.84583282470703,36.88177490234375,1.9640579223632812
jbshield-gemma-phase2-gemma-2-9b-it,gemma-2-9b-it,user_prompt,2,attack_vs_harmless,saa,none,0.6855588555335999,0.31444114446640015,38.84583282470703,33.21317672729492,5.632656097412109
jbshield-gemma-phase2-gemma-2-9b-it,gemma-2-9b-it,user_prompt,2,attack_vs_direct_harmful,zulu,direct_harmful,0.7330402135848999,0.2669597864151001,48.114498138427734,36.88177490234375,11.232723236083984
jbshield-gemma-phase2-gemma-2-9b-it,gemma-2-9b-it,user_prompt,2,attack_vs_harmless,zulu,none,0.6085597276687622,0.3914402723312378,48.114498138427734,33.21317672729492,14.901321411132812
jbshield-gemma-phase2-gemma-2-9b-it,gemma-2-9b-it,user_prompt,3,label_1_vs_label_0,label_1,label_0,0.7892869114875793,0.21071308851242065,45.26219177246094,47.96266174316406,-2.700469970703125
jbshield-gemma-phase2-gemma-2-9b-it,gemma-2-9b-it,user_prompt,3,direct_harmful_vs_harmless,direct_harmful,none,0.8045552968978882,0.19544470310211182,47.883399963378906,48.28562927246094,-0.40222930908203125
jbshield-gemma-phase2-gemma-2-9b-it,gemma-2-9b-it,user_prompt,3,attack_vs_direct_harmful,autodan,direct_harmful,0.9646806120872498,0.035319387912750244,45.84514617919922,47.883399963378906,-2.0382537841796875
jbshield-gemma-phase2-gemma-2-9b-it,gemma-2-9b-it,user_prompt,3,attack_vs_harmless,autodan,none,0.7840012311935425,0.21599876880645752,45.84514617919922,48.28562927246094,-2.4404830932617188
jbshield-gemma-phase2-gemma-2-9b-it,gemma-2-9b-it,user_prompt,3,attack_vs_direct_harmful,base64,direct_harmful,0.7617148756980896,0.2382851243019104,49.693214416503906,47.883399963378906,1.809814453125
jbshield-gemma-phase2-gemma-2-9b-it,gemma-2-9b-it,user_prompt,3,attack_vs_harmless,base64,none,0.6369439959526062,0.3630560040473938,49.693214416503906,48.28562927246094,1.4075851440429688
jbshield-gemma-phase2-gemma-2-9b-it,gemma-2-9b-it,user_prompt,3,attack_vs_direct_harmful,drattack,direct_harmful,0.9388646483421326,0.06113535165786743,47.7140998840332,47.883399963378906,-0.16930007934570312
jbshield-gemma-phase2-gemma-2-9b-it,gemma-2-9b-it,user_prompt,3,attack_vs_harmless,drattack,none,0.7790743708610535,0.22092562913894653,47.7140998840332,48.28562927246094,-0.5715293884277344
jbshield-gemma-phase2-gemma-2-9b-it,gemma-2-9b-it,user_prompt,3,attack_vs_direct_harmful,gcg,direct_harmful,0.9635100364685059,0.03648996353149414,45.896820068359375,47.883399963378906,-1.9865798950195312
jbshield-gemma-phase2-gemma-2-9b-it,gemma-2-9b-it,user_prompt,3,attack_vs_harmless,gcg,none,0.7847245931625366,0.21527540683746338,45.896820068359375,48.28562927246094,-2.3888092041015625
jbshield-gemma-phase2-gemma-2-9b-it,gemma-2-9b-it,user_prompt,3,attack_vs_direct_harmful,ijp,direct_harmful,0.9429816007614136,0.057018399238586426,45.6115837097168,47.883399963378906,-2.2718162536621094
jbshield-gemma-phase2-gemma-2-9b-it,gemma-2-9b-it,user_prompt,3,attack_vs_harmless,ijp,none,0.7804188132286072,0.21958118677139282,45.6115837097168,48.28562927246094,-2.6740455627441406
jbshield-gemma-phase2-gemma-2-9b-it,gemma-2-9b-it,user_prompt,3,attack_vs_direct_harmful,pair,direct_harmful,0.9708198308944702,0.029180169105529785,46.60847091674805,47.883399963378906,-1.2749290466308594
jbshield-gemma-phase2-gemma-2-9b-it,gemma-2-9b-it,user_prompt,3,attack_vs_harmless,pair,none,0.7892369031906128,0.2107630968093872,46.60847091674805,48.28562927246094,-1.6771583557128906
jbshield-gemma-phase2-gemma-2-9b-it,gemma-2-9b-it,user_prompt,3,attack_vs_direct_harmful,puzzler,direct_harmful,0.9301908016204834,0.0698091983795166,47.10947799682617,47.883399963378906,-0.7739219665527344
jbshield-gemma-phase2-gemma-2-9b-it,gemma-2-9b-it,user_prompt,3,attack_vs_harmless,puzzler,none,0.7443037033081055,0.25569629669189453,47.10947799682617,48.28562927246094,-1.1761512756347656
jbshield-gemma-phase2-gemma-2-9b-it,gemma-2-9b-it,user_prompt,3,attack_vs_direct_harmful,saa,direct_harmful,0.9236464500427246,0.07635354995727539,47.10125732421875,47.883399963378906,-0.7821426391601562
jbshield-gemma-phase2-gemma-2-9b-it,gemma-2-9b-it,user_prompt,3,attack_vs_harmless,saa,none,0.7630446553230286,0.23695534467697144,47.10125732421875,48.28562927246094,-1.1843719482421875
jbshield-gemma-phase2-gemma-2-9b-it,gemma-2-9b-it,user_prompt,3,attack_vs_direct_harmful,zulu,direct_harmful,0.7560611963272095,0.24393880367279053,54.827796936035156,47.883399963378906,6.94439697265625
jbshield-gemma-phase2-gemma-2-9b-it,gemma-2-9b-it,user_prompt,3,attack_vs_harmless,zulu,none,0.6116632223129272,0.38833677768707275,54.827796936035156,48.28562927246094,6.542167663574219
jbshield-gemma-phase2-gemma-2-9b-it,gemma-2-9b-it,user_prompt,4,label_1_vs_label_0,label_1,label_0,0.7215701341629028,0.27842986583709717,40.856449127197266,52.36090087890625,-11.504451751708984
jbshield-gemma-phase2-gemma-2-9b-it,gemma-2-9b-it,user_prompt,4,direct_harmful_vs_harmless,direct_harmful,none,0.7887791395187378,0.2112208604812622,47.00360107421875,52.890804290771484,-5.887203216552734
jbshield-gemma-phase2-gemma-2-9b-it,gemma-2-9b-it,user_prompt,4,attack_vs_direct_harmful,autodan,direct_harmful,0.9453428983688354,0.05465710163116455,41.38985061645508,47.00360107421875,-5.613750457763672
jbshield-gemma-phase2-gemma-2-9b-it,gemma-2-9b-it,user_prompt,4,attack_vs_harmless,autodan,none,0.7259576916694641,0.2740423083305359,41.38985061645508,52.890804290771484,-11.500953674316406
jbshield-gemma-phase2-gemma-2-9b-it,gemma-2-9b-it,user_prompt,4,attack_vs_direct_harmful,base64,direct_harmful,0.6834579706192017,0.31654202938079834,48.14802169799805,47.00360107421875,1.1444206237792969
jbshield-gemma-phase2-gemma-2-9b-it,gemma-2-9b-it,user_prompt,4,attack_vs_harmless,base64,none,0.5201023817062378,0.4798976182937622,48.14802169799805,52.890804290771484,-4.7427825927734375
jbshield-gemma-phase2-gemma-2-9b-it,gemma-2-9b-it,user_prompt,4,attack_vs_direct_harmful,drattack,direct_harmful,0.9027665257453918,0.09723347425460815,42.592811584472656,47.00360107421875,-4.410789489746094
jbshield-gemma-phase2-gemma-2-9b-it,gemma-2-9b-it,user_prompt,4,attack_vs_harmless,drattack,none,0.6953428983688354,0.30465710163116455,42.592811584472656,52.890804290771484,-10.297992706298828
jbshield-gemma-phase2-gemma-2-9b-it,gemma-2-9b-it,user_prompt,4,attack_vs_direct_harmful,gcg,direct_harmful,0.9449268579483032,0.05507314205169678,43.619895935058594,47.00360107421875,-3.3837051391601562
jbshield-gemma-phase2-gemma-2-9b-it,gemma-2-9b-it,user_prompt,4,attack_vs_harmless,gcg,none,0.7354248762130737,0.26457512378692627,43.619895935058594,52.890804290771484,-9.27090835571289
jbshield-gemma-phase2-gemma-2-9b-it,gemma-2-9b-it,user_prompt,4,attack_vs_direct_harmful,ijp,direct_harmful,0.9085532426834106,0.09144675731658936,40.88681411743164,47.00360107421875,-6.116786956787109
jbshield-gemma-phase2-gemma-2-9b-it,gemma-2-9b-it,user_prompt,4,attack_vs_harmless,ijp,none,0.6971644759178162,0.30283552408218384,40.88681411743164,52.890804290771484,-12.003990173339844
jbshield-gemma-phase2-gemma-2-9b-it,gemma-2-9b-it,user_prompt,4,attack_vs_direct_harmful,pair,direct_harmful,0.9578056931495667,0.04219430685043335,42.91835021972656,47.00360107421875,-4.0852508544921875
jbshield-gemma-phase2-gemma-2-9b-it,gemma-2-9b-it,user_prompt,4,attack_vs_harmless,pair,none,0.739043116569519,0.26095688343048096,42.91835021972656,52.890804290771484,-9.972454071044922
jbshield-gemma-phase2-gemma-2-9b-it,gemma-2-9b-it,user_prompt,4,attack_vs_direct_harmful,puzzler,direct_harmful,0.8811436295509338,0.11885637044906616,41.97251892089844,47.00360107421875,-5.0310821533203125
jbshield-gemma-phase2-gemma-2-9b-it,gemma-2-9b-it,user_prompt,4,attack_vs_harmless,puzzler,none,0.6549692153930664,0.3450307846069336,41.97251892089844,52.890804290771484,-10.918285369873047
jbshield-gemma-phase2-gemma-2-9b-it,gemma-2-9b-it,user_prompt,4,attack_vs_direct_harmful,saa,direct_harmful,0.8805331587791443,0.11946684122085571,41.500343322753906,47.00360107421875,-5.503257751464844
jbshield-gemma-phase2-gemma-2-9b-it,gemma-2-9b-it,user_prompt,4,attack_vs_harmless,saa,none,0.6749464273452759,0.3250535726547241,41.500343322753906,52.890804290771484,-11.390460968017578
jbshield-gemma-phase2-gemma-2-9b-it,gemma-2-9b-it,user_prompt,4,attack_vs_direct_harmful,zulu,direct_harmful,0.6435951590538025,0.3564048409461975,54.935245513916016,47.00360107421875,7.931644439697266
jbshield-gemma-phase2-gemma-2-9b-it,gemma-2-9b-it,user_prompt,4,attack_vs_harmless,zulu,none,0.5017737746238708,0.49822622537612915,54.935245513916016,52.890804290771484,2.0444412231445312
jbshield-gemma-phase2-gemma-2-9b-it,gemma-2-9b-it,user_prompt,5,label_1_vs_label_0,label_1,label_0,0.7492954730987549,0.2507045269012451,44.54173278808594,58.242156982421875,-13.700424194335938
jbshield-gemma-phase2-gemma-2-9b-it,gemma-2-9b-it,user_prompt,5,direct_harmful_vs_harmless,direct_harmful,none,0.8209741711616516,0.1790258288383484,52.67331314086914,58.76219940185547,-6.088886260986328
jbshield-gemma-phase2-gemma-2-9b-it,gemma-2-9b-it,user_prompt,5,attack_vs_direct_harmful,autodan,direct_harmful,0.9381672143936157,0.06183278560638428,47.3366584777832,52.67331314086914,-5.3366546630859375
jbshield-gemma-phase2-gemma-2-9b-it,gemma-2-9b-it,user_prompt,5,attack_vs_harmless,autodan,none,0.7534214854240417,0.24657851457595825,47.3366584777832,58.76219940185547,-11.425540924072266
jbshield-gemma-phase2-gemma-2-9b-it,gemma-2-9b-it,user_prompt,5,attack_vs_direct_harmful,base64,direct_harmful,0.6329716444015503,0.3670283555984497,52.682003021240234,52.67331314086914,0.00868988037109375
jbshield-gemma-phase2-gemma-2-9b-it,gemma-2-9b-it,user_prompt,5,attack_vs_harmless,base64,none,0.4932996928691864,0.5067003071308136,52.682003021240234,58.76219940185547,-6.080196380615234
jbshield-gemma-phase2-gemma-2-9b-it,gemma-2-9b-it,user_prompt,5,attack_vs_direct_harmful,drattack,direct_harmful,0.9052397608757019,0.0947602391242981,47.920257568359375,52.67331314086914,-4.753055572509766
jbshield-gemma-phase2-gemma-2-9b-it,gemma-2-9b-it,user_prompt,5,attack_vs_harmless,drattack,none,0.7338925004005432,0.2661074995994568,47.920257568359375,58.76219940185547,-10.841941833496094
jbshield-gemma-phase2-gemma-2-9b-it,gemma-2-9b-it,user_prompt,5,attack_vs_direct_harmful,gcg,direct_harmful,0.943423330783844,0.056576669216156006,48.89889144897461,52.67331314086914,-3.7744216918945312
jbshield-gemma-phase2-gemma-2-9b-it,gemma-2-9b-it,user_prompt,5,attack_vs_harmless,gcg,none,0.7565822005271912,0.24341779947280884,48.89889144897461,58.76219940185547,-9.86330795288086
jbshield-gemma-phase2-gemma-2-9b-it,gemma-2-9b-it,user_prompt,5,attack_vs_direct_harmful,ijp,direct_harmful,0.9080079793930054,0.09199202060699463,46.189422607421875,52.67331314086914,-6.483890533447266
jbshield-gemma-phase2-gemma-2-9b-it,gemma-2-9b-it,user_prompt,5,attack_vs_harmless,ijp,none,0.7336390614509583,0.26636093854904175,46.189422607421875,58.76219940185547,-12.572776794433594
jbshield-gemma-phase2-gemma-2-9b-it,gemma-2-9b-it,user_prompt,5,attack_vs_direct_harmful,pair,direct_harmful,0.9573462009429932,0.042653799057006836,48.61301040649414,52.67331314086914,-4.060302734375
jbshield-gemma-phase2-gemma-2-9b-it,gemma-2-9b-it,user_prompt,5,attack_vs_harmless,pair,none,0.7789520025253296,0.2210479974746704,48.61301040649414,58.76219940185547,-10.149188995361328
jbshield-gemma-phase2-gemma-2-9b-it,gemma-2-9b-it,user_prompt,5,attack_vs_direct_harmful,puzzler,direct_harmful,0.8815656304359436,0.1184343695640564,47.50560760498047,52.67331314086914,-5.167705535888672
jbshield-gemma-phase2-gemma-2-9b-it,gemma-2-9b-it,user_prompt,5,attack_vs_harmless,puzzler,none,0.7057594656944275,0.2942405343055725,47.50560760498047,58.76219940185547,-11.256591796875
jbshield-gemma-phase2-gemma-2-9b-it,gemma-2-9b-it,user_prompt,5,attack_vs_direct_harmful,saa,direct_harmful,0.881157398223877,0.11884260177612305,46.67195129394531,52.67331314086914,-6.001361846923828
jbshield-gemma-phase2-gemma-2-9b-it,gemma-2-9b-it,user_prompt,5,attack_vs_harmless,saa,none,0.7052986025810242,0.29470139741897583,46.67195129394531,58.76219940185547,-12.090248107910156
jbshield-gemma-phase2-gemma-2-9b-it,gemma-2-9b-it,user_prompt,5,attack_vs_direct_harmful,zulu,direct_harmful,0.5485807657241821,0.45141923427581787,58.67681121826172,52.67331314086914,6.003498077392578
jbshield-gemma-phase2-gemma-2-9b-it,gemma-2-9b-it,user_prompt,5,attack_vs_harmless,zulu,none,0.4419606924057007,0.5580393075942993,58.67681121826172,58.76219940185547,-0.08538818359375
jbshield-gemma-phase2-gemma-2-9b-it,gemma-2-9b-it,user_prompt,6,label_1_vs_label_0,label_1,label_0,0.7954325675964355,0.20456743240356445,49.99907302856445,68.58064270019531,-18.58156967163086
jbshield-gemma-phase2-gemma-2-9b-it,gemma-2-9b-it,user_prompt,6,direct_harmful_vs_harmless,direct_harmful,none,0.8567030429840088,0.1432969570159912,63.56154251098633,69.06980895996094,-5.508266448974609
jbshield-gemma-phase2-gemma-2-9b-it,gemma-2-9b-it,user_prompt,6,attack_vs_direct_harmful,autodan,direct_harmful,0.9355236291885376,0.0644763708114624,54.097618103027344,63.56154251098633,-9.463924407958984
jbshield-gemma-phase2-gemma-2-9b-it,gemma-2-9b-it,user_prompt,6,attack_vs_harmless,autodan,none,0.8004915118217468,0.19950848817825317,54.097618103027344,69.06980895996094,-14.972190856933594
jbshield-gemma-phase2-gemma-2-9b-it,gemma-2-9b-it,user_prompt,6,attack_vs_direct_harmful,base64,direct_harmful,0.6125686168670654,0.38743138313293457,54.15696334838867,63.56154251098633,-9.404579162597656
jbshield-gemma-phase2-gemma-2-9b-it,gemma-2-9b-it,user_prompt,6,attack_vs_harmless,base64,none,0.5211289525032043,0.47887104749679565,54.15696334838867,69.06980895996094,-14.912845611572266
jbshield-gemma-phase2-gemma-2-9b-it,gemma-2-9b-it,user_prompt,6,attack_vs_direct_harmful,drattack,direct_harmful,0.8991619944572449,0.10083800554275513,55.409454345703125,63.56154251098633,-8.152088165283203
jbshield-gemma-phase2-gemma-2-9b-it,gemma-2-9b-it,user_prompt,6,attack_vs_harmless,drattack,none,0.7802020907402039,0.21979790925979614,55.409454345703125,69.06980895996094,-13.660354614257812
jbshield-gemma-phase2-gemma-2-9b-it,gemma-2-9b-it,user_prompt,6,attack_vs_direct_harmful,gcg,direct_harmful,0.9390542507171631,0.060945749282836914,56.1864013671875,63.56154251098633,-7.375141143798828
jbshield-gemma-phase2-gemma-2-9b-it,gemma-2-9b-it,user_prompt,6,attack_vs_harmless,gcg,none,0.7968056201934814,0.20319437980651855,56.1864013671875,69.06980895996094,-12.883407592773438
jbshield-gemma-phase2-gemma-2-9b-it,gemma-2-9b-it,user_prompt,6,attack_vs_direct_harmful,ijp,direct_harmful,0.9022709727287292,0.09772902727127075,52.89041519165039,63.56154251098633,-10.671127319335938
jbshield-gemma-phase2-gemma-2-9b-it,gemma-2-9b-it,user_prompt,6,attack_vs_harmless,ijp,none,0.7787250876426697,0.22127491235733032,52.89041519165039,69.06980895996094,-16.179393768310547
jbshield-gemma-phase2-gemma-2-9b-it,gemma-2-9b-it,user_prompt,6,attack_vs_direct_harmful,pair,direct_harmful,0.9533920288085938,0.04660797119140625,56.40248107910156,63.56154251098633,-7.159061431884766
jbshield-gemma-phase2-gemma-2-9b-it,gemma-2-9b-it,user_prompt,6,attack_vs_harmless,pair,none,0.822176992893219,0.177823007106781,56.40248107910156,69.06980895996094,-12.667327880859375
jbshield-gemma-phase2-gemma-2-9b-it,gemma-2-9b-it,user_prompt,6,attack_vs_direct_harmful,puzzler,direct_harmful,0.8794845938682556,0.12051540613174438,55.90940475463867,63.56154251098633,-7.652137756347656
jbshield-gemma-phase2-gemma-2-9b-it,gemma-2-9b-it,user_prompt,6,attack_vs_harmless,puzzler,none,0.7554792761802673,0.24452072381973267,55.90940475463867,69.06980895996094,-13.160404205322266
jbshield-gemma-phase2-gemma-2-9b-it,gemma-2-9b-it,user_prompt,6,attack_vs_direct_harmful,saa,direct_harmful,0.8730615377426147,0.12693846225738525,52.71107482910156,63.56154251098633,-10.850467681884766
jbshield-gemma-phase2-gemma-2-9b-it,gemma-2-9b-it,user_prompt,6,attack_vs_harmless,saa,none,0.7462696433067322,0.2537303566932678,52.71107482910156,69.06980895996094,-16.358734130859375
jbshield-gemma-phase2-gemma-2-9b-it,gemma-2-9b-it,user_prompt,6,attack_vs_direct_harmful,zulu,direct_harmful,0.5552728772163391,0.4447271227836609,62.241268157958984,63.56154251098633,-1.3202743530273438
jbshield-gemma-phase2-gemma-2-9b-it,gemma-2-9b-it,user_prompt,6,attack_vs_harmless,zulu,none,0.4826146960258484,0.5173853039741516,62.241268157958984,69.06980895996094,-6.828540802001953
jbshield-gemma-phase2-gemma-2-9b-it,gemma-2-9b-it,user_prompt,7,label_1_vs_label_0,label_1,label_0,0.7456583380699158,0.25434166193008423,51.575645446777344,73.62437438964844,-22.048728942871094
jbshield-gemma-phase2-gemma-2-9b-it,gemma-2-9b-it,user_prompt,7,direct_harmful_vs_harmless,direct_harmful,none,0.8313388228416443,0.1686611771583557,68.21940612792969,74.20947265625,-5.9900665283203125
jbshield-gemma-phase2-gemma-2-9b-it,gemma-2-9b-it,user_prompt,7,attack_vs_direct_harmful,autodan,direct_harmful,0.9177256226539612,0.08227437734603882,55.58481979370117,68.21940612792969,-12.634586334228516
jbshield-gemma-phase2-gemma-2-9b-it,gemma-2-9b-it,user_prompt,7,attack_vs_harmless,autodan,none,0.7460842728614807,0.2539157271385193,55.58481979370117,74.20947265625,-18.624652862548828
jbshield-gemma-phase2-gemma-2-9b-it,gemma-2-9b-it,user_prompt,7,attack_vs_direct_harmful,base64,direct_harmful,0.6185348629951477,0.3814651370048523,59.148197174072266,68.21940612792969,-9.071208953857422
jbshield-gemma-phase2-gemma-2-9b-it,gemma-2-9b-it,user_prompt,7,attack_vs_harmless,base64,none,0.4746498167514801,0.5253501832485199,59.148197174072266,74.20947265625,-15.061275482177734
jbshield-gemma-phase2-gemma-2-9b-it,gemma-2-9b-it,user_prompt,7,attack_vs_direct_harmful,drattack,direct_harmful,0.8733687400817871,0.1266312599182129,55.10291290283203,68.21940612792969,-13.116493225097656
jbshield-gemma-phase2-gemma-2-9b-it,gemma-2-9b-it,user_prompt,7,attack_vs_harmless,drattack,none,0.7228575348854065,0.2771424651145935,55.10291290283203,74.20947265625,-19.10655975341797
jbshield-gemma-phase2-gemma-2-9b-it,gemma-2-9b-it,user_prompt,7,attack_vs_direct_harmful,gcg,direct_harmful,0.9255319833755493,0.07446801662445068,58.76099395751953,68.21940612792969,-9.458412170410156
jbshield-gemma-phase2-gemma-2-9b-it,gemma-2-9b-it,user_prompt,7,attack_vs_harmless,gcg,none,0.7389368414878845,0.2610631585121155,58.76099395751953,74.20947265625,-15.448478698730469
jbshield-gemma-phase2-gemma-2-9b-it,gemma-2-9b-it,user_prompt,7,attack_vs_direct_harmful,ijp,direct_harmful,0.8795982599258423,0.12040174007415771,52.630653381347656,68.21940612792969,-15.588752746582031
jbshield-gemma-phase2-gemma-2-9b-it,gemma-2-9b-it,user_prompt,7,attack_vs_harmless,ijp,none,0.7342625260353088,0.26573747396469116,52.630653381347656,74.20947265625,-21.578819274902344
jbshield-gemma-phase2-gemma-2-9b-it,gemma-2-9b-it,user_prompt,7,attack_vs_direct_harmful,pair,direct_harmful,0.9468300342559814,0.053169965744018555,58.535037994384766,68.21940612792969,-9.684368133544922
jbshield-gemma-phase2-gemma-2-9b-it,gemma-2-9b-it,user_prompt,7,attack_vs_harmless,pair,none,0.8015804290771484,0.19841957092285156,58.535037994384766,74.20947265625,-15.674434661865234
jbshield-gemma-phase2-gemma-2-9b-it,gemma-2-9b-it,user_prompt,7,attack_vs_direct_harmful,puzzler,direct_harmful,0.8462003469467163,0.1537996530532837,55.23131561279297,68.21940612792969,-12.988090515136719
jbshield-gemma-phase2-gemma-2-9b-it,gemma-2-9b-it,user_prompt,7,attack_vs_harmless,puzzler,none,0.707818865776062,0.292181134223938,55.23131561279297,74.20947265625,-18.97815704345703
jbshield-gemma-phase2-gemma-2-9b-it,gemma-2-9b-it,user_prompt,7,attack_vs_direct_harmful,saa,direct_harmful,0.8402566313743591,0.15974336862564087,51.98987579345703,68.21940612792969,-16.229530334472656
jbshield-gemma-phase2-gemma-2-9b-it,gemma-2-9b-it,user_prompt,7,attack_vs_harmless,saa,none,0.6742881536483765,0.32571184635162354,51.98987579345703,74.20947265625,-22.21959686279297
jbshield-gemma-phase2-gemma-2-9b-it,gemma-2-9b-it,user_prompt,7,attack_vs_direct_harmful,zulu,direct_harmful,0.5737996697425842,0.42620033025741577,66.43943786621094,68.21940612792969,-1.77996826171875
jbshield-gemma-phase2-gemma-2-9b-it,gemma-2-9b-it,user_prompt,7,attack_vs_harmless,zulu,none,0.4686550498008728,0.5313449501991272,66.43943786621094,74.20947265625,-7.7700347900390625
jbshield-gemma-phase2-gemma-2-9b-it,gemma-2-9b-it,user_prompt,8,label_1_vs_label_0,label_1,label_0,0.8148198127746582,0.1851801872253418,57.117610931396484,96.34432220458984,-39.22671127319336
jbshield-gemma-phase2-gemma-2-9b-it,gemma-2-9b-it,user_prompt,8,direct_harmful_vs_harmless,direct_harmful,none,0.882957398891449,0.11704260110855103,80.58193969726562,97.22460174560547,-16.642662048339844
jbshield-gemma-phase2-gemma-2-9b-it,gemma-2-9b-it,user_prompt,8,attack_vs_direct_harmful,autodan,direct_harmful,0.9222317934036255,0.07776820659637451,62.01408767700195,80.58193969726562,-18.567852020263672
jbshield-gemma-phase2-gemma-2-9b-it,gemma-2-9b-it,user_prompt,8,attack_vs_harmless,autodan,none,0.8278454542160034,0.17215454578399658,62.01408767700195,97.22460174560547,-35.210514068603516
jbshield-gemma-phase2-gemma-2-9b-it,gemma-2-9b-it,user_prompt,8,attack_vs_direct_harmful,base64,direct_harmful,0.5765615701675415,0.4234384298324585,64.9665756225586,80.58193969726562,-15.615364074707031
jbshield-gemma-phase2-gemma-2-9b-it,gemma-2-9b-it,user_prompt,8,attack_vs_harmless,base64,none,0.47407257556915283,0.5259274244308472,64.9665756225586,97.22460174560547,-32.258026123046875
jbshield-gemma-phase2-gemma-2-9b-it,gemma-2-9b-it,user_prompt,8,attack_vs_direct_harmful,drattack,direct_harmful,0.8759768009185791,0.1240231990814209,60.10181427001953,80.58193969726562,-20.480125427246094
jbshield-gemma-phase2-gemma-2-9b-it,gemma-2-9b-it,user_prompt,8,attack_vs_harmless,drattack,none,0.8038201332092285,0.19617986679077148,60.10181427001953,97.22460174560547,-37.12278747558594
jbshield-gemma-phase2-gemma-2-9b-it,gemma-2-9b-it,user_prompt,8,attack_vs_direct_harmful,gcg,direct_harmful,0.9327291250228882,0.06727087497711182,65.30858612060547,80.58193969726562,-15.273353576660156
jbshield-gemma-phase2-gemma-2-9b-it,gemma-2-9b-it,user_prompt,8,attack_vs_harmless,gcg,none,0.820820689201355,0.17917931079864502,65.30858612060547,97.22460174560547,-31.916015625
jbshield-gemma-phase2-gemma-2-9b-it,gemma-2-9b-it,user_prompt,8,attack_vs_direct_harmful,ijp,direct_harmful,0.885016143321991,0.11498385667800903,58.511871337890625,80.58193969726562,-22.070068359375
jbshield-gemma-phase2-gemma-2-9b-it,gemma-2-9b-it,user_prompt,8,attack_vs_harmless,ijp,none,0.8102173805236816,0.18978261947631836,58.511871337890625,97.22460174560547,-38.712730407714844
jbshield-gemma-phase2-gemma-2-9b-it,gemma-2-9b-it,user_prompt,8,attack_vs_direct_harmful,pair,direct_harmful,0.9506194591522217,0.04938054084777832,66.94647216796875,80.58193969726562,-13.635467529296875
jbshield-gemma-phase2-gemma-2-9b-it,gemma-2-9b-it,user_prompt,8,attack_vs_harmless,pair,none,0.861554741859436,0.13844525814056396,66.94647216796875,97.22460174560547,-30.27812957763672
jbshield-gemma-phase2-gemma-2-9b-it,gemma-2-9b-it,user_prompt,8,attack_vs_direct_harmful,puzzler,direct_harmful,0.8582289218902588,0.1417710781097412,64.04383850097656,80.58193969726562,-16.538101196289062
jbshield-gemma-phase2-gemma-2-9b-it,gemma-2-9b-it,user_prompt,8,attack_vs_harmless,puzzler,none,0.7880324125289917,0.2119675874710083,64.04383850097656,97.22460174560547,-33.180763244628906
jbshield-gemma-phase2-gemma-2-9b-it,gemma-2-9b-it,user_prompt,8,attack_vs_direct_harmful,saa,direct_harmful,0.8478752374649048,0.15212476253509521,56.35280227661133,80.58193969726562,-24.229137420654297
jbshield-gemma-phase2-gemma-2-9b-it,gemma-2-9b-it,user_prompt,8,attack_vs_harmless,saa,none,0.7668506503105164,0.23314934968948364,56.35280227661133,97.22460174560547,-40.87179946899414
jbshield-gemma-phase2-gemma-2-9b-it,gemma-2-9b-it,user_prompt,8,attack_vs_direct_harmful,zulu,direct_harmful,0.5822866559028625,0.41771334409713745,74.02998352050781,80.58193969726562,-6.5519561767578125
jbshield-gemma-phase2-gemma-2-9b-it,gemma-2-9b-it,user_prompt,8,attack_vs_harmless,zulu,none,0.5140830278396606,0.48591697216033936,74.02998352050781,97.22460174560547,-23.194618225097656
jbshield-gemma-phase2-gemma-2-9b-it,gemma-2-9b-it,user_prompt,9,label_1_vs_label_0,label_1,label_0,0.8118554949760437,0.1881445050239563,58.676090240478516,105.65775299072266,-46.98166275024414
jbshield-gemma-phase2-gemma-2-9b-it,gemma-2-9b-it,user_prompt,9,direct_harmful_vs_harmless,direct_harmful,none,0.9031891822814941,0.09681081771850586,91.60502624511719,106.45797729492188,-14.852951049804688
jbshield-gemma-phase2-gemma-2-9b-it,gemma-2-9b-it,user_prompt,9,attack_vs_direct_harmful,autodan,direct_harmful,0.9053722023963928,0.09462779760360718,64.06459045410156,91.60502624511719,-27.540435791015625
jbshield-gemma-phase2-gemma-2-9b-it,gemma-2-9b-it,user_prompt,9,attack_vs_harmless,autodan,none,0.8124175071716309,0.18758249282836914,64.06459045410156,106.45797729492188,-42.39338684082031
jbshield-gemma-phase2-gemma-2-9b-it,gemma-2-9b-it,user_prompt,9,attack_vs_direct_harmful,base64,direct_harmful,0.5746481418609619,0.4253518581390381,65.4752197265625,91.60502624511719,-26.129806518554688
jbshield-gemma-phase2-gemma-2-9b-it,gemma-2-9b-it,user_prompt,9,attack_vs_harmless,base64,none,0.4880524277687073,0.5119475722312927,65.4752197265625,106.45797729492188,-40.982757568359375
jbshield-gemma-phase2-gemma-2-9b-it,gemma-2-9b-it,user_prompt,9,attack_vs_direct_harmful,drattack,direct_harmful,0.8555863499641418,0.14441365003585815,59.966644287109375,91.60502624511719,-31.638381958007812
jbshield-gemma-phase2-gemma-2-9b-it,gemma-2-9b-it,user_prompt,9,attack_vs_harmless,drattack,none,0.7828792929649353,0.2171207070350647,59.966644287109375,106.45797729492188,-46.4913330078125
jbshield-gemma-phase2-gemma-2-9b-it,gemma-2-9b-it,user_prompt,9,attack_vs_direct_harmful,gcg,direct_harmful,0.9316497445106506,0.06835025548934937,69.97296905517578,91.60502624511719,-21.632057189941406
jbshield-gemma-phase2-gemma-2-9b-it,gemma-2-9b-it,user_prompt,9,attack_vs_harmless,gcg,none,0.8329561948776245,0.1670438051223755,69.97296905517578,106.45797729492188,-36.485008239746094
jbshield-gemma-phase2-gemma-2-9b-it,gemma-2-9b-it,user_prompt,9,attack_vs_direct_harmful,ijp,direct_harmful,0.8650290369987488,0.13497096300125122,59.171836853027344,91.60502624511719,-32.433189392089844
jbshield-gemma-phase2-gemma-2-9b-it,gemma-2-9b-it,user_prompt,9,attack_vs_harmless,ijp,none,0.7904069423675537,0.2095930576324463,59.171836853027344,106.45797729492188,-47.28614044189453
jbshield-gemma-phase2-gemma-2-9b-it,gemma-2-9b-it,user_prompt,9,attack_vs_direct_harmful,pair,direct_harmful,0.9497774243354797,0.050222575664520264,73.6097183227539,91.60502624511719,-17.99530792236328
jbshield-gemma-phase2-gemma-2-9b-it,gemma-2-9b-it,user_prompt,9,attack_vs_harmless,pair,none,0.878696084022522,0.12130391597747803,73.6097183227539,106.45797729492188,-32.84825897216797
jbshield-gemma-phase2-gemma-2-9b-it,gemma-2-9b-it,user_prompt,9,attack_vs_direct_harmful,puzzler,direct_harmful,0.8449413180351257,0.15505868196487427,64.84609985351562,91.60502624511719,-26.758926391601562
jbshield-gemma-phase2-gemma-2-9b-it,gemma-2-9b-it,user_prompt,9,attack_vs_harmless,puzzler,none,0.7643490433692932,0.2356509566307068,64.84609985351562,106.45797729492188,-41.61187744140625
jbshield-gemma-phase2-gemma-2-9b-it,gemma-2-9b-it,user_prompt,9,attack_vs_direct_harmful,saa,direct_harmful,0.8154563307762146,0.1845436692237854,55.12282180786133,91.60502624511719,-36.48220443725586
jbshield-gemma-phase2-gemma-2-9b-it,gemma-2-9b-it,user_prompt,9,attack_vs_harmless,saa,none,0.7287777066230774,0.2712222933769226,55.12282180786133,106.45797729492188,-51.33515548706055
jbshield-gemma-phase2-gemma-2-9b-it,gemma-2-9b-it,user_prompt,9,attack_vs_direct_harmful,zulu,direct_harmful,0.5682386755943298,0.43176132440567017,75.16222381591797,91.60502624511719,-16.44280242919922
jbshield-gemma-phase2-gemma-2-9b-it,gemma-2-9b-it,user_prompt,9,attack_vs_harmless,zulu,none,0.5006811618804932,0.49931883811950684,75.16222381591797,106.45797729492188,-31.295753479003906
jbshield-gemma-phase2-gemma-2-9b-it,gemma-2-9b-it,user_prompt,10,label_1_vs_label_0,label_1,label_0,0.8198636770248413,0.1801363229751587,67.28556823730469,118.82965850830078,-51.544090270996094
jbshield-gemma-phase2-gemma-2-9b-it,gemma-2-9b-it,user_prompt,10,direct_harmful_vs_harmless,direct_harmful,none,0.8806698322296143,0.11933016777038574,98.64396667480469,119.94644927978516,-21.30248260498047
jbshield-gemma-phase2-gemma-2-9b-it,gemma-2-9b-it,user_prompt,10,attack_vs_direct_harmful,autodan,direct_harmful,0.9085544347763062,0.09144556522369385,72.49683380126953,98.64396667480469,-26.147132873535156
jbshield-gemma-phase2-gemma-2-9b-it,gemma-2-9b-it,user_prompt,10,attack_vs_harmless,autodan,none,0.8092324733734131,0.19076752662658691,72.49683380126953,119.94644927978516,-47.449615478515625
jbshield-gemma-phase2-gemma-2-9b-it,gemma-2-9b-it,user_prompt,10,attack_vs_direct_harmful,base64,direct_harmful,0.6420673727989197,0.3579326272010803,72.62071990966797,98.64396667480469,-26.02324676513672
jbshield-gemma-phase2-gemma-2-9b-it,gemma-2-9b-it,user_prompt,10,attack_vs_harmless,base64,none,0.5500314235687256,0.4499685764312744,72.62071990966797,119.94644927978516,-47.32572937011719
jbshield-gemma-phase2-gemma-2-9b-it,gemma-2-9b-it,user_prompt,10,attack_vs_direct_harmful,drattack,direct_harmful,0.8640769124031067,0.1359230875968933,69.37694549560547,98.64396667480469,-29.26702117919922
jbshield-gemma-phase2-gemma-2-9b-it,gemma-2-9b-it,user_prompt,10,attack_vs_harmless,drattack,none,0.7926625609397888,0.20733743906021118,69.37694549560547,119.94644927978516,-50.56950378417969
jbshield-gemma-phase2-gemma-2-9b-it,gemma-2-9b-it,user_prompt,10,attack_vs_direct_harmful,gcg,direct_harmful,0.9381063580513,0.06189364194869995,78.51936340332031,98.64396667480469,-20.124603271484375
jbshield-gemma-phase2-gemma-2-9b-it,gemma-2-9b-it,user_prompt,10,attack_vs_harmless,gcg,none,0.833106279373169,0.16689372062683105,78.51936340332031,119.94644927978516,-41.427085876464844
jbshield-gemma-phase2-gemma-2-9b-it,gemma-2-9b-it,user_prompt,10,attack_vs_direct_harmful,ijp,direct_harmful,0.8693845272064209,0.1306154727935791,68.86315155029297,98.64396667480469,-29.78081512451172
jbshield-gemma-phase2-gemma-2-9b-it,gemma-2-9b-it,user_prompt,10,attack_vs_harmless,ijp,none,0.7983848452568054,0.20161515474319458,68.86315155029297,119.94644927978516,-51.08329772949219
jbshield-gemma-phase2-gemma-2-9b-it,gemma-2-9b-it,user_prompt,10,attack_vs_direct_harmful,pair,direct_harmful,0.9477115869522095,0.05228841304779053,80.9505615234375,98.64396667480469,-17.693405151367188
jbshield-gemma-phase2-gemma-2-9b-it,gemma-2-9b-it,user_prompt,10,attack_vs_harmless,pair,none,0.8624922037124634,0.13750779628753662,80.9505615234375,119.94644927978516,-38.995887756347656
jbshield-gemma-phase2-gemma-2-9b-it,gemma-2-9b-it,user_prompt,10,attack_vs_direct_harmful,puzzler,direct_harmful,0.8611937761306763,0.13880622386932373,76.11067199707031,98.64396667480469,-22.533294677734375
jbshield-gemma-phase2-gemma-2-9b-it,gemma-2-9b-it,user_prompt,10,attack_vs_harmless,puzzler,none,0.7820702791213989,0.21792972087860107,76.11067199707031,119.94644927978516,-43.835777282714844
jbshield-gemma-phase2-gemma-2-9b-it,gemma-2-9b-it,user_prompt,10,attack_vs_direct_harmful,saa,direct_harmful,0.8343052268028259,0.16569477319717407,66.02738952636719,98.64396667480469,-32.6165771484375
jbshield-gemma-phase2-gemma-2-9b-it,gemma-2-9b-it,user_prompt,10,attack_vs_harmless,saa,none,0.7638002038002014,0.23619979619979858,66.02738952636719,119.94644927978516,-53.91905975341797
jbshield-gemma-phase2-gemma-2-9b-it,gemma-2-9b-it,user_prompt,10,attack_vs_direct_harmful,zulu,direct_harmful,0.6077529788017273,0.3922470211982727,82.72825622558594,98.64396667480469,-15.91571044921875
jbshield-gemma-phase2-gemma-2-9b-it,gemma-2-9b-it,user_prompt,10,attack_vs_harmless,zulu,none,0.5318806171417236,0.46811938285827637,82.72825622558594,119.94644927978516,-37.21819305419922
jbshield-gemma-phase2-gemma-2-9b-it,gemma-2-9b-it,user_prompt,11,label_1_vs_label_0,label_1,label_0,0.7836695313453674,0.21633046865463257,70.8223876953125,124.23429107666016,-53.411903381347656
jbshield-gemma-phase2-gemma-2-9b-it,gemma-2-9b-it,user_prompt,11,direct_harmful_vs_harmless,direct_harmful,none,0.8788884878158569,0.12111151218414307,109.35237121582031,125.21378326416016,-15.861412048339844
jbshield-gemma-phase2-gemma-2-9b-it,gemma-2-9b-it,user_prompt,11,attack_vs_direct_harmful,autodan,direct_harmful,0.895311176776886,0.10468882322311401,75.59426879882812,109.35237121582031,-33.75810241699219
jbshield-gemma-phase2-gemma-2-9b-it,gemma-2-9b-it,user_prompt,11,attack_vs_harmless,autodan,none,0.7535873651504517,0.24641263484954834,75.59426879882812,125.21378326416016,-49.61951446533203
jbshield-gemma-phase2-gemma-2-9b-it,gemma-2-9b-it,user_prompt,11,attack_vs_direct_harmful,base64,direct_harmful,0.6638479828834534,0.33615201711654663,78.8030776977539,109.35237121582031,-30.549293518066406
jbshield-gemma-phase2-gemma-2-9b-it,gemma-2-9b-it,user_prompt,11,attack_vs_harmless,base64,none,0.5621108412742615,0.4378891587257385,78.8030776977539,125.21378326416016,-46.41070556640625
jbshield-gemma-phase2-gemma-2-9b-it,gemma-2-9b-it,user_prompt,11,attack_vs_direct_harmful,drattack,direct_harmful,0.856311559677124,0.14368844032287598,71.07826232910156,109.35237121582031,-38.27410888671875
jbshield-gemma-phase2-gemma-2-9b-it,gemma-2-9b-it,user_prompt,11,attack_vs_harmless,drattack,none,0.7407660484313965,0.2592339515686035,71.07826232910156,125.21378326416016,-54.135520935058594
jbshield-gemma-phase2-gemma-2-9b-it,gemma-2-9b-it,user_prompt,11,attack_vs_direct_harmful,gcg,direct_harmful,0.9330165982246399,0.06698340177536011,83.91464233398438,109.35237121582031,-25.437728881835938
jbshield-gemma-phase2-gemma-2-9b-it,gemma-2-9b-it,user_prompt,11,attack_vs_harmless,gcg,none,0.8019685745239258,0.19803142547607422,83.91464233398438,125.21378326416016,-41.29914093017578
jbshield-gemma-phase2-gemma-2-9b-it,gemma-2-9b-it,user_prompt,11,attack_vs_direct_harmful,ijp,direct_harmful,0.8599770069122314,0.14002299308776855,70.30042266845703,109.35237121582031,-39.05194854736328
jbshield-gemma-phase2-gemma-2-9b-it,gemma-2-9b-it,user_prompt,11,attack_vs_harmless,ijp,none,0.7439471483230591,0.2560528516769409,70.30042266845703,125.21378326416016,-54.913360595703125
jbshield-gemma-phase2-gemma-2-9b-it,gemma-2-9b-it,user_prompt,11,attack_vs_direct_harmful,pair,direct_harmful,0.9494289755821228,0.0505710244178772,87.10894012451172,109.35237121582031,-22.243431091308594
jbshield-gemma-phase2-gemma-2-9b-it,gemma-2-9b-it,user_prompt,11,attack_vs_harmless,pair,none,0.8408383131027222,0.15916168689727783,87.10894012451172,125.21378326416016,-38.10484313964844
jbshield-gemma-phase2-gemma-2-9b-it,gemma-2-9b-it,user_prompt,11,attack_vs_direct_harmful,puzzler,direct_harmful,0.8462366461753845,0.15376335382461548,76.62290954589844,109.35237121582031,-32.729461669921875
jbshield-gemma-phase2-gemma-2-9b-it,gemma-2-9b-it,user_prompt,11,attack_vs_harmless,puzzler,none,0.7194039821624756,0.2805960178375244,76.62290954589844,125.21378326416016,-48.59087371826172
jbshield-gemma-phase2-gemma-2-9b-it,gemma-2-9b-it,user_prompt,11,attack_vs_direct_harmful,saa,direct_harmful,0.8262823820114136,0.17371761798858643,66.9808349609375,109.35237121582031,-42.37153625488281
jbshield-gemma-phase2-gemma-2-9b-it,gemma-2-9b-it,user_prompt,11,attack_vs_harmless,saa,none,0.7026630640029907,0.2973369359970093,66.9808349609375,125.21378326416016,-58.232948303222656
jbshield-gemma-phase2-gemma-2-9b-it,gemma-2-9b-it,user_prompt,11,attack_vs_direct_harmful,zulu,direct_harmful,0.6346239447593689,0.3653760552406311,85.43810272216797,109.35237121582031,-23.914268493652344
jbshield-gemma-phase2-gemma-2-9b-it,gemma-2-9b-it,user_prompt,11,attack_vs_harmless,zulu,none,0.5327404737472534,0.4672595262527466,85.43810272216797,125.21378326416016,-39.77568054199219
jbshield-gemma-phase2-gemma-2-9b-it,gemma-2-9b-it,user_prompt,12,label_1_vs_label_0,label_1,label_0,0.826244592666626,0.17375540733337402,80.2479019165039,146.28421020507812,-66.03630828857422
jbshield-gemma-phase2-gemma-2-9b-it,gemma-2-9b-it,user_prompt,12,direct_harmful_vs_harmless,direct_harmful,none,0.8722297549247742,0.12777024507522583,118.36119842529297,147.7897186279297,-29.42852020263672
jbshield-gemma-phase2-gemma-2-9b-it,gemma-2-9b-it,user_prompt,12,attack_vs_direct_harmful,autodan,direct_harmful,0.9072064757347107,0.0927935242652893,84.90282440185547,118.36119842529297,-33.4583740234375
jbshield-gemma-phase2-gemma-2-9b-it,gemma-2-9b-it,user_prompt,12,attack_vs_harmless,autodan,none,0.7941722273826599,0.2058277726173401,84.90282440185547,147.7897186279297,-62.88689422607422
jbshield-gemma-phase2-gemma-2-9b-it,gemma-2-9b-it,user_prompt,12,attack_vs_direct_harmful,base64,direct_harmful,0.719078779220581,0.28092122077941895,90.93685150146484,118.36119842529297,-27.424346923828125
jbshield-gemma-phase2-gemma-2-9b-it,gemma-2-9b-it,user_prompt,12,attack_vs_harmless,base64,none,0.6488960981369019,0.35110390186309814,90.93685150146484,147.7897186279297,-56.852867126464844
jbshield-gemma-phase2-gemma-2-9b-it,gemma-2-9b-it,user_prompt,12,attack_vs_direct_harmful,drattack,direct_harmful,0.8669233322143555,0.13307666778564453,80.45449829101562,118.36119842529297,-37.906700134277344
jbshield-gemma-phase2-gemma-2-9b-it,gemma-2-9b-it,user_prompt,12,attack_vs_harmless,drattack,none,0.7869393229484558,0.2130606770515442,80.45449829101562,147.7897186279297,-67.33522033691406
jbshield-gemma-phase2-gemma-2-9b-it,gemma-2-9b-it,user_prompt,12,attack_vs_direct_harmful,gcg,direct_harmful,0.9388895034790039,0.061110496520996094,94.63838195800781,118.36119842529297,-23.722816467285156
jbshield-gemma-phase2-gemma-2-9b-it,gemma-2-9b-it,user_prompt,12,attack_vs_harmless,gcg,none,0.8265767097473145,0.17342329025268555,94.63838195800781,147.7897186279297,-53.151336669921875
jbshield-gemma-phase2-gemma-2-9b-it,gemma-2-9b-it,user_prompt,12,attack_vs_direct_harmful,ijp,direct_harmful,0.8765375018119812,0.1234624981880188,80.81050872802734,118.36119842529297,-37.550689697265625
jbshield-gemma-phase2-gemma-2-9b-it,gemma-2-9b-it,user_prompt,12,attack_vs_harmless,ijp,none,0.7957631349563599,0.20423686504364014,80.81050872802734,147.7897186279297,-66.97920989990234
jbshield-gemma-phase2-gemma-2-9b-it,gemma-2-9b-it,user_prompt,12,attack_vs_direct_harmful,pair,direct_harmful,0.9522083401679993,0.04779165983200073,95.72569274902344,118.36119842529297,-22.63550567626953
jbshield-gemma-phase2-gemma-2-9b-it,gemma-2-9b-it,user_prompt,12,attack_vs_harmless,pair,none,0.8519147634506226,0.14808523654937744,95.72569274902344,147.7897186279297,-52.06402587890625
jbshield-gemma-phase2-gemma-2-9b-it,gemma-2-9b-it,user_prompt,12,attack_vs_direct_harmful,puzzler,direct_harmful,0.8403214812278748,0.15967851877212524,83.85247039794922,118.36119842529297,-34.50872802734375
jbshield-gemma-phase2-gemma-2-9b-it,gemma-2-9b-it,user_prompt,12,attack_vs_harmless,puzzler,none,0.741112470626831,0.25888752937316895,83.85247039794922,147.7897186279297,-63.93724822998047
jbshield-gemma-phase2-gemma-2-9b-it,gemma-2-9b-it,user_prompt,12,attack_vs_direct_harmful,saa,direct_harmful,0.8434552550315857,0.1565447449684143,75.65572357177734,118.36119842529297,-42.705474853515625
jbshield-gemma-phase2-gemma-2-9b-it,gemma-2-9b-it,user_prompt,12,attack_vs_harmless,saa,none,0.7563471794128418,0.2436528205871582,75.65572357177734,147.7897186279297,-72.13399505615234
jbshield-gemma-phase2-gemma-2-9b-it,gemma-2-9b-it,user_prompt,12,attack_vs_direct_harmful,zulu,direct_harmful,0.674824059009552,0.325175940990448,92.72996520996094,118.36119842529297,-25.63123321533203
jbshield-gemma-phase2-gemma-2-9b-it,gemma-2-9b-it,user_prompt,12,attack_vs_harmless,zulu,none,0.5935579538345337,0.4064420461654663,92.72996520996094,147.7897186279297,-55.05975341796875
jbshield-gemma-phase2-gemma-2-9b-it,gemma-2-9b-it,user_prompt,13,label_1_vs_label_0,label_1,label_0,0.8344165086746216,0.16558349132537842,88.00749206542969,160.14111328125,-72.13362121582031
jbshield-gemma-phase2-gemma-2-9b-it,gemma-2-9b-it,user_prompt,13,direct_harmful_vs_harmless,direct_harmful,none,0.8764621615409851,0.12353783845901489,128.01052856445312,161.81903076171875,-33.808502197265625
jbshield-gemma-phase2-gemma-2-9b-it,gemma-2-9b-it,user_prompt,13,attack_vs_direct_harmful,autodan,direct_harmful,0.9094371795654297,0.09056282043457031,92.63875579833984,128.01052856445312,-35.37177276611328
jbshield-gemma-phase2-gemma-2-9b-it,gemma-2-9b-it,user_prompt,13,attack_vs_harmless,autodan,none,0.801169216632843,0.19883078336715698,92.63875579833984,161.81903076171875,-69.1802749633789
jbshield-gemma-phase2-gemma-2-9b-it,gemma-2-9b-it,user_prompt,13,attack_vs_direct_harmful,base64,direct_harmful,0.7347408533096313,0.26525914669036865,101.62798309326172,128.01052856445312,-26.382545471191406
jbshield-gemma-phase2-gemma-2-9b-it,gemma-2-9b-it,user_prompt,13,attack_vs_harmless,base64,none,0.6776481866836548,0.3223518133163452,101.62798309326172,161.81903076171875,-60.19104766845703
jbshield-gemma-phase2-gemma-2-9b-it,gemma-2-9b-it,user_prompt,13,attack_vs_direct_harmful,drattack,direct_harmful,0.8567911386489868,0.14320886135101318,87.83750915527344,128.01052856445312,-40.17301940917969
jbshield-gemma-phase2-gemma-2-9b-it,gemma-2-9b-it,user_prompt,13,attack_vs_harmless,drattack,none,0.7798464894294739,0.22015351057052612,87.83750915527344,161.81903076171875,-73.98152160644531
jbshield-gemma-phase2-gemma-2-9b-it,gemma-2-9b-it,user_prompt,13,attack_vs_direct_harmful,gcg,direct_harmful,0.9412904977798462,0.05870950222015381,103.37522888183594,128.01052856445312,-24.635299682617188
jbshield-gemma-phase2-gemma-2-9b-it,gemma-2-9b-it,user_prompt,13,attack_vs_harmless,gcg,none,0.8351666331291199,0.16483336687088013,103.37522888183594,161.81903076171875,-58.44380187988281
jbshield-gemma-phase2-gemma-2-9b-it,gemma-2-9b-it,user_prompt,13,attack_vs_direct_harmful,ijp,direct_harmful,0.8733875155448914,0.12661248445510864,87.69145965576172,128.01052856445312,-40.319068908691406
jbshield-gemma-phase2-gemma-2-9b-it,gemma-2-9b-it,user_prompt,13,attack_vs_harmless,ijp,none,0.7920406460762024,0.2079593539237976,87.69145965576172,161.81903076171875,-74.12757110595703
jbshield-gemma-phase2-gemma-2-9b-it,gemma-2-9b-it,user_prompt,13,attack_vs_direct_harmful,pair,direct_harmful,0.9521905183792114,0.047809481620788574,103.59566497802734,128.01052856445312,-24.41486358642578
jbshield-gemma-phase2-gemma-2-9b-it,gemma-2-9b-it,user_prompt,13,attack_vs_harmless,pair,none,0.8557519912719727,0.14424800872802734,103.59566497802734,161.81903076171875,-58.223365783691406
jbshield-gemma-phase2-gemma-2-9b-it,gemma-2-9b-it,user_prompt,13,attack_vs_direct_harmful,puzzler,direct_harmful,0.8362956643104553,0.16370433568954468,90.75834655761719,128.01052856445312,-37.25218200683594
jbshield-gemma-phase2-gemma-2-9b-it,gemma-2-9b-it,user_prompt,13,attack_vs_harmless,puzzler,none,0.7475178837776184,0.2524821162223816,90.75834655761719,161.81903076171875,-71.06068420410156
jbshield-gemma-phase2-gemma-2-9b-it,gemma-2-9b-it,user_prompt,13,attack_vs_direct_harmful,saa,direct_harmful,0.840191125869751,0.15980887413024902,82.32551574707031,128.01052856445312,-45.68501281738281
jbshield-gemma-phase2-gemma-2-9b-it,gemma-2-9b-it,user_prompt,13,attack_vs_harmless,saa,none,0.7545762062072754,0.2454237937927246,82.32551574707031,161.81903076171875,-79.49351501464844
jbshield-gemma-phase2-gemma-2-9b-it,gemma-2-9b-it,user_prompt,13,attack_vs_direct_harmful,zulu,direct_harmful,0.7115764617919922,0.2884235382080078,99.47174072265625,128.01052856445312,-28.538787841796875
jbshield-gemma-phase2-gemma-2-9b-it,gemma-2-9b-it,user_prompt,13,attack_vs_harmless,zulu,none,0.6455223560333252,0.3544776439666748,99.47174072265625,161.81903076171875,-62.3472900390625
jbshield-gemma-phase2-gemma-2-9b-it,gemma-2-9b-it,user_prompt,14,label_1_vs_label_0,label_1,label_0,0.8386721014976501,0.16132789850234985,95.99918365478516,191.98121643066406,-95.9820327758789
jbshield-gemma-phase2-gemma-2-9b-it,gemma-2-9b-it,user_prompt,14,direct_harmful_vs_harmless,direct_harmful,none,0.89445561170578,0.10554438829421997,148.44805908203125,194.05682373046875,-45.6087646484375
jbshield-gemma-phase2-gemma-2-9b-it,gemma-2-9b-it,user_prompt,14,attack_vs_direct_harmful,autodan,direct_harmful,0.9201313853263855,0.0798686146736145,104.7223892211914,148.44805908203125,-43.725669860839844
jbshield-gemma-phase2-gemma-2-9b-it,gemma-2-9b-it,user_prompt,14,attack_vs_harmless,autodan,none,0.820242702960968,0.17975729703903198,104.7223892211914,194.05682373046875,-89.33443450927734
jbshield-gemma-phase2-gemma-2-9b-it,gemma-2-9b-it,user_prompt,14,attack_vs_direct_harmful,base64,direct_harmful,0.7160757184028625,0.28392428159713745,97.4142837524414,148.44805908203125,-51.033775329589844
jbshield-gemma-phase2-gemma-2-9b-it,gemma-2-9b-it,user_prompt,14,attack_vs_harmless,base64,none,0.634919285774231,0.36508071422576904,97.4142837524414,194.05682373046875,-96.64253997802734
jbshield-gemma-phase2-gemma-2-9b-it,gemma-2-9b-it,user_prompt,14,attack_vs_direct_harmful,drattack,direct_harmful,0.8699861764907837,0.1300138235092163,99.7412109375,148.44805908203125,-48.70684814453125
jbshield-gemma-phase2-gemma-2-9b-it,gemma-2-9b-it,user_prompt,14,attack_vs_harmless,drattack,none,0.7999920845031738,0.20000791549682617,99.7412109375,194.05682373046875,-94.31561279296875
jbshield-gemma-phase2-gemma-2-9b-it,gemma-2-9b-it,user_prompt,14,attack_vs_direct_harmful,gcg,direct_harmful,0.9483605027198792,0.05163949728012085,116.29241943359375,148.44805908203125,-32.1556396484375
jbshield-gemma-phase2-gemma-2-9b-it,gemma-2-9b-it,user_prompt,14,attack_vs_harmless,gcg,none,0.8480411767959595,0.15195882320404053,116.29241943359375,194.05682373046875,-77.764404296875
jbshield-gemma-phase2-gemma-2-9b-it,gemma-2-9b-it,user_prompt,14,attack_vs_direct_harmful,ijp,direct_harmful,0.8849896788597107,0.1150103211402893,97.48925018310547,148.44805908203125,-50.95880889892578
jbshield-gemma-phase2-gemma-2-9b-it,gemma-2-9b-it,user_prompt,14,attack_vs_harmless,ijp,none,0.8056923747062683,0.1943076252937317,97.48925018310547,194.05682373046875,-96.56757354736328
jbshield-gemma-phase2-gemma-2-9b-it,gemma-2-9b-it,user_prompt,14,attack_vs_direct_harmful,pair,direct_harmful,0.9601535797119141,0.03984642028808594,119.89334869384766,148.44805908203125,-28.554710388183594
jbshield-gemma-phase2-gemma-2-9b-it,gemma-2-9b-it,user_prompt,14,attack_vs_harmless,pair,none,0.8775793313980103,0.12242066860198975,119.89334869384766,194.05682373046875,-74.1634750366211
jbshield-gemma-phase2-gemma-2-9b-it,gemma-2-9b-it,user_prompt,14,attack_vs_direct_harmful,puzzler,direct_harmful,0.8515632152557373,0.1484367847442627,100.45658111572266,148.44805908203125,-47.991477966308594
jbshield-gemma-phase2-gemma-2-9b-it,gemma-2-9b-it,user_prompt,14,attack_vs_harmless,puzzler,none,0.7665104866027832,0.2334895133972168,100.45658111572266,194.05682373046875,-93.6002426147461
jbshield-gemma-phase2-gemma-2-9b-it,gemma-2-9b-it,user_prompt,14,attack_vs_direct_harmful,saa,direct_harmful,0.8501297235488892,0.14987027645111084,90.13887023925781,148.44805908203125,-58.30918884277344
jbshield-gemma-phase2-gemma-2-9b-it,gemma-2-9b-it,user_prompt,14,attack_vs_harmless,saa,none,0.7651656866073608,0.23483431339263916,90.13887023925781,194.05682373046875,-103.91795349121094
jbshield-gemma-phase2-gemma-2-9b-it,gemma-2-9b-it,user_prompt,14,attack_vs_direct_harmful,zulu,direct_harmful,0.6984658241271973,0.30153417587280273,100.12348937988281,148.44805908203125,-48.32456970214844
jbshield-gemma-phase2-gemma-2-9b-it,gemma-2-9b-it,user_prompt,14,attack_vs_harmless,zulu,none,0.6158343553543091,0.3841656446456909,100.12348937988281,194.05682373046875,-93.93333435058594
jbshield-gemma-phase2-gemma-2-9b-it,gemma-2-9b-it,user_prompt,15,label_1_vs_label_0,label_1,label_0,0.8691291213035583,0.13087087869644165,112.40158081054688,239.1353759765625,-126.73379516601562
jbshield-gemma-phase2-gemma-2-9b-it,gemma-2-9b-it,user_prompt,15,direct_harmful_vs_harmless,direct_harmful,none,0.9169913530349731,0.08300864696502686,179.07513427734375,241.76708984375,-62.69195556640625
jbshield-gemma-phase2-gemma-2-9b-it,gemma-2-9b-it,user_prompt,15,attack_vs_direct_harmful,autodan,direct_harmful,0.9390384554862976,0.06096154451370239,126.43206787109375,179.07513427734375,-52.64306640625
jbshield-gemma-phase2-gemma-2-9b-it,gemma-2-9b-it,user_prompt,15,attack_vs_harmless,autodan,none,0.8628634214401245,0.1371365785598755,126.43206787109375,241.76708984375,-115.33502197265625
jbshield-gemma-phase2-gemma-2-9b-it,gemma-2-9b-it,user_prompt,15,attack_vs_direct_harmful,base64,direct_harmful,0.754318356513977,0.24568164348602295,106.12535095214844,179.07513427734375,-72.94978332519531
jbshield-gemma-phase2-gemma-2-9b-it,gemma-2-9b-it,user_prompt,15,attack_vs_harmless,base64,none,0.6855434775352478,0.3144565224647522,106.12535095214844,241.76708984375,-135.64173889160156
jbshield-gemma-phase2-gemma-2-9b-it,gemma-2-9b-it,user_prompt,15,attack_vs_direct_harmful,drattack,direct_harmful,0.8829825520515442,0.11701744794845581,114.251220703125,179.07513427734375,-64.82391357421875
jbshield-gemma-phase2-gemma-2-9b-it,gemma-2-9b-it,user_prompt,15,attack_vs_harmless,drattack,none,0.8267834782600403,0.17321652173995972,114.251220703125,241.76708984375,-127.515869140625
jbshield-gemma-phase2-gemma-2-9b-it,gemma-2-9b-it,user_prompt,15,attack_vs_direct_harmful,gcg,direct_harmful,0.9591125249862671,0.04088747501373291,140.54104614257812,179.07513427734375,-38.534088134765625
jbshield-gemma-phase2-gemma-2-9b-it,gemma-2-9b-it,user_prompt,15,attack_vs_harmless,gcg,none,0.8814899325370789,0.11851006746292114,140.54104614257812,241.76708984375,-101.22604370117188
jbshield-gemma-phase2-gemma-2-9b-it,gemma-2-9b-it,user_prompt,15,attack_vs_direct_harmful,ijp,direct_harmful,0.894358217716217,0.10564178228378296,110.15747833251953,179.07513427734375,-68.91765594482422
jbshield-gemma-phase2-gemma-2-9b-it,gemma-2-9b-it,user_prompt,15,attack_vs_harmless,ijp,none,0.8214731812477112,0.17852681875228882,110.15747833251953,241.76708984375,-131.609619140625
jbshield-gemma-phase2-gemma-2-9b-it,gemma-2-9b-it,user_prompt,15,attack_vs_direct_harmful,pair,direct_harmful,0.9678443670272827,0.032155632972717285,140.41343688964844,179.07513427734375,-38.66169738769531
jbshield-gemma-phase2-gemma-2-9b-it,gemma-2-9b-it,user_prompt,15,attack_vs_harmless,pair,none,0.8987039923667908,0.10129600763320923,140.41343688964844,241.76708984375,-101.35365295410156
jbshield-gemma-phase2-gemma-2-9b-it,gemma-2-9b-it,user_prompt,15,attack_vs_direct_harmful,puzzler,direct_harmful,0.8634819388389587,0.13651806116104126,111.7669906616211,179.07513427734375,-67.30814361572266
jbshield-gemma-phase2-gemma-2-9b-it,gemma-2-9b-it,user_prompt,15,attack_vs_harmless,puzzler,none,0.7897703051567078,0.21022969484329224,111.7669906616211,241.76708984375,-130.00009155273438
jbshield-gemma-phase2-gemma-2-9b-it,gemma-2-9b-it,user_prompt,15,attack_vs_direct_harmful,saa,direct_harmful,0.8607901334762573,0.13920986652374268,103.44309997558594,179.07513427734375,-75.63203430175781
jbshield-gemma-phase2-gemma-2-9b-it,gemma-2-9b-it,user_prompt,15,attack_vs_harmless,saa,none,0.7872617840766907,0.21273821592330933,103.44309997558594,241.76708984375,-138.32398986816406
jbshield-gemma-phase2-gemma-2-9b-it,gemma-2-9b-it,user_prompt,15,attack_vs_direct_harmful,zulu,direct_harmful,0.7692490816116333,0.2307509183883667,112.63096618652344,179.07513427734375,-66.44416809082031
jbshield-gemma-phase2-gemma-2-9b-it,gemma-2-9b-it,user_prompt,15,attack_vs_harmless,zulu,none,0.7042415738105774,0.2957584261894226,112.63096618652344,241.76708984375,-129.13612365722656
jbshield-gemma-phase2-gemma-2-9b-it,gemma-2-9b-it,user_prompt,16,label_1_vs_label_0,label_1,label_0,0.8808310627937317,0.11916893720626831,124.2406234741211,270.5428161621094,-146.30218505859375
jbshield-gemma-phase2-gemma-2-9b-it,gemma-2-9b-it,user_prompt,16,direct_harmful_vs_harmless,direct_harmful,none,0.8968135118484497,0.10318648815155029,181.32093811035156,274.3377380371094,-93.01679992675781
jbshield-gemma-phase2-gemma-2-9b-it,gemma-2-9b-it,user_prompt,16,attack_vs_direct_harmful,autodan,direct_harmful,0.9427959322929382,0.05720406770706177,141.41888427734375,181.32093811035156,-39.90205383300781
jbshield-gemma-phase2-gemma-2-9b-it,gemma-2-9b-it,user_prompt,16,attack_vs_harmless,autodan,none,0.8736951351165771,0.12630486488342285,141.41888427734375,274.3377380371094,-132.91885375976562
jbshield-gemma-phase2-gemma-2-9b-it,gemma-2-9b-it,user_prompt,16,attack_vs_direct_harmful,base64,direct_harmful,0.781535267829895,0.21846473217010498,111.7517318725586,181.32093811035156,-69.56920623779297
jbshield-gemma-phase2-gemma-2-9b-it,gemma-2-9b-it,user_prompt,16,attack_vs_harmless,base64,none,0.7143082618713379,0.2856917381286621,111.7517318725586,274.3377380371094,-162.58599853515625
jbshield-gemma-phase2-gemma-2-9b-it,gemma-2-9b-it,user_prompt,16,attack_vs_direct_harmful,drattack,direct_harmful,0.887775182723999,0.11222481727600098,131.09523010253906,181.32093811035156,-50.2257080078125
jbshield-gemma-phase2-gemma-2-9b-it,gemma-2-9b-it,user_prompt,16,attack_vs_harmless,drattack,none,0.8488596081733704,0.15114039182662964,131.09523010253906,274.3377380371094,-143.2425079345703
jbshield-gemma-phase2-gemma-2-9b-it,gemma-2-9b-it,user_prompt,16,attack_vs_direct_harmful,gcg,direct_harmful,0.9594666361808777,0.040533363819122314,150.85733032226562,181.32093811035156,-30.463607788085938
jbshield-gemma-phase2-gemma-2-9b-it,gemma-2-9b-it,user_prompt,16,attack_vs_harmless,gcg,none,0.8777211308479309,0.12227886915206909,150.85733032226562,274.3377380371094,-123.48040771484375
jbshield-gemma-phase2-gemma-2-9b-it,gemma-2-9b-it,user_prompt,16,attack_vs_direct_harmful,ijp,direct_harmful,0.9097357392311096,0.09026426076889038,127.48084259033203,181.32093811035156,-53.84009552001953
jbshield-gemma-phase2-gemma-2-9b-it,gemma-2-9b-it,user_prompt,16,attack_vs_harmless,ijp,none,0.854387104511261,0.145612895488739,127.48084259033203,274.3377380371094,-146.85690307617188
jbshield-gemma-phase2-gemma-2-9b-it,gemma-2-9b-it,user_prompt,16,attack_vs_direct_harmful,pair,direct_harmful,0.9664345979690552,0.033565402030944824,147.78475952148438,181.32093811035156,-33.53617858886719
jbshield-gemma-phase2-gemma-2-9b-it,gemma-2-9b-it,user_prompt,16,attack_vs_harmless,pair,none,0.8895204663276672,0.11047953367233276,147.78475952148438,274.3377380371094,-126.552978515625
jbshield-gemma-phase2-gemma-2-9b-it,gemma-2-9b-it,user_prompt,16,attack_vs_direct_harmful,puzzler,direct_harmful,0.8766184449195862,0.12338155508041382,132.04360961914062,181.32093811035156,-49.27732849121094
jbshield-gemma-phase2-gemma-2-9b-it,gemma-2-9b-it,user_prompt,16,attack_vs_harmless,puzzler,none,0.8390085101127625,0.16099148988723755,132.04360961914062,274.3377380371094,-142.29412841796875
jbshield-gemma-phase2-gemma-2-9b-it,gemma-2-9b-it,user_prompt,16,attack_vs_direct_harmful,saa,direct_harmful,0.882368266582489,0.11763173341751099,120.77690124511719,181.32093811035156,-60.544036865234375
jbshield-gemma-phase2-gemma-2-9b-it,gemma-2-9b-it,user_prompt,16,attack_vs_harmless,saa,none,0.8302633166313171,0.16973668336868286,120.77690124511719,274.3377380371094,-153.5608367919922
jbshield-gemma-phase2-gemma-2-9b-it,gemma-2-9b-it,user_prompt,16,attack_vs_direct_harmful,zulu,direct_harmful,0.7897382974624634,0.21026170253753662,117.79412078857422,181.32093811035156,-63.526817321777344
jbshield-gemma-phase2-gemma-2-9b-it,gemma-2-9b-it,user_prompt,16,attack_vs_harmless,zulu,none,0.7212535738945007,0.27874642610549927,117.79412078857422,274.3377380371094,-156.54360961914062
jbshield-gemma-phase2-gemma-2-9b-it,gemma-2-9b-it,user_prompt,17,label_1_vs_label_0,label_1,label_0,0.887712299823761,0.11228770017623901,134.71371459960938,313.4691162109375,-178.75540161132812
jbshield-gemma-phase2-gemma-2-9b-it,gemma-2-9b-it,user_prompt,17,direct_harmful_vs_harmless,direct_harmful,none,0.9176409840583801,0.08235901594161987,213.57203674316406,317.6020202636719,-104.02998352050781
jbshield-gemma-phase2-gemma-2-9b-it,gemma-2-9b-it,user_prompt,17,attack_vs_direct_harmful,autodan,direct_harmful,0.9475763440132141,0.05242365598678589,157.06643676757812,213.57203674316406,-56.50559997558594
jbshield-gemma-phase2-gemma-2-9b-it,gemma-2-9b-it,user_prompt,17,attack_vs_harmless,autodan,none,0.8846272826194763,0.11537271738052368,157.06643676757812,317.6020202636719,-160.53558349609375
jbshield-gemma-phase2-gemma-2-9b-it,gemma-2-9b-it,user_prompt,17,attack_vs_direct_harmful,base64,direct_harmful,0.7829892039299011,0.21701079607009888,116.82452392578125,213.57203674316406,-96.74751281738281
jbshield-gemma-phase2-gemma-2-9b-it,gemma-2-9b-it,user_prompt,17,attack_vs_harmless,base64,none,0.7185486555099487,0.28145134449005127,116.82452392578125,317.6020202636719,-200.77749633789062
jbshield-gemma-phase2-gemma-2-9b-it,gemma-2-9b-it,user_prompt,17,attack_vs_direct_harmful,drattack,direct_harmful,0.8783276677131653,0.12167233228683472,136.7892303466797,213.57203674316406,-76.78280639648438
jbshield-gemma-phase2-gemma-2-9b-it,gemma-2-9b-it,user_prompt,17,attack_vs_harmless,drattack,none,0.8350110650062561,0.1649889349937439,136.7892303466797,317.6020202636719,-180.8127899169922
jbshield-gemma-phase2-gemma-2-9b-it,gemma-2-9b-it,user_prompt,17,attack_vs_direct_harmful,gcg,direct_harmful,0.9653170704841614,0.03468292951583862,170.5686798095703,213.57203674316406,-43.00335693359375
jbshield-gemma-phase2-gemma-2-9b-it,gemma-2-9b-it,user_prompt,17,attack_vs_harmless,gcg,none,0.8933445811271667,0.10665541887283325,170.5686798095703,317.6020202636719,-147.03334045410156
jbshield-gemma-phase2-gemma-2-9b-it,gemma-2-9b-it,user_prompt,17,attack_vs_direct_harmful,ijp,direct_harmful,0.9072311520576477,0.0927688479423523,134.71502685546875,213.57203674316406,-78.85700988769531
jbshield-gemma-phase2-gemma-2-9b-it,gemma-2-9b-it,user_prompt,17,attack_vs_harmless,ijp,none,0.8484524488449097,0.15154755115509033,134.71502685546875,317.6020202636719,-182.88699340820312
jbshield-gemma-phase2-gemma-2-9b-it,gemma-2-9b-it,user_prompt,17,attack_vs_direct_harmful,pair,direct_harmful,0.9703715443611145,0.029628455638885498,168.40164184570312,213.57203674316406,-45.17039489746094
jbshield-gemma-phase2-gemma-2-9b-it,gemma-2-9b-it,user_prompt,17,attack_vs_harmless,pair,none,0.9029988646507263,0.09700113534927368,168.40164184570312,317.6020202636719,-149.20037841796875
jbshield-gemma-phase2-gemma-2-9b-it,gemma-2-9b-it,user_prompt,17,attack_vs_direct_harmful,puzzler,direct_harmful,0.8617498874664307,0.13825011253356934,134.2772216796875,213.57203674316406,-79.29481506347656
jbshield-gemma-phase2-gemma-2-9b-it,gemma-2-9b-it,user_prompt,17,attack_vs_harmless,puzzler,none,0.8117614388465881,0.18823856115341187,134.2772216796875,317.6020202636719,-183.32479858398438
jbshield-gemma-phase2-gemma-2-9b-it,gemma-2-9b-it,user_prompt,17,attack_vs_direct_harmful,saa,direct_harmful,0.8755393624305725,0.12446063756942749,127.80949401855469,213.57203674316406,-85.76254272460938
jbshield-gemma-phase2-gemma-2-9b-it,gemma-2-9b-it,user_prompt,17,attack_vs_harmless,saa,none,0.8216368556022644,0.1783631443977356,127.80949401855469,317.6020202636719,-189.7925262451172
jbshield-gemma-phase2-gemma-2-9b-it,gemma-2-9b-it,user_prompt,17,attack_vs_direct_harmful,zulu,direct_harmful,0.8071296215057373,0.1928703784942627,122.68637084960938,213.57203674316406,-90.88566589355469
jbshield-gemma-phase2-gemma-2-9b-it,gemma-2-9b-it,user_prompt,17,attack_vs_harmless,zulu,none,0.7424249649047852,0.25757503509521484,122.68637084960938,317.6020202636719,-194.9156494140625
jbshield-gemma-phase2-gemma-2-9b-it,gemma-2-9b-it,user_prompt,18,label_1_vs_label_0,label_1,label_0,0.8992876410484314,0.1007123589515686,144.92977905273438,345.2430419921875,-200.31326293945312
jbshield-gemma-phase2-gemma-2-9b-it,gemma-2-9b-it,user_prompt,18,direct_harmful_vs_harmless,direct_harmful,none,0.9188491106033325,0.08115088939666748,231.11585998535156,349.91851806640625,-118.80265808105469
jbshield-gemma-phase2-gemma-2-9b-it,gemma-2-9b-it,user_prompt,18,attack_vs_direct_harmful,autodan,direct_harmful,0.9508084654808044,0.04919153451919556,163.2754364013672,231.11585998535156,-67.84042358398438
jbshield-gemma-phase2-gemma-2-9b-it,gemma-2-9b-it,user_prompt,18,attack_vs_harmless,autodan,none,0.8855217099189758,0.11447829008102417,163.2754364013672,349.91851806640625,-186.64308166503906
jbshield-gemma-phase2-gemma-2-9b-it,gemma-2-9b-it,user_prompt,18,attack_vs_direct_harmful,base64,direct_harmful,0.8044458627700806,0.19555413722991943,117.78385925292969,231.11585998535156,-113.33200073242188
jbshield-gemma-phase2-gemma-2-9b-it,gemma-2-9b-it,user_prompt,18,attack_vs_harmless,base64,none,0.742102861404419,0.25789713859558105,117.78385925292969,349.91851806640625,-232.13465881347656
jbshield-gemma-phase2-gemma-2-9b-it,gemma-2-9b-it,user_prompt,18,attack_vs_direct_harmful,drattack,direct_harmful,0.8950281739234924,0.10497182607650757,156.03756713867188,231.11585998535156,-75.07829284667969
jbshield-gemma-phase2-gemma-2-9b-it,gemma-2-9b-it,user_prompt,18,attack_vs_harmless,drattack,none,0.8663020133972168,0.1336979866027832,156.03756713867188,349.91851806640625,-193.88095092773438
jbshield-gemma-phase2-gemma-2-9b-it,gemma-2-9b-it,user_prompt,18,attack_vs_direct_harmful,gcg,direct_harmful,0.9684093594551086,0.03159064054489136,178.2866668701172,231.11585998535156,-52.829193115234375
jbshield-gemma-phase2-gemma-2-9b-it,gemma-2-9b-it,user_prompt,18,attack_vs_harmless,gcg,none,0.8932368159294128,0.10676318407058716,178.2866668701172,349.91851806640625,-171.63185119628906
jbshield-gemma-phase2-gemma-2-9b-it,gemma-2-9b-it,user_prompt,18,attack_vs_direct_harmful,ijp,direct_harmful,0.9205078482627869,0.07949215173721313,154.84689331054688,231.11585998535156,-76.26896667480469
jbshield-gemma-phase2-gemma-2-9b-it,gemma-2-9b-it,user_prompt,18,attack_vs_harmless,ijp,none,0.8774256706237793,0.1225743293762207,154.84689331054688,349.91851806640625,-195.07162475585938
jbshield-gemma-phase2-gemma-2-9b-it,gemma-2-9b-it,user_prompt,18,attack_vs_direct_harmful,pair,direct_harmful,0.9744807481765747,0.025519251823425293,192.5723419189453,231.11585998535156,-38.54351806640625
jbshield-gemma-phase2-gemma-2-9b-it,gemma-2-9b-it,user_prompt,18,attack_vs_harmless,pair,none,0.9181549549102783,0.08184504508972168,192.5723419189453,349.91851806640625,-157.34617614746094
jbshield-gemma-phase2-gemma-2-9b-it,gemma-2-9b-it,user_prompt,18,attack_vs_direct_harmful,puzzler,direct_harmful,0.8706533312797546,0.12934666872024536,153.4693603515625,231.11585998535156,-77.64649963378906
jbshield-gemma-phase2-gemma-2-9b-it,gemma-2-9b-it,user_prompt,18,attack_vs_harmless,puzzler,none,0.8308574557304382,0.16914254426956177,153.4693603515625,349.91851806640625,-196.44915771484375
jbshield-gemma-phase2-gemma-2-9b-it,gemma-2-9b-it,user_prompt,18,attack_vs_direct_harmful,saa,direct_harmful,0.8843086957931519,0.11569130420684814,139.90570068359375,231.11585998535156,-91.21015930175781
jbshield-gemma-phase2-gemma-2-9b-it,gemma-2-9b-it,user_prompt,18,attack_vs_harmless,saa,none,0.8375698924064636,0.16243010759353638,139.90570068359375,349.91851806640625,-210.0128173828125
jbshield-gemma-phase2-gemma-2-9b-it,gemma-2-9b-it,user_prompt,18,attack_vs_direct_harmful,zulu,direct_harmful,0.7944225072860718,0.20557749271392822,117.91897583007812,231.11585998535156,-113.19688415527344
jbshield-gemma-phase2-gemma-2-9b-it,gemma-2-9b-it,user_prompt,18,attack_vs_harmless,zulu,none,0.7216712832450867,0.27832871675491333,117.91897583007812,349.91851806640625,-231.99954223632812
jbshield-gemma-phase2-gemma-2-9b-it,gemma-2-9b-it,user_prompt,19,label_1_vs_label_0,label_1,label_0,0.9152272343635559,0.08477276563644409,161.88311767578125,370.04534912109375,-208.1622314453125
jbshield-gemma-phase2-gemma-2-9b-it,gemma-2-9b-it,user_prompt,19,direct_harmful_vs_harmless,direct_harmful,none,0.920311689376831,0.07968831062316895,241.7722930908203,375.2382507324219,-133.46595764160156
jbshield-gemma-phase2-gemma-2-9b-it,gemma-2-9b-it,user_prompt,19,attack_vs_direct_harmful,autodan,direct_harmful,0.9545719027519226,0.04542809724807739,178.36412048339844,241.7722930908203,-63.408172607421875
jbshield-gemma-phase2-gemma-2-9b-it,gemma-2-9b-it,user_prompt,19,attack_vs_harmless,autodan,none,0.8972156047821045,0.10278439521789551,178.36412048339844,375.2382507324219,-196.87413024902344
jbshield-gemma-phase2-gemma-2-9b-it,gemma-2-9b-it,user_prompt,19,attack_vs_direct_harmful,base64,direct_harmful,0.8614248037338257,0.13857519626617432,141.2336883544922,241.7722930908203,-100.53860473632812
jbshield-gemma-phase2-gemma-2-9b-it,gemma-2-9b-it,user_prompt,19,attack_vs_harmless,base64,none,0.8271913528442383,0.17280864715576172,141.2336883544922,375.2382507324219,-234.0045623779297
jbshield-gemma-phase2-gemma-2-9b-it,gemma-2-9b-it,user_prompt,19,attack_vs_direct_harmful,drattack,direct_harmful,0.9003739356994629,0.09962606430053711,168.34432983398438,241.7722930908203,-73.42796325683594
jbshield-gemma-phase2-gemma-2-9b-it,gemma-2-9b-it,user_prompt,19,attack_vs_harmless,drattack,none,0.8756964802742004,0.12430351972579956,168.34432983398438,375.2382507324219,-206.8939208984375
jbshield-gemma-phase2-gemma-2-9b-it,gemma-2-9b-it,user_prompt,19,attack_vs_direct_harmful,gcg,direct_harmful,0.9706676602363586,0.029332339763641357,192.39398193359375,241.7722930908203,-49.37831115722656
jbshield-gemma-phase2-gemma-2-9b-it,gemma-2-9b-it,user_prompt,19,attack_vs_harmless,gcg,none,0.9028974175453186,0.0971025824546814,192.39398193359375,375.2382507324219,-182.84426879882812
jbshield-gemma-phase2-gemma-2-9b-it,gemma-2-9b-it,user_prompt,19,attack_vs_direct_harmful,ijp,direct_harmful,0.921245276927948,0.078754723072052,168.683837890625,241.7722930908203,-73.08845520019531
jbshield-gemma-phase2-gemma-2-9b-it,gemma-2-9b-it,user_prompt,19,attack_vs_harmless,ijp,none,0.8840655088424683,0.11593449115753174,168.683837890625,375.2382507324219,-206.55441284179688
jbshield-gemma-phase2-gemma-2-9b-it,gemma-2-9b-it,user_prompt,19,attack_vs_direct_harmful,pair,direct_harmful,0.9747072458267212,0.02529275417327881,204.03855895996094,241.7722930908203,-37.733734130859375
jbshield-gemma-phase2-gemma-2-9b-it,gemma-2-9b-it,user_prompt,19,attack_vs_harmless,pair,none,0.920076310634613,0.07992368936538696,204.03855895996094,375.2382507324219,-171.19969177246094
jbshield-gemma-phase2-gemma-2-9b-it,gemma-2-9b-it,user_prompt,19,attack_vs_direct_harmful,puzzler,direct_harmful,0.8791476488113403,0.12085235118865967,170.61875915527344,241.7722930908203,-71.15353393554688
jbshield-gemma-phase2-gemma-2-9b-it,gemma-2-9b-it,user_prompt,19,attack_vs_harmless,puzzler,none,0.8496639132499695,0.15033608675003052,170.61875915527344,375.2382507324219,-204.61949157714844
jbshield-gemma-phase2-gemma-2-9b-it,gemma-2-9b-it,user_prompt,19,attack_vs_direct_harmful,saa,direct_harmful,0.8942764401435852,0.1057235598564148,157.14859008789062,241.7722930908203,-84.62370300292969
jbshield-gemma-phase2-gemma-2-9b-it,gemma-2-9b-it,user_prompt,19,attack_vs_harmless,saa,none,0.8591435551643372,0.14085644483566284,157.14859008789062,375.2382507324219,-218.08966064453125
jbshield-gemma-phase2-gemma-2-9b-it,gemma-2-9b-it,user_prompt,19,attack_vs_direct_harmful,zulu,direct_harmful,0.8538303375244141,0.14616966247558594,138.25108337402344,241.7722930908203,-103.52120971679688
jbshield-gemma-phase2-gemma-2-9b-it,gemma-2-9b-it,user_prompt,19,attack_vs_harmless,zulu,none,0.8102286458015442,0.1897713541984558,138.25108337402344,375.2382507324219,-236.98716735839844
jbshield-gemma-phase2-gemma-2-9b-it,gemma-2-9b-it,user_prompt,20,label_1_vs_label_0,label_1,label_0,0.9229485988616943,0.07705140113830566,175.1299591064453,397.8778076171875,-222.7478485107422
jbshield-gemma-phase2-gemma-2-9b-it,gemma-2-9b-it,user_prompt,20,direct_harmful_vs_harmless,direct_harmful,none,0.9315329194068909,0.06846708059310913,266.1175231933594,403.1568298339844,-137.039306640625
jbshield-gemma-phase2-gemma-2-9b-it,gemma-2-9b-it,user_prompt,20,attack_vs_direct_harmful,autodan,direct_harmful,0.9611772894859314,0.038822710514068604,194.26666259765625,266.1175231933594,-71.85086059570312
jbshield-gemma-phase2-gemma-2-9b-it,gemma-2-9b-it,user_prompt,20,attack_vs_harmless,autodan,none,0.9068084359169006,0.09319156408309937,194.26666259765625,403.1568298339844,-208.89016723632812
jbshield-gemma-phase2-gemma-2-9b-it,gemma-2-9b-it,user_prompt,20,attack_vs_direct_harmful,base64,direct_harmful,0.8571049571037292,0.14289504289627075,136.47708129882812,266.1175231933594,-129.64044189453125
jbshield-gemma-phase2-gemma-2-9b-it,gemma-2-9b-it,user_prompt,20,attack_vs_harmless,base64,none,0.8146134614944458,0.1853865385055542,136.47708129882812,403.1568298339844,-266.67974853515625
jbshield-gemma-phase2-gemma-2-9b-it,gemma-2-9b-it,user_prompt,20,attack_vs_direct_harmful,drattack,direct_harmful,0.9129163026809692,0.08708369731903076,185.8663787841797,266.1175231933594,-80.25114440917969
jbshield-gemma-phase2-gemma-2-9b-it,gemma-2-9b-it,user_prompt,20,attack_vs_harmless,drattack,none,0.8915015459060669,0.1084984540939331,185.8663787841797,403.1568298339844,-217.2904510498047
jbshield-gemma-phase2-gemma-2-9b-it,gemma-2-9b-it,user_prompt,20,attack_vs_direct_harmful,gcg,direct_harmful,0.9757645130157471,0.02423548698425293,213.76319885253906,266.1175231933594,-52.35432434082031
jbshield-gemma-phase2-gemma-2-9b-it,gemma-2-9b-it,user_prompt,20,attack_vs_harmless,gcg,none,0.917889416217804,0.08211058378219604,213.76319885253906,403.1568298339844,-189.3936309814453
jbshield-gemma-phase2-gemma-2-9b-it,gemma-2-9b-it,user_prompt,20,attack_vs_direct_harmful,ijp,direct_harmful,0.9316863417625427,0.06831365823745728,185.189453125,266.1175231933594,-80.92807006835938
jbshield-gemma-phase2-gemma-2-9b-it,gemma-2-9b-it,user_prompt,20,attack_vs_harmless,ijp,none,0.89630126953125,0.10369873046875,185.189453125,403.1568298339844,-217.96737670898438
jbshield-gemma-phase2-gemma-2-9b-it,gemma-2-9b-it,user_prompt,20,attack_vs_direct_harmful,pair,direct_harmful,0.9779520630836487,0.02204793691635132,225.80921936035156,266.1175231933594,-40.30830383300781
jbshield-gemma-phase2-gemma-2-9b-it,gemma-2-9b-it,user_prompt,20,attack_vs_harmless,pair,none,0.9284279346466064,0.07157206535339355,225.80921936035156,403.1568298339844,-177.3476104736328
jbshield-gemma-phase2-gemma-2-9b-it,gemma-2-9b-it,user_prompt,20,attack_vs_direct_harmful,puzzler,direct_harmful,0.8877776265144348,0.11222237348556519,186.76565551757812,266.1175231933594,-79.35186767578125
jbshield-gemma-phase2-gemma-2-9b-it,gemma-2-9b-it,user_prompt,20,attack_vs_harmless,puzzler,none,0.8602120280265808,0.1397879719734192,186.76565551757812,403.1568298339844,-216.39117431640625
jbshield-gemma-phase2-gemma-2-9b-it,gemma-2-9b-it,user_prompt,20,attack_vs_direct_harmful,saa,direct_harmful,0.9074636697769165,0.0925363302230835,173.22760009765625,266.1175231933594,-92.88992309570312
jbshield-gemma-phase2-gemma-2-9b-it,gemma-2-9b-it,user_prompt,20,attack_vs_harmless,saa,none,0.8758189678192139,0.12418103218078613,173.22760009765625,403.1568298339844,-229.92922973632812
jbshield-gemma-phase2-gemma-2-9b-it,gemma-2-9b-it,user_prompt,20,attack_vs_direct_harmful,zulu,direct_harmful,0.8637478351593018,0.13625216484069824,140.4228057861328,266.1175231933594,-125.69471740722656
jbshield-gemma-phase2-gemma-2-9b-it,gemma-2-9b-it,user_prompt,20,attack_vs_harmless,zulu,none,0.8178375363349915,0.18216246366500854,140.4228057861328,403.1568298339844,-262.7340087890625
jbshield-gemma-phase2-gemma-2-9b-it,gemma-2-9b-it,user_prompt,21,label_1_vs_label_0,label_1,label_0,0.9284306168556213,0.07156938314437866,188.7116241455078,422.4397888183594,-233.72816467285156
jbshield-gemma-phase2-gemma-2-9b-it,gemma-2-9b-it,user_prompt,21,direct_harmful_vs_harmless,direct_harmful,none,0.9387480020523071,0.06125199794769287,288.25677490234375,427.78472900390625,-139.5279541015625
jbshield-gemma-phase2-gemma-2-9b-it,gemma-2-9b-it,user_prompt,21,attack_vs_direct_harmful,autodan,direct_harmful,0.9648145437240601,0.03518545627593994,212.7925262451172,288.25677490234375,-75.46424865722656
jbshield-gemma-phase2-gemma-2-9b-it,gemma-2-9b-it,user_prompt,21,attack_vs_harmless,autodan,none,0.9153534173965454,0.08464658260345459,212.7925262451172,427.78472900390625,-214.99220275878906
jbshield-gemma-phase2-gemma-2-9b-it,gemma-2-9b-it,user_prompt,21,attack_vs_direct_harmful,base64,direct_harmful,0.8655094504356384,0.13449054956436157,141.41824340820312,288.25677490234375,-146.83853149414062
jbshield-gemma-phase2-gemma-2-9b-it,gemma-2-9b-it,user_prompt,21,attack_vs_harmless,base64,none,0.8221121430397034,0.17788785696029663,141.41824340820312,427.78472900390625,-286.3664855957031
jbshield-gemma-phase2-gemma-2-9b-it,gemma-2-9b-it,user_prompt,21,attack_vs_direct_harmful,drattack,direct_harmful,0.9139305353164673,0.08606946468353271,198.75662231445312,288.25677490234375,-89.50015258789062
jbshield-gemma-phase2-gemma-2-9b-it,gemma-2-9b-it,user_prompt,21,attack_vs_harmless,drattack,none,0.8940719366073608,0.10592806339263916,198.75662231445312,427.78472900390625,-229.02810668945312
jbshield-gemma-phase2-gemma-2-9b-it,gemma-2-9b-it,user_prompt,21,attack_vs_direct_harmful,gcg,direct_harmful,0.9772940874099731,0.022705912590026855,229.49378967285156,288.25677490234375,-58.76298522949219
jbshield-gemma-phase2-gemma-2-9b-it,gemma-2-9b-it,user_prompt,21,attack_vs_harmless,gcg,none,0.9235031008720398,0.0764968991279602,229.49378967285156,427.78472900390625,-198.2909393310547
jbshield-gemma-phase2-gemma-2-9b-it,gemma-2-9b-it,user_prompt,21,attack_vs_direct_harmful,ijp,direct_harmful,0.9350122809410095,0.06498771905899048,199.46176147460938,288.25677490234375,-88.79501342773438
jbshield-gemma-phase2-gemma-2-9b-it,gemma-2-9b-it,user_prompt,21,attack_vs_harmless,ijp,none,0.9012328386306763,0.09876716136932373,199.46176147460938,427.78472900390625,-228.32296752929688
jbshield-gemma-phase2-gemma-2-9b-it,gemma-2-9b-it,user_prompt,21,attack_vs_direct_harmful,pair,direct_harmful,0.9794047474861145,0.020595252513885498,248.3446807861328,288.25677490234375,-39.91209411621094
jbshield-gemma-phase2-gemma-2-9b-it,gemma-2-9b-it,user_prompt,21,attack_vs_harmless,pair,none,0.9363889694213867,0.06361103057861328,248.3446807861328,427.78472900390625,-179.44004821777344
jbshield-gemma-phase2-gemma-2-9b-it,gemma-2-9b-it,user_prompt,21,attack_vs_direct_harmful,puzzler,direct_harmful,0.8888518810272217,0.11114811897277832,203.31089782714844,288.25677490234375,-84.94587707519531
jbshield-gemma-phase2-gemma-2-9b-it,gemma-2-9b-it,user_prompt,21,attack_vs_harmless,puzzler,none,0.864240288734436,0.13575971126556396,203.31089782714844,427.78472900390625,-224.4738311767578
jbshield-gemma-phase2-gemma-2-9b-it,gemma-2-9b-it,user_prompt,21,attack_vs_direct_harmful,saa,direct_harmful,0.9104132652282715,0.08958673477172852,184.41177368164062,288.25677490234375,-103.84500122070312
jbshield-gemma-phase2-gemma-2-9b-it,gemma-2-9b-it,user_prompt,21,attack_vs_harmless,saa,none,0.8784874677658081,0.1215125322341919,184.41177368164062,427.78472900390625,-243.37295532226562
jbshield-gemma-phase2-gemma-2-9b-it,gemma-2-9b-it,user_prompt,21,attack_vs_direct_harmful,zulu,direct_harmful,0.8729696869850159,0.12703031301498413,149.87026977539062,288.25677490234375,-138.38650512695312
jbshield-gemma-phase2-gemma-2-9b-it,gemma-2-9b-it,user_prompt,21,attack_vs_harmless,zulu,none,0.8293223977088928,0.17067760229110718,149.87026977539062,427.78472900390625,-277.9144592285156
jbshield-gemma-phase2-gemma-2-9b-it,gemma-2-9b-it,user_prompt,22,label_1_vs_label_0,label_1,label_0,0.9367295503616333,0.0632704496383667,205.596923828125,451.0785827636719,-245.48165893554688
jbshield-gemma-phase2-gemma-2-9b-it,gemma-2-9b-it,user_prompt,22,direct_harmful_vs_harmless,direct_harmful,none,0.94475919008255,0.05524080991744995,309.33935546875,456.6703796386719,-147.33102416992188
jbshield-gemma-phase2-gemma-2-9b-it,gemma-2-9b-it,user_prompt,22,attack_vs_direct_harmful,autodan,direct_harmful,0.9690803289413452,0.030919671058654785,233.9687957763672,309.33935546875,-75.37055969238281
jbshield-gemma-phase2-gemma-2-9b-it,gemma-2-9b-it,user_prompt,22,attack_vs_harmless,autodan,none,0.925705075263977,0.07429492473602295,233.9687957763672,456.6703796386719,-222.7015838623047
jbshield-gemma-phase2-gemma-2-9b-it,gemma-2-9b-it,user_prompt,22,attack_vs_direct_harmful,base64,direct_harmful,0.8894517421722412,0.11054825782775879,151.82830810546875,309.33935546875,-157.51104736328125
jbshield-gemma-phase2-gemma-2-9b-it,gemma-2-9b-it,user_prompt,22,attack_vs_harmless,base64,none,0.8510989546775818,0.1489010453224182,151.82830810546875,456.6703796386719,-304.8420715332031
jbshield-gemma-phase2-gemma-2-9b-it,gemma-2-9b-it,user_prompt,22,attack_vs_direct_harmful,drattack,direct_harmful,0.9266552925109863,0.07334470748901367,221.32798767089844,309.33935546875,-88.01136779785156
jbshield-gemma-phase2-gemma-2-9b-it,gemma-2-9b-it,user_prompt,22,attack_vs_harmless,drattack,none,0.9115188121795654,0.08848118782043457,221.32798767089844,456.6703796386719,-235.34239196777344
jbshield-gemma-phase2-gemma-2-9b-it,gemma-2-9b-it,user_prompt,22,attack_vs_direct_harmful,gcg,direct_harmful,0.9796028733253479,0.0203971266746521,246.82090759277344,309.33935546875,-62.51844787597656
jbshield-gemma-phase2-gemma-2-9b-it,gemma-2-9b-it,user_prompt,22,attack_vs_harmless,gcg,none,0.9317936301231384,0.06820636987686157,246.82090759277344,456.6703796386719,-209.84947204589844
jbshield-gemma-phase2-gemma-2-9b-it,gemma-2-9b-it,user_prompt,22,attack_vs_direct_harmful,ijp,direct_harmful,0.9412768483161926,0.05872315168380737,219.6873779296875,309.33935546875,-89.6519775390625
jbshield-gemma-phase2-gemma-2-9b-it,gemma-2-9b-it,user_prompt,22,attack_vs_harmless,ijp,none,0.9106475114822388,0.08935248851776123,219.6873779296875,456.6703796386719,-236.98300170898438
jbshield-gemma-phase2-gemma-2-9b-it,gemma-2-9b-it,user_prompt,22,attack_vs_direct_harmful,pair,direct_harmful,0.9810135960578918,0.018986403942108154,268.2401123046875,309.33935546875,-41.0992431640625
jbshield-gemma-phase2-gemma-2-9b-it,gemma-2-9b-it,user_prompt,22,attack_vs_harmless,pair,none,0.9405289888381958,0.0594710111618042,268.2401123046875,456.6703796386719,-188.43026733398438
jbshield-gemma-phase2-gemma-2-9b-it,gemma-2-9b-it,user_prompt,22,attack_vs_direct_harmful,puzzler,direct_harmful,0.9012538194656372,0.09874618053436279,225.12413024902344,309.33935546875,-84.21522521972656
jbshield-gemma-phase2-gemma-2-9b-it,gemma-2-9b-it,user_prompt,22,attack_vs_harmless,puzzler,none,0.8765181303024292,0.1234818696975708,225.12413024902344,456.6703796386719,-231.54624938964844
jbshield-gemma-phase2-gemma-2-9b-it,gemma-2-9b-it,user_prompt,22,attack_vs_direct_harmful,saa,direct_harmful,0.9191166758537292,0.08088332414627075,202.7498779296875,309.33935546875,-106.5894775390625
jbshield-gemma-phase2-gemma-2-9b-it,gemma-2-9b-it,user_prompt,22,attack_vs_harmless,saa,none,0.8914246559143066,0.10857534408569336,202.7498779296875,456.6703796386719,-253.92050170898438
jbshield-gemma-phase2-gemma-2-9b-it,gemma-2-9b-it,user_prompt,22,attack_vs_direct_harmful,zulu,direct_harmful,0.8757144808769226,0.12428551912307739,155.8935089111328,309.33935546875,-153.4458465576172
jbshield-gemma-phase2-gemma-2-9b-it,gemma-2-9b-it,user_prompt,22,attack_vs_harmless,zulu,none,0.8346043825149536,0.1653956174850464,155.8935089111328,456.6703796386719,-300.77685546875
jbshield-gemma-phase2-gemma-2-9b-it,gemma-2-9b-it,user_prompt,23,label_1_vs_label_0,label_1,label_0,0.9398899078369141,0.06011009216308594,216.31704711914062,468.5441589355469,-252.22711181640625
jbshield-gemma-phase2-gemma-2-9b-it,gemma-2-9b-it,user_prompt,23,direct_harmful_vs_harmless,direct_harmful,none,0.9434432983398438,0.05655670166015625,322.908203125,474.31396484375,-151.40576171875
jbshield-gemma-phase2-gemma-2-9b-it,gemma-2-9b-it,user_prompt,23,attack_vs_direct_harmful,autodan,direct_harmful,0.9700702428817749,0.029929757118225098,245.5395965576172,322.908203125,-77.36860656738281
jbshield-gemma-phase2-gemma-2-9b-it,gemma-2-9b-it,user_prompt,23,attack_vs_harmless,autodan,none,0.9256165027618408,0.07438349723815918,245.5395965576172,474.31396484375,-228.7743682861328
jbshield-gemma-phase2-gemma-2-9b-it,gemma-2-9b-it,user_prompt,23,attack_vs_direct_harmful,base64,direct_harmful,0.8989502191543579,0.10104978084564209,159.2117919921875,322.908203125,-163.6964111328125
jbshield-gemma-phase2-gemma-2-9b-it,gemma-2-9b-it,user_prompt,23,attack_vs_harmless,base64,none,0.8632087707519531,0.13679122924804688,159.2117919921875,474.31396484375,-315.1021728515625
jbshield-gemma-phase2-gemma-2-9b-it,gemma-2-9b-it,user_prompt,23,attack_vs_direct_harmful,drattack,direct_harmful,0.9255345463752747,0.07446545362472534,228.90713500976562,322.908203125,-94.00106811523438
jbshield-gemma-phase2-gemma-2-9b-it,gemma-2-9b-it,user_prompt,23,attack_vs_harmless,drattack,none,0.9117620587348938,0.0882379412651062,228.90713500976562,474.31396484375,-245.40682983398438
jbshield-gemma-phase2-gemma-2-9b-it,gemma-2-9b-it,user_prompt,23,attack_vs_direct_harmful,gcg,direct_harmful,0.9804573059082031,0.019542694091796875,259.0053405761719,322.908203125,-63.902862548828125
jbshield-gemma-phase2-gemma-2-9b-it,gemma-2-9b-it,user_prompt,23,attack_vs_harmless,gcg,none,0.932555079460144,0.06744492053985596,259.0053405761719,474.31396484375,-215.30862426757812
jbshield-gemma-phase2-gemma-2-9b-it,gemma-2-9b-it,user_prompt,23,attack_vs_direct_harmful,ijp,direct_harmful,0.9456214308738708,0.05437856912612915,231.44932556152344,322.908203125,-91.45887756347656
jbshield-gemma-phase2-gemma-2-9b-it,gemma-2-9b-it,user_prompt,23,attack_vs_harmless,ijp,none,0.9165991544723511,0.08340084552764893,231.44932556152344,474.31396484375,-242.86463928222656
jbshield-gemma-phase2-gemma-2-9b-it,gemma-2-9b-it,user_prompt,23,attack_vs_direct_harmful,pair,direct_harmful,0.9814648032188416,0.018535196781158447,279.98626708984375,322.908203125,-42.92193603515625
jbshield-gemma-phase2-gemma-2-9b-it,gemma-2-9b-it,user_prompt,23,attack_vs_harmless,pair,none,0.9397861361503601,0.06021386384963989,279.98626708984375,474.31396484375,-194.32769775390625
jbshield-gemma-phase2-gemma-2-9b-it,gemma-2-9b-it,user_prompt,23,attack_vs_direct_harmful,puzzler,direct_harmful,0.8955170512199402,0.10448294878005981,236.10797119140625,322.908203125,-86.80023193359375
jbshield-gemma-phase2-gemma-2-9b-it,gemma-2-9b-it,user_prompt,23,attack_vs_harmless,puzzler,none,0.8731659650802612,0.12683403491973877,236.10797119140625,474.31396484375,-238.20599365234375
jbshield-gemma-phase2-gemma-2-9b-it,gemma-2-9b-it,user_prompt,23,attack_vs_direct_harmful,saa,direct_harmful,0.92596834897995,0.07403165102005005,213.3565673828125,322.908203125,-109.5516357421875
jbshield-gemma-phase2-gemma-2-9b-it,gemma-2-9b-it,user_prompt,23,attack_vs_harmless,saa,none,0.904060423374176,0.09593957662582397,213.3565673828125,474.31396484375,-260.9573974609375
jbshield-gemma-phase2-gemma-2-9b-it,gemma-2-9b-it,user_prompt,23,attack_vs_direct_harmful,zulu,direct_harmful,0.8871178030967712,0.11288219690322876,166.56204223632812,322.908203125,-156.34616088867188
jbshield-gemma-phase2-gemma-2-9b-it,gemma-2-9b-it,user_prompt,23,attack_vs_harmless,zulu,none,0.8518838286399841,0.14811617136001587,166.56204223632812,474.31396484375,-307.7519226074219
jbshield-gemma-phase2-gemma-2-9b-it,gemma-2-9b-it,user_prompt,24,label_1_vs_label_0,label_1,label_0,0.9460893869400024,0.05391061305999756,234.0619659423828,477.84088134765625,-243.77891540527344
jbshield-gemma-phase2-gemma-2-9b-it,gemma-2-9b-it,user_prompt,24,direct_harmful_vs_harmless,direct_harmful,none,0.9426382184028625,0.05736178159713745,333.70501708984375,483.5878601074219,-149.88284301757812
jbshield-gemma-phase2-gemma-2-9b-it,gemma-2-9b-it,user_prompt,24,attack_vs_direct_harmful,autodan,direct_harmful,0.9716437458992004,0.02835625410079956,270.1457824707031,333.70501708984375,-63.559234619140625
jbshield-gemma-phase2-gemma-2-9b-it,gemma-2-9b-it,user_prompt,24,attack_vs_harmless,autodan,none,0.9349561333656311,0.0650438666343689,270.1457824707031,483.5878601074219,-213.44207763671875
jbshield-gemma-phase2-gemma-2-9b-it,gemma-2-9b-it,user_prompt,24,attack_vs_direct_harmful,base64,direct_harmful,0.901530385017395,0.09846961498260498,173.5588836669922,333.70501708984375,-160.14613342285156
jbshield-gemma-phase2-gemma-2-9b-it,gemma-2-9b-it,user_prompt,24,attack_vs_harmless,base64,none,0.8748287558555603,0.1251712441444397,173.5588836669922,483.5878601074219,-310.02899169921875
jbshield-gemma-phase2-gemma-2-9b-it,gemma-2-9b-it,user_prompt,24,attack_vs_direct_harmful,drattack,direct_harmful,0.9303674697875977,0.06963253021240234,253.88021850585938,333.70501708984375,-79.82479858398438
jbshield-gemma-phase2-gemma-2-9b-it,gemma-2-9b-it,user_prompt,24,attack_vs_harmless,drattack,none,0.9247163534164429,0.07528364658355713,253.88021850585938,483.5878601074219,-229.7076416015625
jbshield-gemma-phase2-gemma-2-9b-it,gemma-2-9b-it,user_prompt,24,attack_vs_direct_harmful,gcg,direct_harmful,0.981015682220459,0.018984317779541016,275.0137634277344,333.70501708984375,-58.691253662109375
jbshield-gemma-phase2-gemma-2-9b-it,gemma-2-9b-it,user_prompt,24,attack_vs_harmless,gcg,none,0.9361352920532227,0.06386470794677734,275.0137634277344,483.5878601074219,-208.5740966796875
jbshield-gemma-phase2-gemma-2-9b-it,gemma-2-9b-it,user_prompt,24,attack_vs_direct_harmful,ijp,direct_harmful,0.9485649466514587,0.05143505334854126,250.8556671142578,333.70501708984375,-82.84934997558594
jbshield-gemma-phase2-gemma-2-9b-it,gemma-2-9b-it,user_prompt,24,attack_vs_harmless,ijp,none,0.9235640168190002,0.07643598318099976,250.8556671142578,483.5878601074219,-232.73219299316406
jbshield-gemma-phase2-gemma-2-9b-it,gemma-2-9b-it,user_prompt,24,attack_vs_direct_harmful,pair,direct_harmful,0.9819090962409973,0.018090903759002686,299.5113525390625,333.70501708984375,-34.19366455078125
jbshield-gemma-phase2-gemma-2-9b-it,gemma-2-9b-it,user_prompt,24,attack_vs_harmless,pair,none,0.9435205459594727,0.056479454040527344,299.5113525390625,483.5878601074219,-184.07650756835938
jbshield-gemma-phase2-gemma-2-9b-it,gemma-2-9b-it,user_prompt,24,attack_vs_direct_harmful,puzzler,direct_harmful,0.9022760391235352,0.09772396087646484,258.7271728515625,333.70501708984375,-74.97784423828125
jbshield-gemma-phase2-gemma-2-9b-it,gemma-2-9b-it,user_prompt,24,attack_vs_harmless,puzzler,none,0.8835180997848511,0.11648190021514893,258.7271728515625,483.5878601074219,-224.86068725585938
jbshield-gemma-phase2-gemma-2-9b-it,gemma-2-9b-it,user_prompt,24,attack_vs_direct_harmful,saa,direct_harmful,0.9319437742233276,0.06805622577667236,232.45361328125,333.70501708984375,-101.25140380859375
jbshield-gemma-phase2-gemma-2-9b-it,gemma-2-9b-it,user_prompt,24,attack_vs_harmless,saa,none,0.9163241982460022,0.0836758017539978,232.45361328125,483.5878601074219,-251.13424682617188
jbshield-gemma-phase2-gemma-2-9b-it,gemma-2-9b-it,user_prompt,24,attack_vs_direct_harmful,zulu,direct_harmful,0.8720788359642029,0.12792116403579712,177.04837036132812,333.70501708984375,-156.65664672851562
jbshield-gemma-phase2-gemma-2-9b-it,gemma-2-9b-it,user_prompt,24,attack_vs_harmless,zulu,none,0.8405884504318237,0.15941154956817627,177.04837036132812,483.5878601074219,-306.53948974609375
jbshield-gemma-phase2-gemma-2-9b-it,gemma-2-9b-it,user_prompt,25,label_1_vs_label_0,label_1,label_0,0.9504222273826599,0.04957777261734009,247.22215270996094,490.5882263183594,-243.36607360839844
jbshield-gemma-phase2-gemma-2-9b-it,gemma-2-9b-it,user_prompt,25,direct_harmful_vs_harmless,direct_harmful,none,0.9496204853057861,0.05037951469421387,363.0019226074219,495.7208557128906,-132.71893310546875
jbshield-gemma-phase2-gemma-2-9b-it,gemma-2-9b-it,user_prompt,25,attack_vs_direct_harmful,autodan,direct_harmful,0.9753506183624268,0.024649381637573242,284.7025451660156,363.0019226074219,-78.29937744140625
jbshield-gemma-phase2-gemma-2-9b-it,gemma-2-9b-it,user_prompt,25,attack_vs_harmless,autodan,none,0.9399548172950745,0.06004518270492554,284.7025451660156,495.7208557128906,-211.018310546875
jbshield-gemma-phase2-gemma-2-9b-it,gemma-2-9b-it,user_prompt,25,attack_vs_direct_harmful,base64,direct_harmful,0.9091256856918335,0.0908743143081665,181.2069091796875,363.0019226074219,-181.79501342773438
jbshield-gemma-phase2-gemma-2-9b-it,gemma-2-9b-it,user_prompt,25,attack_vs_harmless,base64,none,0.8828272819519043,0.1171727180480957,181.2069091796875,495.7208557128906,-314.5139465332031
jbshield-gemma-phase2-gemma-2-9b-it,gemma-2-9b-it,user_prompt,25,attack_vs_direct_harmful,drattack,direct_harmful,0.9338738322257996,0.06612616777420044,261.7626037597656,363.0019226074219,-101.23931884765625
jbshield-gemma-phase2-gemma-2-9b-it,gemma-2-9b-it,user_prompt,25,attack_vs_harmless,drattack,none,0.9250465631484985,0.07495343685150146,261.7626037597656,495.7208557128906,-233.958251953125
jbshield-gemma-phase2-gemma-2-9b-it,gemma-2-9b-it,user_prompt,25,attack_vs_direct_harmful,gcg,direct_harmful,0.9835695624351501,0.016430437564849854,293.98223876953125,363.0019226074219,-69.01968383789062
jbshield-gemma-phase2-gemma-2-9b-it,gemma-2-9b-it,user_prompt,25,attack_vs_harmless,gcg,none,0.9445582032203674,0.05544179677963257,293.98223876953125,495.7208557128906,-201.73861694335938
jbshield-gemma-phase2-gemma-2-9b-it,gemma-2-9b-it,user_prompt,25,attack_vs_direct_harmful,ijp,direct_harmful,0.9528704881668091,0.04712951183319092,259.42706298828125,363.0019226074219,-103.57485961914062
jbshield-gemma-phase2-gemma-2-9b-it,gemma-2-9b-it,user_prompt,25,attack_vs_harmless,ijp,none,0.9269790053367615,0.07302099466323853,259.42706298828125,495.7208557128906,-236.29379272460938
jbshield-gemma-phase2-gemma-2-9b-it,gemma-2-9b-it,user_prompt,25,attack_vs_direct_harmful,pair,direct_harmful,0.9838448166847229,0.0161551833152771,320.0461730957031,363.0019226074219,-42.95574951171875
jbshield-gemma-phase2-gemma-2-9b-it,gemma-2-9b-it,user_prompt,25,attack_vs_harmless,pair,none,0.9485473036766052,0.051452696323394775,320.0461730957031,495.7208557128906,-175.6746826171875
jbshield-gemma-phase2-gemma-2-9b-it,gemma-2-9b-it,user_prompt,25,attack_vs_direct_harmful,puzzler,direct_harmful,0.9078487157821655,0.09215128421783447,274.6231689453125,363.0019226074219,-88.37875366210938
jbshield-gemma-phase2-gemma-2-9b-it,gemma-2-9b-it,user_prompt,25,attack_vs_harmless,puzzler,none,0.8875071406364441,0.11249285936355591,274.6231689453125,495.7208557128906,-221.09768676757812
jbshield-gemma-phase2-gemma-2-9b-it,gemma-2-9b-it,user_prompt,25,attack_vs_direct_harmful,saa,direct_harmful,0.9355098009109497,0.06449019908905029,236.8379364013672,363.0019226074219,-126.16398620605469
jbshield-gemma-phase2-gemma-2-9b-it,gemma-2-9b-it,user_prompt,25,attack_vs_harmless,saa,none,0.9178563952445984,0.08214360475540161,236.8379364013672,495.7208557128906,-258.8829345703125
jbshield-gemma-phase2-gemma-2-9b-it,gemma-2-9b-it,user_prompt,25,attack_vs_direct_harmful,zulu,direct_harmful,0.897018551826477,0.10298144817352295,194.36666870117188,363.0019226074219,-168.63525390625
jbshield-gemma-phase2-gemma-2-9b-it,gemma-2-9b-it,user_prompt,25,attack_vs_harmless,zulu,none,0.8721766471862793,0.1278233528137207,194.36666870117188,495.7208557128906,-301.35418701171875
jbshield-gemma-phase2-gemma-2-9b-it,gemma-2-9b-it,user_prompt,26,label_1_vs_label_0,label_1,label_0,0.9474580883979797,0.052541911602020264,256.85260009765625,513.8403930664062,-256.98779296875
jbshield-gemma-phase2-gemma-2-9b-it,gemma-2-9b-it,user_prompt,26,direct_harmful_vs_harmless,direct_harmful,none,0.9531528949737549,0.04684710502624512,390.2908020019531,518.8300170898438,-128.53921508789062
jbshield-gemma-phase2-gemma-2-9b-it,gemma-2-9b-it,user_prompt,26,attack_vs_direct_harmful,autodan,direct_harmful,0.9754927158355713,0.02450728416442871,299.3331604003906,390.2908020019531,-90.9576416015625
jbshield-gemma-phase2-gemma-2-9b-it,gemma-2-9b-it,user_prompt,26,attack_vs_harmless,autodan,none,0.9377968311309814,0.062203168869018555,299.3331604003906,518.8300170898438,-219.49685668945312
jbshield-gemma-phase2-gemma-2-9b-it,gemma-2-9b-it,user_prompt,26,attack_vs_direct_harmful,base64,direct_harmful,0.9035747647285461,0.09642523527145386,184.72311401367188,390.2908020019531,-205.56768798828125
jbshield-gemma-phase2-gemma-2-9b-it,gemma-2-9b-it,user_prompt,26,attack_vs_harmless,base64,none,0.8731561303138733,0.1268438696861267,184.72311401367188,518.8300170898438,-334.1069030761719
jbshield-gemma-phase2-gemma-2-9b-it,gemma-2-9b-it,user_prompt,26,attack_vs_direct_harmful,drattack,direct_harmful,0.9359992742538452,0.06400072574615479,277.8724670410156,390.2908020019531,-112.4183349609375
jbshield-gemma-phase2-gemma-2-9b-it,gemma-2-9b-it,user_prompt,26,attack_vs_harmless,drattack,none,0.9246519207954407,0.07534807920455933,277.8724670410156,518.8300170898438,-240.95755004882812
jbshield-gemma-phase2-gemma-2-9b-it,gemma-2-9b-it,user_prompt,26,attack_vs_direct_harmful,gcg,direct_harmful,0.9837278723716736,0.016272127628326416,305.0263977050781,390.2908020019531,-85.264404296875
jbshield-gemma-phase2-gemma-2-9b-it,gemma-2-9b-it,user_prompt,26,attack_vs_harmless,gcg,none,0.9422696828842163,0.05773031711578369,305.0263977050781,518.8300170898438,-213.80361938476562
jbshield-gemma-phase2-gemma-2-9b-it,gemma-2-9b-it,user_prompt,26,attack_vs_direct_harmful,ijp,direct_harmful,0.9537671208381653,0.04623287916183472,272.9986877441406,390.2908020019531,-117.2921142578125
jbshield-gemma-phase2-gemma-2-9b-it,gemma-2-9b-it,user_prompt,26,attack_vs_harmless,ijp,none,0.9254508018493652,0.07454919815063477,272.9986877441406,518.8300170898438,-245.83132934570312
jbshield-gemma-phase2-gemma-2-9b-it,gemma-2-9b-it,user_prompt,26,attack_vs_direct_harmful,pair,direct_harmful,0.9843523502349854,0.01564764976501465,341.2071228027344,390.2908020019531,-49.08367919921875
jbshield-gemma-phase2-gemma-2-9b-it,gemma-2-9b-it,user_prompt,26,attack_vs_harmless,pair,none,0.9500144124031067,0.04998558759689331,341.2071228027344,518.8300170898438,-177.62289428710938
jbshield-gemma-phase2-gemma-2-9b-it,gemma-2-9b-it,user_prompt,26,attack_vs_direct_harmful,puzzler,direct_harmful,0.9121677875518799,0.08783221244812012,299.512939453125,390.2908020019531,-90.77786254882812
jbshield-gemma-phase2-gemma-2-9b-it,gemma-2-9b-it,user_prompt,26,attack_vs_harmless,puzzler,none,0.890613317489624,0.10938668251037598,299.512939453125,518.8300170898438,-219.31707763671875
jbshield-gemma-phase2-gemma-2-9b-it,gemma-2-9b-it,user_prompt,26,attack_vs_direct_harmful,saa,direct_harmful,0.9349210858345032,0.06507891416549683,246.00900268554688,390.2908020019531,-144.28179931640625
jbshield-gemma-phase2-gemma-2-9b-it,gemma-2-9b-it,user_prompt,26,attack_vs_harmless,saa,none,0.912807285785675,0.08719271421432495,246.00900268554688,518.8300170898438,-272.8210144042969
jbshield-gemma-phase2-gemma-2-9b-it,gemma-2-9b-it,user_prompt,26,attack_vs_direct_harmful,zulu,direct_harmful,0.855610728263855,0.14438927173614502,193.0946502685547,390.2908020019531,-197.19615173339844
jbshield-gemma-phase2-gemma-2-9b-it,gemma-2-9b-it,user_prompt,26,attack_vs_harmless,zulu,none,0.8245123028755188,0.1754876971244812,193.0946502685547,518.8300170898438,-325.7353515625
jbshield-gemma-phase2-gemma-2-9b-it,gemma-2-9b-it,user_prompt,27,label_1_vs_label_0,label_1,label_0,0.940371572971344,0.059628427028656006,252.64678955078125,460.0782165527344,-207.43142700195312
jbshield-gemma-phase2-gemma-2-9b-it,gemma-2-9b-it,user_prompt,27,direct_harmful_vs_harmless,direct_harmful,none,0.9376149773597717,0.06238502264022827,352.7152404785156,464.62420654296875,-111.90896606445312
jbshield-gemma-phase2-gemma-2-9b-it,gemma-2-9b-it,user_prompt,27,attack_vs_direct_harmful,autodan,direct_harmful,0.9705045819282532,0.029495418071746826,290.8563537597656,352.7152404785156,-61.85888671875
jbshield-gemma-phase2-gemma-2-9b-it,gemma-2-9b-it,user_prompt,27,attack_vs_harmless,autodan,none,0.9289348721504211,0.07106512784957886,290.8563537597656,464.62420654296875,-173.76785278320312
jbshield-gemma-phase2-gemma-2-9b-it,gemma-2-9b-it,user_prompt,27,attack_vs_direct_harmful,base64,direct_harmful,0.895239531993866,0.10476046800613403,200.85391235351562,352.7152404785156,-151.861328125
jbshield-gemma-phase2-gemma-2-9b-it,gemma-2-9b-it,user_prompt,27,attack_vs_harmless,base64,none,0.8754298090934753,0.12457019090652466,200.85391235351562,464.62420654296875,-263.7702941894531
jbshield-gemma-phase2-gemma-2-9b-it,gemma-2-9b-it,user_prompt,27,attack_vs_direct_harmful,drattack,direct_harmful,0.9238293170928955,0.07617068290710449,269.8365478515625,352.7152404785156,-82.87869262695312
jbshield-gemma-phase2-gemma-2-9b-it,gemma-2-9b-it,user_prompt,27,attack_vs_harmless,drattack,none,0.9108971357345581,0.0891028642654419,269.8365478515625,464.62420654296875,-194.78765869140625
jbshield-gemma-phase2-gemma-2-9b-it,gemma-2-9b-it,user_prompt,27,attack_vs_direct_harmful,gcg,direct_harmful,0.9802291393280029,0.01977086067199707,292.96734619140625,352.7152404785156,-59.747894287109375
jbshield-gemma-phase2-gemma-2-9b-it,gemma-2-9b-it,user_prompt,27,attack_vs_harmless,gcg,none,0.9336200952529907,0.06637990474700928,292.96734619140625,464.62420654296875,-171.6568603515625
jbshield-gemma-phase2-gemma-2-9b-it,gemma-2-9b-it,user_prompt,27,attack_vs_direct_harmful,ijp,direct_harmful,0.9427960515022278,0.05720394849777222,264.24615478515625,352.7152404785156,-88.46908569335938
jbshield-gemma-phase2-gemma-2-9b-it,gemma-2-9b-it,user_prompt,27,attack_vs_harmless,ijp,none,0.910606861114502,0.08939313888549805,264.24615478515625,464.62420654296875,-200.3780517578125
jbshield-gemma-phase2-gemma-2-9b-it,gemma-2-9b-it,user_prompt,27,attack_vs_direct_harmful,pair,direct_harmful,0.97898268699646,0.02101731300354004,313.7225341796875,352.7152404785156,-38.992706298828125
jbshield-gemma-phase2-gemma-2-9b-it,gemma-2-9b-it,user_prompt,27,attack_vs_harmless,pair,none,0.9329188466072083,0.06708115339279175,313.7225341796875,464.62420654296875,-150.90167236328125
jbshield-gemma-phase2-gemma-2-9b-it,gemma-2-9b-it,user_prompt,27,attack_vs_direct_harmful,puzzler,direct_harmful,0.8998252749443054,0.10017472505569458,300.37750244140625,352.7152404785156,-52.337738037109375
jbshield-gemma-phase2-gemma-2-9b-it,gemma-2-9b-it,user_prompt,27,attack_vs_harmless,puzzler,none,0.8771271109580994,0.12287288904190063,300.37750244140625,464.62420654296875,-164.2467041015625
jbshield-gemma-phase2-gemma-2-9b-it,gemma-2-9b-it,user_prompt,27,attack_vs_direct_harmful,saa,direct_harmful,0.9243890047073364,0.07561099529266357,246.07261657714844,352.7152404785156,-106.64262390136719
jbshield-gemma-phase2-gemma-2-9b-it,gemma-2-9b-it,user_prompt,27,attack_vs_harmless,saa,none,0.901698112487793,0.09830188751220703,246.07261657714844,464.62420654296875,-218.5515899658203
jbshield-gemma-phase2-gemma-2-9b-it,gemma-2-9b-it,user_prompt,27,attack_vs_direct_harmful,zulu,direct_harmful,0.8726189732551575,0.12738102674484253,207.78541564941406,352.7152404785156,-144.92982482910156
jbshield-gemma-phase2-gemma-2-9b-it,gemma-2-9b-it,user_prompt,27,attack_vs_harmless,zulu,none,0.8528863787651062,0.1471136212348938,207.78541564941406,464.62420654296875,-256.83880615234375
jbshield-gemma-phase2-gemma-2-9b-it,gemma-2-9b-it,user_prompt,28,label_1_vs_label_0,label_1,label_0,0.9398021101951599,0.06019788980484009,274.2952880859375,499.8963623046875,-225.60107421875
jbshield-gemma-phase2-gemma-2-9b-it,gemma-2-9b-it,user_prompt,28,direct_harmful_vs_harmless,direct_harmful,none,0.9439932703971863,0.05600672960281372,391.07391357421875,504.49005126953125,-113.4161376953125
jbshield-gemma-phase2-gemma-2-9b-it,gemma-2-9b-it,user_prompt,28,attack_vs_direct_harmful,autodan,direct_harmful,0.9740913510322571,0.02590864896774292,323.7989196777344,391.07391357421875,-67.27499389648438
jbshield-gemma-phase2-gemma-2-9b-it,gemma-2-9b-it,user_prompt,28,attack_vs_harmless,autodan,none,0.9333651065826416,0.0666348934173584,323.7989196777344,504.49005126953125,-180.69113159179688
jbshield-gemma-phase2-gemma-2-9b-it,gemma-2-9b-it,user_prompt,28,attack_vs_direct_harmful,base64,direct_harmful,0.8954057693481445,0.10459423065185547,203.68292236328125,391.07391357421875,-187.3909912109375
jbshield-gemma-phase2-gemma-2-9b-it,gemma-2-9b-it,user_prompt,28,attack_vs_harmless,base64,none,0.859624981880188,0.140375018119812,203.68292236328125,504.49005126953125,-300.80712890625
jbshield-gemma-phase2-gemma-2-9b-it,gemma-2-9b-it,user_prompt,28,attack_vs_direct_harmful,drattack,direct_harmful,0.9271022081375122,0.07289779186248779,288.7255554199219,391.07391357421875,-102.34835815429688
jbshield-gemma-phase2-gemma-2-9b-it,gemma-2-9b-it,user_prompt,28,attack_vs_harmless,drattack,none,0.9082303047180176,0.09176969528198242,288.7255554199219,504.49005126953125,-215.76449584960938
jbshield-gemma-phase2-gemma-2-9b-it,gemma-2-9b-it,user_prompt,28,attack_vs_direct_harmful,gcg,direct_harmful,0.98133385181427,0.01866614818572998,326.9631652832031,391.07391357421875,-64.11074829101562
jbshield-gemma-phase2-gemma-2-9b-it,gemma-2-9b-it,user_prompt,28,attack_vs_harmless,gcg,none,0.936976432800293,0.06302356719970703,326.9631652832031,504.49005126953125,-177.52688598632812
jbshield-gemma-phase2-gemma-2-9b-it,gemma-2-9b-it,user_prompt,28,attack_vs_direct_harmful,ijp,direct_harmful,0.9501686096191406,0.049831390380859375,286.6258544921875,391.07391357421875,-104.44805908203125
jbshield-gemma-phase2-gemma-2-9b-it,gemma-2-9b-it,user_prompt,28,attack_vs_harmless,ijp,none,0.9127449989318848,0.08725500106811523,286.6258544921875,504.49005126953125,-217.86419677734375
jbshield-gemma-phase2-gemma-2-9b-it,gemma-2-9b-it,user_prompt,28,attack_vs_direct_harmful,pair,direct_harmful,0.9818739295005798,0.018126070499420166,344.4683532714844,391.07391357421875,-46.605560302734375
jbshield-gemma-phase2-gemma-2-9b-it,gemma-2-9b-it,user_prompt,28,attack_vs_harmless,pair,none,0.9351935982704163,0.06480640172958374,344.4683532714844,504.49005126953125,-160.02169799804688
jbshield-gemma-phase2-gemma-2-9b-it,gemma-2-9b-it,user_prompt,28,attack_vs_direct_harmful,puzzler,direct_harmful,0.9005733132362366,0.09942668676376343,312.4452819824219,391.07391357421875,-78.62863159179688
jbshield-gemma-phase2-gemma-2-9b-it,gemma-2-9b-it,user_prompt,28,attack_vs_harmless,puzzler,none,0.8703067302703857,0.12969326972961426,312.4452819824219,504.49005126953125,-192.04476928710938
jbshield-gemma-phase2-gemma-2-9b-it,gemma-2-9b-it,user_prompt,28,attack_vs_direct_harmful,saa,direct_harmful,0.9336020350456238,0.06639796495437622,267.4188537597656,391.07391357421875,-123.65505981445312
jbshield-gemma-phase2-gemma-2-9b-it,gemma-2-9b-it,user_prompt,28,attack_vs_harmless,saa,none,0.9054306745529175,0.09456932544708252,267.4188537597656,504.49005126953125,-237.07119750976562
jbshield-gemma-phase2-gemma-2-9b-it,gemma-2-9b-it,user_prompt,28,attack_vs_direct_harmful,zulu,direct_harmful,0.8758956789970398,0.1241043210029602,219.49179077148438,391.07391357421875,-171.58212280273438
jbshield-gemma-phase2-gemma-2-9b-it,gemma-2-9b-it,user_prompt,28,attack_vs_harmless,zulu,none,0.8492029309272766,0.1507970690727234,219.49179077148438,504.49005126953125,-284.9982604980469
jbshield-gemma-phase2-gemma-2-9b-it,gemma-2-9b-it,user_prompt,29,label_1_vs_label_0,label_1,label_0,0.9306662082672119,0.06933379173278809,270.2950134277344,512.6640014648438,-242.36898803710938
jbshield-gemma-phase2-gemma-2-9b-it,gemma-2-9b-it,user_prompt,29,direct_harmful_vs_harmless,direct_harmful,none,0.9420128464698792,0.05798715353012085,397.6888427734375,517.5149536132812,-119.82611083984375
jbshield-gemma-phase2-gemma-2-9b-it,gemma-2-9b-it,user_prompt,29,attack_vs_direct_harmful,autodan,direct_harmful,0.9713747501373291,0.0286252498626709,312.4371337890625,397.6888427734375,-85.251708984375
jbshield-gemma-phase2-gemma-2-9b-it,gemma-2-9b-it,user_prompt,29,attack_vs_harmless,autodan,none,0.9192942976951599,0.08070570230484009,312.4371337890625,517.5149536132812,-205.07781982421875
jbshield-gemma-phase2-gemma-2-9b-it,gemma-2-9b-it,user_prompt,29,attack_vs_direct_harmful,base64,direct_harmful,0.8871021866798401,0.11289781332015991,198.35292053222656,397.6888427734375,-199.33592224121094
jbshield-gemma-phase2-gemma-2-9b-it,gemma-2-9b-it,user_prompt,29,attack_vs_harmless,base64,none,0.8462151288986206,0.1537848711013794,198.35292053222656,517.5149536132812,-319.16204833984375
jbshield-gemma-phase2-gemma-2-9b-it,gemma-2-9b-it,user_prompt,29,attack_vs_direct_harmful,drattack,direct_harmful,0.9230517148971558,0.07694828510284424,283.0022888183594,397.6888427734375,-114.68655395507812
jbshield-gemma-phase2-gemma-2-9b-it,gemma-2-9b-it,user_prompt,29,attack_vs_harmless,drattack,none,0.8949788808822632,0.10502111911773682,283.0022888183594,517.5149536132812,-234.51266479492188
jbshield-gemma-phase2-gemma-2-9b-it,gemma-2-9b-it,user_prompt,29,attack_vs_direct_harmful,gcg,direct_harmful,0.9799385666847229,0.0200614333152771,325.3589172363281,397.6888427734375,-72.32992553710938
jbshield-gemma-phase2-gemma-2-9b-it,gemma-2-9b-it,user_prompt,29,attack_vs_harmless,gcg,none,0.929732620716095,0.07026737928390503,325.3589172363281,517.5149536132812,-192.15603637695312
jbshield-gemma-phase2-gemma-2-9b-it,gemma-2-9b-it,user_prompt,29,attack_vs_direct_harmful,ijp,direct_harmful,0.9455869793891907,0.054413020610809326,283.1878356933594,397.6888427734375,-114.50100708007812
jbshield-gemma-phase2-gemma-2-9b-it,gemma-2-9b-it,user_prompt,29,attack_vs_harmless,ijp,none,0.9000537395477295,0.09994626045227051,283.1878356933594,517.5149536132812,-234.32711791992188
jbshield-gemma-phase2-gemma-2-9b-it,gemma-2-9b-it,user_prompt,29,attack_vs_direct_harmful,pair,direct_harmful,0.9804929494857788,0.01950705051422119,346.5295715332031,397.6888427734375,-51.159271240234375
jbshield-gemma-phase2-gemma-2-9b-it,gemma-2-9b-it,user_prompt,29,attack_vs_harmless,pair,none,0.9289727807044983,0.07102721929550171,346.5295715332031,517.5149536132812,-170.98538208007812
jbshield-gemma-phase2-gemma-2-9b-it,gemma-2-9b-it,user_prompt,29,attack_vs_direct_harmful,puzzler,direct_harmful,0.8966612219810486,0.10333877801895142,313.0123596191406,397.6888427734375,-84.67648315429688
jbshield-gemma-phase2-gemma-2-9b-it,gemma-2-9b-it,user_prompt,29,attack_vs_harmless,puzzler,none,0.8586812019348145,0.14131879806518555,313.0123596191406,517.5149536132812,-204.50259399414062
jbshield-gemma-phase2-gemma-2-9b-it,gemma-2-9b-it,user_prompt,29,attack_vs_direct_harmful,saa,direct_harmful,0.9259809851646423,0.07401901483535767,258.982666015625,397.6888427734375,-138.7061767578125
jbshield-gemma-phase2-gemma-2-9b-it,gemma-2-9b-it,user_prompt,29,attack_vs_harmless,saa,none,0.8877187371253967,0.11228126287460327,258.982666015625,517.5149536132812,-258.53228759765625
jbshield-gemma-phase2-gemma-2-9b-it,gemma-2-9b-it,user_prompt,29,attack_vs_direct_harmful,zulu,direct_harmful,0.8790560960769653,0.12094390392303467,222.3701934814453,397.6888427734375,-175.3186492919922
jbshield-gemma-phase2-gemma-2-9b-it,gemma-2-9b-it,user_prompt,29,attack_vs_harmless,zulu,none,0.850829005241394,0.14917099475860596,222.3701934814453,517.5149536132812,-295.144775390625
jbshield-gemma-phase2-gemma-2-9b-it,gemma-2-9b-it,user_prompt,30,label_1_vs_label_0,label_1,label_0,0.9335933923721313,0.06640660762786865,296.7867126464844,539.8161010742188,-243.02938842773438
jbshield-gemma-phase2-gemma-2-9b-it,gemma-2-9b-it,user_prompt,30,direct_harmful_vs_harmless,direct_harmful,none,0.9439303278923035,0.05606967210769653,430.5899963378906,544.5010375976562,-113.91104125976562
jbshield-gemma-phase2-gemma-2-9b-it,gemma-2-9b-it,user_prompt,30,attack_vs_direct_harmful,autodan,direct_harmful,0.9741401672363281,0.025859832763671875,348.666259765625,430.5899963378906,-81.92373657226562
jbshield-gemma-phase2-gemma-2-9b-it,gemma-2-9b-it,user_prompt,30,attack_vs_harmless,autodan,none,0.9255104064941406,0.07448959350585938,348.666259765625,544.5010375976562,-195.83477783203125
jbshield-gemma-phase2-gemma-2-9b-it,gemma-2-9b-it,user_prompt,30,attack_vs_direct_harmful,base64,direct_harmful,0.8892409801483154,0.11075901985168457,221.5917510986328,430.5899963378906,-208.9982452392578
jbshield-gemma-phase2-gemma-2-9b-it,gemma-2-9b-it,user_prompt,30,attack_vs_harmless,base64,none,0.8574376106262207,0.1425623893737793,221.5917510986328,544.5010375976562,-322.9093017578125
jbshield-gemma-phase2-gemma-2-9b-it,gemma-2-9b-it,user_prompt,30,attack_vs_direct_harmful,drattack,direct_harmful,0.9290441274642944,0.07095587253570557,310.402587890625,430.5899963378906,-120.18740844726562
jbshield-gemma-phase2-gemma-2-9b-it,gemma-2-9b-it,user_prompt,30,attack_vs_harmless,drattack,none,0.9010468125343323,0.09895318746566772,310.402587890625,544.5010375976562,-234.09844970703125
jbshield-gemma-phase2-gemma-2-9b-it,gemma-2-9b-it,user_prompt,30,attack_vs_direct_harmful,gcg,direct_harmful,0.9810898303985596,0.01891016960144043,356.18341064453125,430.5899963378906,-74.40658569335938
jbshield-gemma-phase2-gemma-2-9b-it,gemma-2-9b-it,user_prompt,30,attack_vs_harmless,gcg,none,0.931993305683136,0.06800669431686401,356.18341064453125,544.5010375976562,-188.317626953125
jbshield-gemma-phase2-gemma-2-9b-it,gemma-2-9b-it,user_prompt,30,attack_vs_direct_harmful,ijp,direct_harmful,0.947411060333252,0.05258893966674805,311.5755615234375,430.5899963378906,-119.01443481445312
jbshield-gemma-phase2-gemma-2-9b-it,gemma-2-9b-it,user_prompt,30,attack_vs_harmless,ijp,none,0.9047704339027405,0.09522956609725952,311.5755615234375,544.5010375976562,-232.92547607421875
jbshield-gemma-phase2-gemma-2-9b-it,gemma-2-9b-it,user_prompt,30,attack_vs_direct_harmful,pair,direct_harmful,0.9807673692703247,0.019232630729675293,373.6696472167969,430.5899963378906,-56.92034912109375
jbshield-gemma-phase2-gemma-2-9b-it,gemma-2-9b-it,user_prompt,30,attack_vs_harmless,pair,none,0.9305505752563477,0.06944942474365234,373.6696472167969,544.5010375976562,-170.83139038085938
jbshield-gemma-phase2-gemma-2-9b-it,gemma-2-9b-it,user_prompt,30,attack_vs_direct_harmful,puzzler,direct_harmful,0.9023754596710205,0.09762454032897949,343.0838623046875,430.5899963378906,-87.50613403320312
jbshield-gemma-phase2-gemma-2-9b-it,gemma-2-9b-it,user_prompt,30,attack_vs_harmless,puzzler,none,0.8628807067871094,0.13711929321289062,343.0838623046875,544.5010375976562,-201.41717529296875
jbshield-gemma-phase2-gemma-2-9b-it,gemma-2-9b-it,user_prompt,30,attack_vs_direct_harmful,saa,direct_harmful,0.9310920834541321,0.06890791654586792,286.3255920410156,430.5899963378906,-144.264404296875
jbshield-gemma-phase2-gemma-2-9b-it,gemma-2-9b-it,user_prompt,30,attack_vs_harmless,saa,none,0.8950367569923401,0.10496324300765991,286.3255920410156,544.5010375976562,-258.1754455566406
jbshield-gemma-phase2-gemma-2-9b-it,gemma-2-9b-it,user_prompt,30,attack_vs_direct_harmful,zulu,direct_harmful,0.8257553577423096,0.17424464225769043,251.7357177734375,430.5899963378906,-178.85427856445312
jbshield-gemma-phase2-gemma-2-9b-it,gemma-2-9b-it,user_prompt,30,attack_vs_harmless,zulu,none,0.7964291572570801,0.20357084274291992,251.7357177734375,544.5010375976562,-292.76531982421875
jbshield-gemma-phase2-gemma-2-9b-it,gemma-2-9b-it,user_prompt,31,label_1_vs_label_0,label_1,label_0,0.9272535443305969,0.07274645566940308,303.9976501464844,544.6751098632812,-240.67745971679688
jbshield-gemma-phase2-gemma-2-9b-it,gemma-2-9b-it,user_prompt,31,direct_harmful_vs_harmless,direct_harmful,none,0.9400219321250916,0.05997806787490845,437.8231201171875,549.3485717773438,-111.52545166015625
jbshield-gemma-phase2-gemma-2-9b-it,gemma-2-9b-it,user_prompt,31,attack_vs_direct_harmful,autodan,direct_harmful,0.973167896270752,0.026832103729248047,356.6945495605469,437.8231201171875,-81.12857055664062
jbshield-gemma-phase2-gemma-2-9b-it,gemma-2-9b-it,user_prompt,31,attack_vs_harmless,autodan,none,0.9194707274436951,0.08052927255630493,356.6945495605469,549.3485717773438,-192.65402221679688
jbshield-gemma-phase2-gemma-2-9b-it,gemma-2-9b-it,user_prompt,31,attack_vs_direct_harmful,base64,direct_harmful,0.859426736831665,0.14057326316833496,230.87852478027344,437.8231201171875,-206.94459533691406
jbshield-gemma-phase2-gemma-2-9b-it,gemma-2-9b-it,user_prompt,31,attack_vs_harmless,base64,none,0.8247280716896057,0.1752719283103943,230.87852478027344,549.3485717773438,-318.47003173828125
jbshield-gemma-phase2-gemma-2-9b-it,gemma-2-9b-it,user_prompt,31,attack_vs_direct_harmful,drattack,direct_harmful,0.9291418790817261,0.07085812091827393,319.7503356933594,437.8231201171875,-118.07278442382812
jbshield-gemma-phase2-gemma-2-9b-it,gemma-2-9b-it,user_prompt,31,attack_vs_harmless,drattack,none,0.8951694965362549,0.10483050346374512,319.7503356933594,549.3485717773438,-229.59823608398438
jbshield-gemma-phase2-gemma-2-9b-it,gemma-2-9b-it,user_prompt,31,attack_vs_direct_harmful,gcg,direct_harmful,0.9800602793693542,0.019939720630645752,364.6068420410156,437.8231201171875,-73.21627807617188
jbshield-gemma-phase2-gemma-2-9b-it,gemma-2-9b-it,user_prompt,31,attack_vs_harmless,gcg,none,0.9265134334564209,0.0734865665435791,364.6068420410156,549.3485717773438,-184.74172973632812
jbshield-gemma-phase2-gemma-2-9b-it,gemma-2-9b-it,user_prompt,31,attack_vs_direct_harmful,ijp,direct_harmful,0.9461163282394409,0.05388367176055908,316.9056701660156,437.8231201171875,-120.91744995117188
jbshield-gemma-phase2-gemma-2-9b-it,gemma-2-9b-it,user_prompt,31,attack_vs_harmless,ijp,none,0.8974766135215759,0.10252338647842407,316.9056701660156,549.3485717773438,-232.44290161132812
jbshield-gemma-phase2-gemma-2-9b-it,gemma-2-9b-it,user_prompt,31,attack_vs_direct_harmful,pair,direct_harmful,0.9798155426979065,0.020184457302093506,378.9810485839844,437.8231201171875,-58.842071533203125
jbshield-gemma-phase2-gemma-2-9b-it,gemma-2-9b-it,user_prompt,31,attack_vs_harmless,pair,none,0.9244423508644104,0.0755576491355896,378.9810485839844,549.3485717773438,-170.36752319335938
jbshield-gemma-phase2-gemma-2-9b-it,gemma-2-9b-it,user_prompt,31,attack_vs_direct_harmful,puzzler,direct_harmful,0.9006482362747192,0.09935176372528076,348.9722595214844,437.8231201171875,-88.85086059570312
jbshield-gemma-phase2-gemma-2-9b-it,gemma-2-9b-it,user_prompt,31,attack_vs_harmless,puzzler,none,0.8540067076683044,0.14599329233169556,348.9722595214844,549.3485717773438,-200.37631225585938
jbshield-gemma-phase2-gemma-2-9b-it,gemma-2-9b-it,user_prompt,31,attack_vs_direct_harmful,saa,direct_harmful,0.9317092895507812,0.06829071044921875,295.5579528808594,437.8231201171875,-142.26516723632812
jbshield-gemma-phase2-gemma-2-9b-it,gemma-2-9b-it,user_prompt,31,attack_vs_harmless,saa,none,0.8900865316390991,0.10991346836090088,295.5579528808594,549.3485717773438,-253.79061889648438
jbshield-gemma-phase2-gemma-2-9b-it,gemma-2-9b-it,user_prompt,31,attack_vs_direct_harmful,zulu,direct_harmful,0.8175349831581116,0.18246501684188843,266.0985412597656,437.8231201171875,-171.72457885742188
jbshield-gemma-phase2-gemma-2-9b-it,gemma-2-9b-it,user_prompt,31,attack_vs_harmless,zulu,none,0.7855632901191711,0.21443670988082886,266.0985412597656,549.3485717773438,-283.2500305175781
jbshield-gemma-phase2-gemma-2-9b-it,gemma-2-9b-it,user_prompt,32,label_1_vs_label_0,label_1,label_0,0.9311801791191101,0.06881982088088989,334.39410400390625,576.9099731445312,-242.515869140625
jbshield-gemma-phase2-gemma-2-9b-it,gemma-2-9b-it,user_prompt,32,direct_harmful_vs_harmless,direct_harmful,none,0.9463927745819092,0.05360722541809082,477.3917236328125,581.300537109375,-103.9088134765625
jbshield-gemma-phase2-gemma-2-9b-it,gemma-2-9b-it,user_prompt,32,attack_vs_direct_harmful,autodan,direct_harmful,0.9759204983711243,0.024079501628875732,395.5376281738281,477.3917236328125,-81.85409545898438
jbshield-gemma-phase2-gemma-2-9b-it,gemma-2-9b-it,user_prompt,32,attack_vs_harmless,autodan,none,0.9276620149612427,0.07233798503875732,395.5376281738281,581.300537109375,-185.76290893554688
jbshield-gemma-phase2-gemma-2-9b-it,gemma-2-9b-it,user_prompt,32,attack_vs_direct_harmful,base64,direct_harmful,0.8647995591163635,0.13520044088363647,246.75656127929688,477.3917236328125,-230.63516235351562
jbshield-gemma-phase2-gemma-2-9b-it,gemma-2-9b-it,user_prompt,32,attack_vs_harmless,base64,none,0.8257160782814026,0.1742839217185974,246.75656127929688,581.300537109375,-334.5439758300781
jbshield-gemma-phase2-gemma-2-9b-it,gemma-2-9b-it,user_prompt,32,attack_vs_direct_harmful,drattack,direct_harmful,0.9379138350486755,0.06208616495132446,355.270263671875,477.3917236328125,-122.1214599609375
jbshield-gemma-phase2-gemma-2-9b-it,gemma-2-9b-it,user_prompt,32,attack_vs_harmless,drattack,none,0.9056981205940247,0.09430187940597534,355.270263671875,581.300537109375,-226.0302734375
jbshield-gemma-phase2-gemma-2-9b-it,gemma-2-9b-it,user_prompt,32,attack_vs_direct_harmful,gcg,direct_harmful,0.9816687107086182,0.018331289291381836,403.25115966796875,477.3917236328125,-74.14056396484375
jbshield-gemma-phase2-gemma-2-9b-it,gemma-2-9b-it,user_prompt,32,attack_vs_harmless,gcg,none,0.9334880113601685,0.06651198863983154,403.25115966796875,581.300537109375,-178.04937744140625
jbshield-gemma-phase2-gemma-2-9b-it,gemma-2-9b-it,user_prompt,32,attack_vs_direct_harmful,ijp,direct_harmful,0.9521194696426392,0.04788053035736084,350.17926025390625,477.3917236328125,-127.21246337890625
jbshield-gemma-phase2-gemma-2-9b-it,gemma-2-9b-it,user_prompt,32,attack_vs_harmless,ijp,none,0.9076461791992188,0.09235382080078125,350.17926025390625,581.300537109375,-231.12127685546875
jbshield-gemma-phase2-gemma-2-9b-it,gemma-2-9b-it,user_prompt,32,attack_vs_direct_harmful,pair,direct_harmful,0.9817073345184326,0.018292665481567383,415.6579284667969,477.3917236328125,-61.733795166015625
jbshield-gemma-phase2-gemma-2-9b-it,gemma-2-9b-it,user_prompt,32,attack_vs_harmless,pair,none,0.9313252568244934,0.06867474317550659,415.6579284667969,581.300537109375,-165.64260864257812
jbshield-gemma-phase2-gemma-2-9b-it,gemma-2-9b-it,user_prompt,32,attack_vs_direct_harmful,puzzler,direct_harmful,0.9151843190193176,0.08481568098068237,393.83282470703125,477.3917236328125,-83.55889892578125
jbshield-gemma-phase2-gemma-2-9b-it,gemma-2-9b-it,user_prompt,32,attack_vs_harmless,puzzler,none,0.8720303773880005,0.1279696226119995,393.83282470703125,581.300537109375,-187.46771240234375
jbshield-gemma-phase2-gemma-2-9b-it,gemma-2-9b-it,user_prompt,32,attack_vs_direct_harmful,saa,direct_harmful,0.939756453037262,0.06024354696273804,331.2142028808594,477.3917236328125,-146.17752075195312
jbshield-gemma-phase2-gemma-2-9b-it,gemma-2-9b-it,user_prompt,32,attack_vs_harmless,saa,none,0.90159672498703,0.09840327501296997,331.2142028808594,581.300537109375,-250.08633422851562
jbshield-gemma-phase2-gemma-2-9b-it,gemma-2-9b-it,user_prompt,32,attack_vs_direct_harmful,zulu,direct_harmful,0.794245719909668,0.20575428009033203,283.294189453125,477.3917236328125,-194.0975341796875
jbshield-gemma-phase2-gemma-2-9b-it,gemma-2-9b-it,user_prompt,32,attack_vs_harmless,zulu,none,0.7552735209465027,0.24472647905349731,283.294189453125,581.300537109375,-298.00634765625
jbshield-gemma-phase2-gemma-2-9b-it,gemma-2-9b-it,user_prompt,33,label_1_vs_label_0,label_1,label_0,0.9321177005767822,0.06788229942321777,354.2538146972656,604.4529418945312,-250.19912719726562
jbshield-gemma-phase2-gemma-2-9b-it,gemma-2-9b-it,user_prompt,33,direct_harmful_vs_harmless,direct_harmful,none,0.9480527639389038,0.05194723606109619,506.1087341308594,608.8262329101562,-102.71749877929688
jbshield-gemma-phase2-gemma-2-9b-it,gemma-2-9b-it,user_prompt,33,attack_vs_direct_harmful,autodan,direct_harmful,0.9775211215019226,0.022478878498077393,420.4297790527344,506.1087341308594,-85.678955078125
jbshield-gemma-phase2-gemma-2-9b-it,gemma-2-9b-it,user_prompt,33,attack_vs_harmless,autodan,none,0.9304493069648743,0.06955069303512573,420.4297790527344,608.8262329101562,-188.39645385742188
jbshield-gemma-phase2-gemma-2-9b-it,gemma-2-9b-it,user_prompt,33,attack_vs_direct_harmful,base64,direct_harmful,0.8798712491989136,0.12012875080108643,262.76593017578125,506.1087341308594,-243.34280395507812
jbshield-gemma-phase2-gemma-2-9b-it,gemma-2-9b-it,user_prompt,33,attack_vs_harmless,base64,none,0.8421084880828857,0.15789151191711426,262.76593017578125,608.8262329101562,-346.060302734375
jbshield-gemma-phase2-gemma-2-9b-it,gemma-2-9b-it,user_prompt,33,attack_vs_direct_harmful,drattack,direct_harmful,0.9406824707984924,0.05931752920150757,374.48388671875,506.1087341308594,-131.62484741210938
jbshield-gemma-phase2-gemma-2-9b-it,gemma-2-9b-it,user_prompt,33,attack_vs_harmless,drattack,none,0.9053377509117126,0.09466224908828735,374.48388671875,608.8262329101562,-234.34234619140625
jbshield-gemma-phase2-gemma-2-9b-it,gemma-2-9b-it,user_prompt,33,attack_vs_direct_harmful,gcg,direct_harmful,0.9829980731010437,0.0170019268989563,429.34527587890625,506.1087341308594,-76.76345825195312
jbshield-gemma-phase2-gemma-2-9b-it,gemma-2-9b-it,user_prompt,33,attack_vs_harmless,gcg,none,0.9363635778427124,0.0636364221572876,429.34527587890625,608.8262329101562,-179.48095703125
jbshield-gemma-phase2-gemma-2-9b-it,gemma-2-9b-it,user_prompt,33,attack_vs_direct_harmful,ijp,direct_harmful,0.953900158405304,0.046099841594696045,364.88427734375,506.1087341308594,-141.22445678710938
jbshield-gemma-phase2-gemma-2-9b-it,gemma-2-9b-it,user_prompt,33,attack_vs_harmless,ijp,none,0.9081505537033081,0.0918494462966919,364.88427734375,608.8262329101562,-243.94195556640625
jbshield-gemma-phase2-gemma-2-9b-it,gemma-2-9b-it,user_prompt,33,attack_vs_direct_harmful,pair,direct_harmful,0.9825661778450012,0.01743382215499878,437.8247985839844,506.1087341308594,-68.283935546875
jbshield-gemma-phase2-gemma-2-9b-it,gemma-2-9b-it,user_prompt,33,attack_vs_harmless,pair,none,0.9334457516670227,0.0665542483329773,437.8247985839844,608.8262329101562,-171.00143432617188
jbshield-gemma-phase2-gemma-2-9b-it,gemma-2-9b-it,user_prompt,33,attack_vs_direct_harmful,puzzler,direct_harmful,0.9208352565765381,0.07916474342346191,414.8720703125,506.1087341308594,-91.23666381835938
jbshield-gemma-phase2-gemma-2-9b-it,gemma-2-9b-it,user_prompt,33,attack_vs_harmless,puzzler,none,0.8756871819496155,0.12431281805038452,414.8720703125,608.8262329101562,-193.95416259765625
jbshield-gemma-phase2-gemma-2-9b-it,gemma-2-9b-it,user_prompt,33,attack_vs_direct_harmful,saa,direct_harmful,0.9439337849617004,0.05606621503829956,348.22979736328125,506.1087341308594,-157.87893676757812
jbshield-gemma-phase2-gemma-2-9b-it,gemma-2-9b-it,user_prompt,33,attack_vs_harmless,saa,none,0.9047839641571045,0.09521603584289551,348.22979736328125,608.8262329101562,-260.596435546875
jbshield-gemma-phase2-gemma-2-9b-it,gemma-2-9b-it,user_prompt,33,attack_vs_direct_harmful,zulu,direct_harmful,0.7772252559661865,0.22277474403381348,308.8828430175781,506.1087341308594,-197.22589111328125
jbshield-gemma-phase2-gemma-2-9b-it,gemma-2-9b-it,user_prompt,33,attack_vs_harmless,zulu,none,0.7359131574630737,0.26408684253692627,308.8828430175781,608.8262329101562,-299.9433898925781
jbshield-gemma-phase2-gemma-2-9b-it,gemma-2-9b-it,user_prompt,34,label_1_vs_label_0,label_1,label_0,0.9322977066040039,0.0677022933959961,372.8956604003906,617.7232055664062,-244.82754516601562
jbshield-gemma-phase2-gemma-2-9b-it,gemma-2-9b-it,user_prompt,34,direct_harmful_vs_harmless,direct_harmful,none,0.9485886096954346,0.05141139030456543,526.961669921875,621.8557739257812,-94.89410400390625
jbshield-gemma-phase2-gemma-2-9b-it,gemma-2-9b-it,user_prompt,34,attack_vs_direct_harmful,autodan,direct_harmful,0.9779818058013916,0.0220181941986084,444.38140869140625,526.961669921875,-82.58026123046875
jbshield-gemma-phase2-gemma-2-9b-it,gemma-2-9b-it,user_prompt,34,attack_vs_harmless,autodan,none,0.9320683479309082,0.0679316520690918,444.38140869140625,621.8557739257812,-177.474365234375
jbshield-gemma-phase2-gemma-2-9b-it,gemma-2-9b-it,user_prompt,34,attack_vs_direct_harmful,base64,direct_harmful,0.8833842277526855,0.11661577224731445,282.1082458496094,526.961669921875,-244.85342407226562
jbshield-gemma-phase2-gemma-2-9b-it,gemma-2-9b-it,user_prompt,34,attack_vs_harmless,base64,none,0.847451388835907,0.15254861116409302,282.1082458496094,621.8557739257812,-339.7475280761719
jbshield-gemma-phase2-gemma-2-9b-it,gemma-2-9b-it,user_prompt,34,attack_vs_direct_harmful,drattack,direct_harmful,0.9424033164978027,0.057596683502197266,388.44842529296875,526.961669921875,-138.51324462890625
jbshield-gemma-phase2-gemma-2-9b-it,gemma-2-9b-it,user_prompt,34,attack_vs_harmless,drattack,none,0.905017077922821,0.09498292207717896,388.44842529296875,621.8557739257812,-233.4073486328125
jbshield-gemma-phase2-gemma-2-9b-it,gemma-2-9b-it,user_prompt,34,attack_vs_direct_harmful,gcg,direct_harmful,0.9832453727722168,0.016754627227783203,453.6159973144531,526.961669921875,-73.34567260742188
jbshield-gemma-phase2-gemma-2-9b-it,gemma-2-9b-it,user_prompt,34,attack_vs_harmless,gcg,none,0.9375771284103394,0.062422871589660645,453.6159973144531,621.8557739257812,-168.23977661132812
jbshield-gemma-phase2-gemma-2-9b-it,gemma-2-9b-it,user_prompt,34,attack_vs_direct_harmful,ijp,direct_harmful,0.9524691104888916,0.0475308895111084,377.9299621582031,526.961669921875,-149.03170776367188
jbshield-gemma-phase2-gemma-2-9b-it,gemma-2-9b-it,user_prompt,34,attack_vs_harmless,ijp,none,0.9051756858825684,0.09482431411743164,377.9299621582031,621.8557739257812,-243.92581176757812
jbshield-gemma-phase2-gemma-2-9b-it,gemma-2-9b-it,user_prompt,34,attack_vs_direct_harmful,pair,direct_harmful,0.9819355010986328,0.018064498901367188,453.17694091796875,526.961669921875,-73.78472900390625
jbshield-gemma-phase2-gemma-2-9b-it,gemma-2-9b-it,user_prompt,34,attack_vs_harmless,pair,none,0.9317960739135742,0.06820392608642578,453.17694091796875,621.8557739257812,-168.6788330078125
jbshield-gemma-phase2-gemma-2-9b-it,gemma-2-9b-it,user_prompt,34,attack_vs_direct_harmful,puzzler,direct_harmful,0.9227604269981384,0.07723957300186157,437.1927795410156,526.961669921875,-89.76889038085938
jbshield-gemma-phase2-gemma-2-9b-it,gemma-2-9b-it,user_prompt,34,attack_vs_harmless,puzzler,none,0.8758138418197632,0.12418615818023682,437.1927795410156,621.8557739257812,-184.66299438476562
jbshield-gemma-phase2-gemma-2-9b-it,gemma-2-9b-it,user_prompt,34,attack_vs_direct_harmful,saa,direct_harmful,0.9410389065742493,0.05896109342575073,355.7394714355469,526.961669921875,-171.22219848632812
jbshield-gemma-phase2-gemma-2-9b-it,gemma-2-9b-it,user_prompt,34,attack_vs_harmless,saa,none,0.8972744941711426,0.10272550582885742,355.7394714355469,621.8557739257812,-266.1163024902344
jbshield-gemma-phase2-gemma-2-9b-it,gemma-2-9b-it,user_prompt,34,attack_vs_direct_harmful,zulu,direct_harmful,0.802664577960968,0.19733542203903198,338.34423828125,526.961669921875,-188.617431640625
jbshield-gemma-phase2-gemma-2-9b-it,gemma-2-9b-it,user_prompt,34,attack_vs_harmless,zulu,none,0.7664539217948914,0.23354607820510864,338.34423828125,621.8557739257812,-283.51153564453125
jbshield-gemma-phase2-gemma-2-9b-it,gemma-2-9b-it,user_prompt,35,label_1_vs_label_0,label_1,label_0,0.9310386180877686,0.06896138191223145,393.2669372558594,635.0505981445312,-241.78366088867188
jbshield-gemma-phase2-gemma-2-9b-it,gemma-2-9b-it,user_prompt,35,direct_harmful_vs_harmless,direct_harmful,none,0.9480646252632141,0.05193537473678589,544.1057739257812,639.2295532226562,-95.123779296875
jbshield-gemma-phase2-gemma-2-9b-it,gemma-2-9b-it,user_prompt,35,attack_vs_direct_harmful,autodan,direct_harmful,0.9784319996833801,0.021568000316619873,464.5743103027344,544.1057739257812,-79.53146362304688
jbshield-gemma-phase2-gemma-2-9b-it,gemma-2-9b-it,user_prompt,35,attack_vs_harmless,autodan,none,0.9314183592796326,0.06858164072036743,464.5743103027344,639.2295532226562,-174.65524291992188
jbshield-gemma-phase2-gemma-2-9b-it,gemma-2-9b-it,user_prompt,35,attack_vs_direct_harmful,base64,direct_harmful,0.8857762813568115,0.11422371864318848,304.0313415527344,544.1057739257812,-240.07443237304688
jbshield-gemma-phase2-gemma-2-9b-it,gemma-2-9b-it,user_prompt,35,attack_vs_harmless,base64,none,0.8475450873374939,0.1524549126625061,304.0313415527344,639.2295532226562,-335.1982116699219
jbshield-gemma-phase2-gemma-2-9b-it,gemma-2-9b-it,user_prompt,35,attack_vs_direct_harmful,drattack,direct_harmful,0.9447484016418457,0.0552515983581543,412.5270080566406,544.1057739257812,-131.57876586914062
jbshield-gemma-phase2-gemma-2-9b-it,gemma-2-9b-it,user_prompt,35,attack_vs_harmless,drattack,none,0.905076801776886,0.09492319822311401,412.5270080566406,639.2295532226562,-226.70254516601562
jbshield-gemma-phase2-gemma-2-9b-it,gemma-2-9b-it,user_prompt,35,attack_vs_direct_harmful,gcg,direct_harmful,0.9839215874671936,0.016078412532806396,475.3051452636719,544.1057739257812,-68.80062866210938
jbshield-gemma-phase2-gemma-2-9b-it,gemma-2-9b-it,user_prompt,35,attack_vs_harmless,gcg,none,0.9383405447006226,0.06165945529937744,475.3051452636719,639.2295532226562,-163.92440795898438
jbshield-gemma-phase2-gemma-2-9b-it,gemma-2-9b-it,user_prompt,35,attack_vs_direct_harmful,ijp,direct_harmful,0.9550294280052185,0.044970571994781494,401.21185302734375,544.1057739257812,-142.8939208984375
jbshield-gemma-phase2-gemma-2-9b-it,gemma-2-9b-it,user_prompt,35,attack_vs_harmless,ijp,none,0.9078522324562073,0.09214776754379272,401.21185302734375,639.2295532226562,-238.0177001953125
jbshield-gemma-phase2-gemma-2-9b-it,gemma-2-9b-it,user_prompt,35,attack_vs_direct_harmful,pair,direct_harmful,0.9822737574577332,0.017726242542266846,472.2769775390625,544.1057739257812,-71.82879638671875
jbshield-gemma-phase2-gemma-2-9b-it,gemma-2-9b-it,user_prompt,35,attack_vs_harmless,pair,none,0.9312728047370911,0.06872719526290894,472.2769775390625,639.2295532226562,-166.95257568359375
jbshield-gemma-phase2-gemma-2-9b-it,gemma-2-9b-it,user_prompt,35,attack_vs_direct_harmful,puzzler,direct_harmful,0.9268491268157959,0.0731508731842041,459.48486328125,544.1057739257812,-84.62091064453125
jbshield-gemma-phase2-gemma-2-9b-it,gemma-2-9b-it,user_prompt,35,attack_vs_harmless,puzzler,none,0.8773583769798279,0.12264162302017212,459.48486328125,639.2295532226562,-179.74468994140625
jbshield-gemma-phase2-gemma-2-9b-it,gemma-2-9b-it,user_prompt,35,attack_vs_direct_harmful,saa,direct_harmful,0.9458291530609131,0.054170846939086914,382.8032531738281,544.1057739257812,-161.30252075195312
jbshield-gemma-phase2-gemma-2-9b-it,gemma-2-9b-it,user_prompt,35,attack_vs_harmless,saa,none,0.9028524160385132,0.09714758396148682,382.8032531738281,639.2295532226562,-256.4263000488281
jbshield-gemma-phase2-gemma-2-9b-it,gemma-2-9b-it,user_prompt,35,attack_vs_direct_harmful,zulu,direct_harmful,0.7725313901901245,0.2274686098098755,358.1601867675781,544.1057739257812,-185.94558715820312
jbshield-gemma-phase2-gemma-2-9b-it,gemma-2-9b-it,user_prompt,35,attack_vs_harmless,zulu,none,0.7318944931030273,0.26810550689697266,358.1601867675781,639.2295532226562,-281.0693664550781
jbshield-gemma-phase2-gemma-2-9b-it,gemma-2-9b-it,user_prompt,36,label_1_vs_label_0,label_1,label_0,0.9237640500068665,0.07623594999313354,407.01849365234375,643.3713989257812,-236.3529052734375
jbshield-gemma-phase2-gemma-2-9b-it,gemma-2-9b-it,user_prompt,36,direct_harmful_vs_harmless,direct_harmful,none,0.9442408084869385,0.05575919151306152,553.8780517578125,647.5887451171875,-93.710693359375
jbshield-gemma-phase2-gemma-2-9b-it,gemma-2-9b-it,user_prompt,36,attack_vs_direct_harmful,autodan,direct_harmful,0.977768063545227,0.02223193645477295,476.7516784667969,553.8780517578125,-77.12637329101562
jbshield-gemma-phase2-gemma-2-9b-it,gemma-2-9b-it,user_prompt,36,attack_vs_harmless,autodan,none,0.9246013760566711,0.07539862394332886,476.7516784667969,647.5887451171875,-170.83706665039062
jbshield-gemma-phase2-gemma-2-9b-it,gemma-2-9b-it,user_prompt,36,attack_vs_direct_harmful,base64,direct_harmful,0.8841000199317932,0.11589998006820679,319.6640319824219,553.8780517578125,-234.21401977539062
jbshield-gemma-phase2-gemma-2-9b-it,gemma-2-9b-it,user_prompt,36,attack_vs_harmless,base64,none,0.8387106657028198,0.16128933429718018,319.6640319824219,647.5887451171875,-327.9247131347656
jbshield-gemma-phase2-gemma-2-9b-it,gemma-2-9b-it,user_prompt,36,attack_vs_direct_harmful,drattack,direct_harmful,0.9445094466209412,0.05549055337905884,426.7958068847656,553.8780517578125,-127.08224487304688
jbshield-gemma-phase2-gemma-2-9b-it,gemma-2-9b-it,user_prompt,36,attack_vs_harmless,drattack,none,0.8968562483787537,0.10314375162124634,426.7958068847656,647.5887451171875,-220.79293823242188
jbshield-gemma-phase2-gemma-2-9b-it,gemma-2-9b-it,user_prompt,36,attack_vs_direct_harmful,gcg,direct_harmful,0.983189582824707,0.01681041717529297,488.98492431640625,553.8780517578125,-64.89312744140625
jbshield-gemma-phase2-gemma-2-9b-it,gemma-2-9b-it,user_prompt,36,attack_vs_harmless,gcg,none,0.932360827922821,0.06763917207717896,488.98492431640625,647.5887451171875,-158.60382080078125
jbshield-gemma-phase2-gemma-2-9b-it,gemma-2-9b-it,user_prompt,36,attack_vs_direct_harmful,ijp,direct_harmful,0.9550047516822815,0.044995248317718506,416.8200988769531,553.8780517578125,-137.05795288085938
jbshield-gemma-phase2-gemma-2-9b-it,gemma-2-9b-it,user_prompt,36,attack_vs_harmless,ijp,none,0.9011963605880737,0.09880363941192627,416.8200988769531,647.5887451171875,-230.76864624023438
jbshield-gemma-phase2-gemma-2-9b-it,gemma-2-9b-it,user_prompt,36,attack_vs_direct_harmful,pair,direct_harmful,0.9820705652236938,0.017929434776306152,488.17620849609375,553.8780517578125,-65.70184326171875
jbshield-gemma-phase2-gemma-2-9b-it,gemma-2-9b-it,user_prompt,36,attack_vs_harmless,pair,none,0.9263668656349182,0.07363313436508179,488.17620849609375,647.5887451171875,-159.41253662109375
jbshield-gemma-phase2-gemma-2-9b-it,gemma-2-9b-it,user_prompt,36,attack_vs_direct_harmful,puzzler,direct_harmful,0.9269870519638062,0.07301294803619385,472.707763671875,553.8780517578125,-81.1702880859375
jbshield-gemma-phase2-gemma-2-9b-it,gemma-2-9b-it,user_prompt,36,attack_vs_harmless,puzzler,none,0.8694877624511719,0.13051223754882812,472.707763671875,647.5887451171875,-174.8809814453125
jbshield-gemma-phase2-gemma-2-9b-it,gemma-2-9b-it,user_prompt,36,attack_vs_direct_harmful,saa,direct_harmful,0.9446526765823364,0.055347323417663574,397.4917907714844,553.8780517578125,-156.38626098632812
jbshield-gemma-phase2-gemma-2-9b-it,gemma-2-9b-it,user_prompt,36,attack_vs_harmless,saa,none,0.893621563911438,0.10637843608856201,397.4917907714844,647.5887451171875,-250.09695434570312
jbshield-gemma-phase2-gemma-2-9b-it,gemma-2-9b-it,user_prompt,36,attack_vs_direct_harmful,zulu,direct_harmful,0.7677146792411804,0.23228532075881958,372.7506103515625,553.8780517578125,-181.12744140625
jbshield-gemma-phase2-gemma-2-9b-it,gemma-2-9b-it,user_prompt,36,attack_vs_harmless,zulu,none,0.7199520468711853,0.2800479531288147,372.7506103515625,647.5887451171875,-274.838134765625
jbshield-gemma-phase2-gemma-2-9b-it,gemma-2-9b-it,user_prompt,37,label_1_vs_label_0,label_1,label_0,0.9234298467636108,0.07657015323638916,436.1495361328125,674.7261352539062,-238.57659912109375
jbshield-gemma-phase2-gemma-2-9b-it,gemma-2-9b-it,user_prompt,37,direct_harmful_vs_harmless,direct_harmful,none,0.9462792873382568,0.053720712661743164,594.5736083984375,678.6495971679688,-84.07598876953125
jbshield-gemma-phase2-gemma-2-9b-it,gemma-2-9b-it,user_prompt,37,attack_vs_direct_harmful,autodan,direct_harmful,0.9792963862419128,0.020703613758087158,514.5615234375,594.5736083984375,-80.0120849609375
jbshield-gemma-phase2-gemma-2-9b-it,gemma-2-9b-it,user_prompt,37,attack_vs_harmless,autodan,none,0.9267917275428772,0.0732082724571228,514.5615234375,678.6495971679688,-164.08807373046875
jbshield-gemma-phase2-gemma-2-9b-it,gemma-2-9b-it,user_prompt,37,attack_vs_direct_harmful,base64,direct_harmful,0.8677336573600769,0.1322663426399231,331.49285888671875,594.5736083984375,-263.08074951171875
jbshield-gemma-phase2-gemma-2-9b-it,gemma-2-9b-it,user_prompt,37,attack_vs_harmless,base64,none,0.8144569993019104,0.1855430006980896,331.49285888671875,678.6495971679688,-347.15673828125
jbshield-gemma-phase2-gemma-2-9b-it,gemma-2-9b-it,user_prompt,37,attack_vs_direct_harmful,drattack,direct_harmful,0.9487642645835876,0.051235735416412354,463.1903991699219,594.5736083984375,-131.38320922851562
jbshield-gemma-phase2-gemma-2-9b-it,gemma-2-9b-it,user_prompt,37,attack_vs_harmless,drattack,none,0.900407075881958,0.09959292411804199,463.1903991699219,678.6495971679688,-215.45919799804688
jbshield-gemma-phase2-gemma-2-9b-it,gemma-2-9b-it,user_prompt,37,attack_vs_direct_harmful,gcg,direct_harmful,0.9841942191123962,0.01580578088760376,532.60107421875,594.5736083984375,-61.9725341796875
jbshield-gemma-phase2-gemma-2-9b-it,gemma-2-9b-it,user_prompt,37,attack_vs_harmless,gcg,none,0.9352878928184509,0.06471210718154907,532.60107421875,678.6495971679688,-146.04852294921875
jbshield-gemma-phase2-gemma-2-9b-it,gemma-2-9b-it,user_prompt,37,attack_vs_direct_harmful,ijp,direct_harmful,0.9567959308624268,0.04320406913757324,448.150390625,594.5736083984375,-146.4232177734375
jbshield-gemma-phase2-gemma-2-9b-it,gemma-2-9b-it,user_prompt,37,attack_vs_harmless,ijp,none,0.9031194448471069,0.09688055515289307,448.150390625,678.6495971679688,-230.49920654296875
jbshield-gemma-phase2-gemma-2-9b-it,gemma-2-9b-it,user_prompt,37,attack_vs_direct_harmful,pair,direct_harmful,0.9830498099327087,0.01695019006729126,524.9574584960938,594.5736083984375,-69.61614990234375
jbshield-gemma-phase2-gemma-2-9b-it,gemma-2-9b-it,user_prompt,37,attack_vs_harmless,pair,none,0.9288080334663391,0.07119196653366089,524.9574584960938,678.6495971679688,-153.692138671875
jbshield-gemma-phase2-gemma-2-9b-it,gemma-2-9b-it,user_prompt,37,attack_vs_direct_harmful,puzzler,direct_harmful,0.9331049919128418,0.0668950080871582,511.3328857421875,594.5736083984375,-83.24072265625
jbshield-gemma-phase2-gemma-2-9b-it,gemma-2-9b-it,user_prompt,37,attack_vs_harmless,puzzler,none,0.8758209347724915,0.12417906522750854,511.3328857421875,678.6495971679688,-167.31671142578125
jbshield-gemma-phase2-gemma-2-9b-it,gemma-2-9b-it,user_prompt,37,attack_vs_direct_harmful,saa,direct_harmful,0.9472898840904236,0.052710115909576416,434.5237731933594,594.5736083984375,-160.04983520507812
jbshield-gemma-phase2-gemma-2-9b-it,gemma-2-9b-it,user_prompt,37,attack_vs_harmless,saa,none,0.8973162770271301,0.10268372297286987,434.5237731933594,678.6495971679688,-244.12582397460938
jbshield-gemma-phase2-gemma-2-9b-it,gemma-2-9b-it,user_prompt,37,attack_vs_direct_harmful,zulu,direct_harmful,0.7551490068435669,0.2448509931564331,386.3124084472656,594.5736083984375,-208.26119995117188
jbshield-gemma-phase2-gemma-2-9b-it,gemma-2-9b-it,user_prompt,37,attack_vs_harmless,zulu,none,0.6998184323310852,0.3001815676689148,386.3124084472656,678.6495971679688,-292.3371887207031
jbshield-gemma-phase2-gemma-2-9b-it,gemma-2-9b-it,user_prompt,38,label_1_vs_label_0,label_1,label_0,0.9007794260978699,0.09922057390213013,442.2369079589844,647.0568237304688,-204.81991577148438
jbshield-gemma-phase2-gemma-2-9b-it,gemma-2-9b-it,user_prompt,38,direct_harmful_vs_harmless,direct_harmful,none,0.9281671047210693,0.07183289527893066,579.2576904296875,650.8751220703125,-71.617431640625
jbshield-gemma-phase2-gemma-2-9b-it,gemma-2-9b-it,user_prompt,38,attack_vs_direct_harmful,autodan,direct_harmful,0.9753758311271667,0.024624168872833252,509.9271545410156,579.2576904296875,-69.33053588867188
jbshield-gemma-phase2-gemma-2-9b-it,gemma-2-9b-it,user_prompt,38,attack_vs_harmless,autodan,none,0.9020959138870239,0.09790408611297607,509.9271545410156,650.8751220703125,-140.94796752929688
jbshield-gemma-phase2-gemma-2-9b-it,gemma-2-9b-it,user_prompt,38,attack_vs_direct_harmful,base64,direct_harmful,0.8304667472839355,0.16953325271606445,354.533447265625,579.2576904296875,-224.7242431640625
jbshield-gemma-phase2-gemma-2-9b-it,gemma-2-9b-it,user_prompt,38,attack_vs_harmless,base64,none,0.7651115655899048,0.23488843441009521,354.533447265625,650.8751220703125,-296.3416748046875
jbshield-gemma-phase2-gemma-2-9b-it,gemma-2-9b-it,user_prompt,38,attack_vs_direct_harmful,drattack,direct_harmful,0.9464775323867798,0.053522467613220215,475.6589660644531,579.2576904296875,-103.59872436523438
jbshield-gemma-phase2-gemma-2-9b-it,gemma-2-9b-it,user_prompt,38,attack_vs_harmless,drattack,none,0.8787908554077148,0.12120914459228516,475.6589660644531,650.8751220703125,-175.21615600585938
jbshield-gemma-phase2-gemma-2-9b-it,gemma-2-9b-it,user_prompt,38,attack_vs_direct_harmful,gcg,direct_harmful,0.9810649156570435,0.018935084342956543,521.3919067382812,579.2576904296875,-57.86578369140625
jbshield-gemma-phase2-gemma-2-9b-it,gemma-2-9b-it,user_prompt,38,attack_vs_harmless,gcg,none,0.9100660085678101,0.08993399143218994,521.3919067382812,650.8751220703125,-129.48321533203125
jbshield-gemma-phase2-gemma-2-9b-it,gemma-2-9b-it,user_prompt,38,attack_vs_direct_harmful,ijp,direct_harmful,0.9514229893684387,0.04857701063156128,457.4637756347656,579.2576904296875,-121.79391479492188
jbshield-gemma-phase2-gemma-2-9b-it,gemma-2-9b-it,user_prompt,38,attack_vs_harmless,ijp,none,0.8775785565376282,0.12242144346237183,457.4637756347656,650.8751220703125,-193.41134643554688
jbshield-gemma-phase2-gemma-2-9b-it,gemma-2-9b-it,user_prompt,38,attack_vs_direct_harmful,pair,direct_harmful,0.9806657433509827,0.019334256649017334,525.7564086914062,579.2576904296875,-53.50128173828125
jbshield-gemma-phase2-gemma-2-9b-it,gemma-2-9b-it,user_prompt,38,attack_vs_harmless,pair,none,0.9079985618591309,0.09200143814086914,525.7564086914062,650.8751220703125,-125.11871337890625
jbshield-gemma-phase2-gemma-2-9b-it,gemma-2-9b-it,user_prompt,38,attack_vs_direct_harmful,puzzler,direct_harmful,0.9305770993232727,0.0694229006767273,530.0877075195312,579.2576904296875,-49.16998291015625
jbshield-gemma-phase2-gemma-2-9b-it,gemma-2-9b-it,user_prompt,38,attack_vs_harmless,puzzler,none,0.8515561819076538,0.1484438180923462,530.0877075195312,650.8751220703125,-120.78741455078125
jbshield-gemma-phase2-gemma-2-9b-it,gemma-2-9b-it,user_prompt,38,attack_vs_direct_harmful,saa,direct_harmful,0.9407603740692139,0.05923962593078613,446.2239685058594,579.2576904296875,-133.03372192382812
jbshield-gemma-phase2-gemma-2-9b-it,gemma-2-9b-it,user_prompt,38,attack_vs_harmless,saa,none,0.8703258037567139,0.12967419624328613,446.2239685058594,650.8751220703125,-204.65115356445312
jbshield-gemma-phase2-gemma-2-9b-it,gemma-2-9b-it,user_prompt,38,attack_vs_direct_harmful,zulu,direct_harmful,0.7427687048912048,0.25723129510879517,423.4105224609375,579.2576904296875,-155.84716796875
jbshield-gemma-phase2-gemma-2-9b-it,gemma-2-9b-it,user_prompt,38,attack_vs_harmless,zulu,none,0.6760669350624084,0.32393306493759155,423.4105224609375,650.8751220703125,-227.464599609375
jbshield-gemma-phase2-gemma-2-9b-it,gemma-2-9b-it,user_prompt,39,label_1_vs_label_0,label_1,label_0,0.8887237906455994,0.11127620935440063,484.118896484375,666.7772216796875,-182.6583251953125
jbshield-gemma-phase2-gemma-2-9b-it,gemma-2-9b-it,user_prompt,39,direct_harmful_vs_harmless,direct_harmful,none,0.9199253916740417,0.08007460832595825,619.1956176757812,670.1534423828125,-50.95782470703125
jbshield-gemma-phase2-gemma-2-9b-it,gemma-2-9b-it,user_prompt,39,attack_vs_direct_harmful,autodan,direct_harmful,0.9753607511520386,0.024639248847961426,561.7994384765625,619.1956176757812,-57.39617919921875
jbshield-gemma-phase2-gemma-2-9b-it,gemma-2-9b-it,user_prompt,39,attack_vs_harmless,autodan,none,0.893989622592926,0.10601037740707397,561.7994384765625,670.1534423828125,-108.35400390625
jbshield-gemma-phase2-gemma-2-9b-it,gemma-2-9b-it,user_prompt,39,attack_vs_direct_harmful,base64,direct_harmful,0.8059405088424683,0.19405949115753174,390.513916015625,619.1956176757812,-228.68170166015625
jbshield-gemma-phase2-gemma-2-9b-it,gemma-2-9b-it,user_prompt,39,attack_vs_harmless,base64,none,0.7330812811851501,0.26691871881484985,390.513916015625,670.1534423828125,-279.6395263671875
jbshield-gemma-phase2-gemma-2-9b-it,gemma-2-9b-it,user_prompt,39,attack_vs_direct_harmful,drattack,direct_harmful,0.9474945664405823,0.052505433559417725,521.0164184570312,619.1956176757812,-98.17919921875
jbshield-gemma-phase2-gemma-2-9b-it,gemma-2-9b-it,user_prompt,39,attack_vs_harmless,drattack,none,0.8639494776725769,0.1360505223274231,521.0164184570312,670.1534423828125,-149.13702392578125
jbshield-gemma-phase2-gemma-2-9b-it,gemma-2-9b-it,user_prompt,39,attack_vs_direct_harmful,gcg,direct_harmful,0.9806568622589111,0.019343137741088867,571.2847900390625,619.1956176757812,-47.91082763671875
jbshield-gemma-phase2-gemma-2-9b-it,gemma-2-9b-it,user_prompt,39,attack_vs_harmless,gcg,none,0.9000762701034546,0.09992372989654541,571.2847900390625,670.1534423828125,-98.86865234375
jbshield-gemma-phase2-gemma-2-9b-it,gemma-2-9b-it,user_prompt,39,attack_vs_direct_harmful,ijp,direct_harmful,0.9504731297492981,0.049526870250701904,500.3760070800781,619.1956176757812,-118.81961059570312
jbshield-gemma-phase2-gemma-2-9b-it,gemma-2-9b-it,user_prompt,39,attack_vs_harmless,ijp,none,0.8618143200874329,0.13818567991256714,500.3760070800781,670.1534423828125,-169.77743530273438
jbshield-gemma-phase2-gemma-2-9b-it,gemma-2-9b-it,user_prompt,39,attack_vs_direct_harmful,pair,direct_harmful,0.9799551963806152,0.020044803619384766,566.2841796875,619.1956176757812,-52.91143798828125
jbshield-gemma-phase2-gemma-2-9b-it,gemma-2-9b-it,user_prompt,39,attack_vs_harmless,pair,none,0.8958863615989685,0.1041136384010315,566.2841796875,670.1534423828125,-103.8692626953125
jbshield-gemma-phase2-gemma-2-9b-it,gemma-2-9b-it,user_prompt,39,attack_vs_direct_harmful,puzzler,direct_harmful,0.9307100772857666,0.0692899227142334,569.741943359375,619.1956176757812,-49.45367431640625
jbshield-gemma-phase2-gemma-2-9b-it,gemma-2-9b-it,user_prompt,39,attack_vs_harmless,puzzler,none,0.8343550562858582,0.16564494371414185,569.741943359375,670.1534423828125,-100.4114990234375
jbshield-gemma-phase2-gemma-2-9b-it,gemma-2-9b-it,user_prompt,39,attack_vs_direct_harmful,saa,direct_harmful,0.9394654035568237,0.06053459644317627,493.5852355957031,619.1956176757812,-125.61038208007812
jbshield-gemma-phase2-gemma-2-9b-it,gemma-2-9b-it,user_prompt,39,attack_vs_harmless,saa,none,0.8555261492729187,0.1444738507270813,493.5852355957031,670.1534423828125,-176.56820678710938
jbshield-gemma-phase2-gemma-2-9b-it,gemma-2-9b-it,user_prompt,39,attack_vs_direct_harmful,zulu,direct_harmful,0.7540626525878906,0.24593734741210938,465.4564514160156,619.1956176757812,-153.73916625976562
jbshield-gemma-phase2-gemma-2-9b-it,gemma-2-9b-it,user_prompt,39,attack_vs_harmless,zulu,none,0.6771615743637085,0.3228384256362915,465.4564514160156,670.1534423828125,-204.69699096679688
jbshield-gemma-phase2-gemma-2-9b-it,gemma-2-9b-it,user_prompt,40,label_1_vs_label_0,label_1,label_0,0.8933648467063904,0.10663515329360962,550.9788818359375,689.5352783203125,-138.556396484375
jbshield-gemma-phase2-gemma-2-9b-it,gemma-2-9b-it,user_prompt,40,direct_harmful_vs_harmless,direct_harmful,none,0.9198742508888245,0.08012574911117554,689.795166015625,691.4129638671875,-1.6177978515625
jbshield-gemma-phase2-gemma-2-9b-it,gemma-2-9b-it,user_prompt,40,attack_vs_direct_harmful,autodan,direct_harmful,0.9763568043708801,0.023643195629119873,631.5303344726562,689.795166015625,-58.26483154296875
jbshield-gemma-phase2-gemma-2-9b-it,gemma-2-9b-it,user_prompt,40,attack_vs_harmless,autodan,none,0.8972791433334351,0.10272085666656494,631.5303344726562,691.4129638671875,-59.88262939453125
jbshield-gemma-phase2-gemma-2-9b-it,gemma-2-9b-it,user_prompt,40,attack_vs_direct_harmful,base64,direct_harmful,0.8125341534614563,0.1874658465385437,428.4500732421875,689.795166015625,-261.3450927734375
jbshield-gemma-phase2-gemma-2-9b-it,gemma-2-9b-it,user_prompt,40,attack_vs_harmless,base64,none,0.7381731867790222,0.2618268132209778,428.4500732421875,691.4129638671875,-262.962890625
jbshield-gemma-phase2-gemma-2-9b-it,gemma-2-9b-it,user_prompt,40,attack_vs_direct_harmful,drattack,direct_harmful,0.9528778195381165,0.047122180461883545,603.0357055664062,689.795166015625,-86.75946044921875
jbshield-gemma-phase2-gemma-2-9b-it,gemma-2-9b-it,user_prompt,40,attack_vs_harmless,drattack,none,0.8716142773628235,0.1283857226371765,603.0357055664062,691.4129638671875,-88.37725830078125
jbshield-gemma-phase2-gemma-2-9b-it,gemma-2-9b-it,user_prompt,40,attack_vs_direct_harmful,gcg,direct_harmful,0.9820237755775452,0.017976224422454834,642.1937255859375,689.795166015625,-47.6014404296875
jbshield-gemma-phase2-gemma-2-9b-it,gemma-2-9b-it,user_prompt,40,attack_vs_harmless,gcg,none,0.9046279788017273,0.0953720211982727,642.1937255859375,691.4129638671875,-49.21923828125
jbshield-gemma-phase2-gemma-2-9b-it,gemma-2-9b-it,user_prompt,40,attack_vs_direct_harmful,ijp,direct_harmful,0.9544117450714111,0.04558825492858887,578.5562744140625,689.795166015625,-111.2388916015625
jbshield-gemma-phase2-gemma-2-9b-it,gemma-2-9b-it,user_prompt,40,attack_vs_harmless,ijp,none,0.8679172992706299,0.13208270072937012,578.5562744140625,691.4129638671875,-112.856689453125
jbshield-gemma-phase2-gemma-2-9b-it,gemma-2-9b-it,user_prompt,40,attack_vs_direct_harmful,pair,direct_harmful,0.9814138412475586,0.018586158752441406,647.7023315429688,689.795166015625,-42.09283447265625
jbshield-gemma-phase2-gemma-2-9b-it,gemma-2-9b-it,user_prompt,40,attack_vs_harmless,pair,none,0.8983227610588074,0.10167723894119263,647.7023315429688,691.4129638671875,-43.71063232421875
jbshield-gemma-phase2-gemma-2-9b-it,gemma-2-9b-it,user_prompt,40,attack_vs_direct_harmful,puzzler,direct_harmful,0.9390151500701904,0.06098484992980957,658.8466186523438,689.795166015625,-30.94854736328125
jbshield-gemma-phase2-gemma-2-9b-it,gemma-2-9b-it,user_prompt,40,attack_vs_harmless,puzzler,none,0.8435062766075134,0.15649372339248657,658.8466186523438,691.4129638671875,-32.56634521484375
jbshield-gemma-phase2-gemma-2-9b-it,gemma-2-9b-it,user_prompt,40,attack_vs_direct_harmful,saa,direct_harmful,0.9399107694625854,0.06008923053741455,572.2808227539062,689.795166015625,-117.51434326171875
jbshield-gemma-phase2-gemma-2-9b-it,gemma-2-9b-it,user_prompt,40,attack_vs_harmless,saa,none,0.8594589233398438,0.14054107666015625,572.2808227539062,691.4129638671875,-119.13214111328125
jbshield-gemma-phase2-gemma-2-9b-it,gemma-2-9b-it,user_prompt,40,attack_vs_direct_harmful,zulu,direct_harmful,0.7696390748023987,0.23036092519760132,518.4078979492188,689.795166015625,-171.38726806640625
jbshield-gemma-phase2-gemma-2-9b-it,gemma-2-9b-it,user_prompt,40,attack_vs_harmless,zulu,none,0.6938455104827881,0.3061544895172119,518.4078979492188,691.4129638671875,-173.00506591796875
jbshield-gemma-phase2-gemma-2-9b-it,gemma-2-9b-it,user_prompt,41,label_1_vs_label_0,label_1,label_0,0.9247864484786987,0.07521355152130127,760.4725341796875,813.774169921875,-53.3016357421875
jbshield-gemma-phase2-gemma-2-9b-it,gemma-2-9b-it,user_prompt,41,direct_harmful_vs_harmless,direct_harmful,none,0.9386461973190308,0.06135380268096924,871.4013061523438,813.560302734375,57.84100341796875
jbshield-gemma-phase2-gemma-2-9b-it,gemma-2-9b-it,user_prompt,41,attack_vs_direct_harmful,autodan,direct_harmful,0.9826199412345886,0.017380058765411377,842.11865234375,871.4013061523438,-29.28265380859375
jbshield-gemma-phase2-gemma-2-9b-it,gemma-2-9b-it,user_prompt,41,attack_vs_harmless,autodan,none,0.924462616443634,0.07553738355636597,842.11865234375,813.560302734375,28.558349609375
jbshield-gemma-phase2-gemma-2-9b-it,gemma-2-9b-it,user_prompt,41,attack_vs_direct_harmful,base64,direct_harmful,0.8632547855377197,0.13674521446228027,550.595458984375,871.4013061523438,-320.80584716796875
jbshield-gemma-phase2-gemma-2-9b-it,gemma-2-9b-it,user_prompt,41,attack_vs_harmless,base64,none,0.8104383945465088,0.1895616054534912,550.595458984375,813.560302734375,-262.96484375
jbshield-gemma-phase2-gemma-2-9b-it,gemma-2-9b-it,user_prompt,41,attack_vs_direct_harmful,drattack,direct_harmful,0.9736738801002502,0.026326119899749756,848.6179809570312,871.4013061523438,-22.7833251953125
jbshield-gemma-phase2-gemma-2-9b-it,gemma-2-9b-it,user_prompt,41,attack_vs_harmless,drattack,none,0.9142674803733826,0.08573251962661743,848.6179809570312,813.560302734375,35.05767822265625
jbshield-gemma-phase2-gemma-2-9b-it,gemma-2-9b-it,user_prompt,41,attack_vs_direct_harmful,gcg,direct_harmful,0.9860540628433228,0.013945937156677246,845.5817260742188,871.4013061523438,-25.819580078125
jbshield-gemma-phase2-gemma-2-9b-it,gemma-2-9b-it,user_prompt,41,attack_vs_harmless,gcg,none,0.92876797914505,0.07123202085494995,845.5817260742188,813.560302734375,32.02142333984375
jbshield-gemma-phase2-gemma-2-9b-it,gemma-2-9b-it,user_prompt,41,attack_vs_direct_harmful,ijp,direct_harmful,0.9721938967704773,0.027806103229522705,827.1704711914062,871.4013061523438,-44.2308349609375
jbshield-gemma-phase2-gemma-2-9b-it,gemma-2-9b-it,user_prompt,41,attack_vs_harmless,ijp,none,0.910742461681366,0.08925753831863403,827.1704711914062,813.560302734375,13.61016845703125
jbshield-gemma-phase2-gemma-2-9b-it,gemma-2-9b-it,user_prompt,41,attack_vs_direct_harmful,pair,direct_harmful,0.9878036975860596,0.01219630241394043,875.7238159179688,871.4013061523438,4.322509765625
jbshield-gemma-phase2-gemma-2-9b-it,gemma-2-9b-it,user_prompt,41,attack_vs_harmless,pair,none,0.9274728894233704,0.07252711057662964,875.7238159179688,813.560302734375,62.16351318359375
jbshield-gemma-phase2-gemma-2-9b-it,gemma-2-9b-it,user_prompt,41,attack_vs_direct_harmful,puzzler,direct_harmful,0.9674994945526123,0.032500505447387695,950.7584228515625,871.4013061523438,79.35711669921875
jbshield-gemma-phase2-gemma-2-9b-it,gemma-2-9b-it,user_prompt,41,attack_vs_harmless,puzzler,none,0.8986504673957825,0.10134953260421753,950.7584228515625,813.560302734375,137.1981201171875
jbshield-gemma-phase2-gemma-2-9b-it,gemma-2-9b-it,user_prompt,41,attack_vs_direct_harmful,saa,direct_harmful,0.9637035727500916,0.03629642724990845,819.6383056640625,871.4013061523438,-51.76300048828125
jbshield-gemma-phase2-gemma-2-9b-it,gemma-2-9b-it,user_prompt,41,attack_vs_harmless,saa,none,0.9052243828773499,0.09477561712265015,819.6383056640625,813.560302734375,6.0780029296875
jbshield-gemma-phase2-gemma-2-9b-it,gemma-2-9b-it,user_prompt,41,attack_vs_direct_harmful,zulu,direct_harmful,0.816615104675293,0.18338489532470703,690.71044921875,871.4013061523438,-180.69085693359375
jbshield-gemma-phase2-gemma-2-9b-it,gemma-2-9b-it,user_prompt,41,attack_vs_harmless,zulu,none,0.7639849185943604,0.23601508140563965,690.71044921875,813.560302734375,-122.849853515625
jbshield-gemma-phase2-gemma-2-9b-it,gemma-2-9b-it,user_prompt,42,label_1_vs_label_0,label_1,label_0,0.9732287526130676,0.026771247386932373,1318.6519775390625,1345.275146484375,-26.6231689453125
jbshield-gemma-phase2-gemma-2-9b-it,gemma-2-9b-it,user_prompt,42,direct_harmful_vs_harmless,direct_harmful,none,0.9773428440093994,0.022657155990600586,1488.94580078125,1341.35107421875,147.5947265625
jbshield-gemma-phase2-gemma-2-9b-it,gemma-2-9b-it,user_prompt,42,attack_vs_direct_harmful,autodan,direct_harmful,0.9922850728034973,0.0077149271965026855,1488.72998046875,1488.94580078125,-0.2158203125
jbshield-gemma-phase2-gemma-2-9b-it,gemma-2-9b-it,user_prompt,42,attack_vs_harmless,autodan,none,0.9727115035057068,0.027288496494293213,1488.72998046875,1341.35107421875,147.37890625
jbshield-gemma-phase2-gemma-2-9b-it,gemma-2-9b-it,user_prompt,42,attack_vs_direct_harmful,base64,direct_harmful,0.9388231635093689,0.061176836490631104,959.01513671875,1488.94580078125,-529.9306640625
jbshield-gemma-phase2-gemma-2-9b-it,gemma-2-9b-it,user_prompt,42,attack_vs_harmless,base64,none,0.9208858013153076,0.07911419868469238,959.01513671875,1341.35107421875,-382.3359375
jbshield-gemma-phase2-gemma-2-9b-it,gemma-2-9b-it,user_prompt,42,attack_vs_direct_harmful,drattack,direct_harmful,0.9897691011428833,0.0102308988571167,1440.173095703125,1488.94580078125,-48.772705078125
jbshield-gemma-phase2-gemma-2-9b-it,gemma-2-9b-it,user_prompt,42,attack_vs_harmless,drattack,none,0.9700071811676025,0.02999281883239746,1440.173095703125,1341.35107421875,98.822021484375
jbshield-gemma-phase2-gemma-2-9b-it,gemma-2-9b-it,user_prompt,42,attack_vs_direct_harmful,gcg,direct_harmful,0.9935399293899536,0.006460070610046387,1449.6536865234375,1488.94580078125,-39.2921142578125
jbshield-gemma-phase2-gemma-2-9b-it,gemma-2-9b-it,user_prompt,42,attack_vs_harmless,gcg,none,0.9740267992019653,0.025973200798034668,1449.6536865234375,1341.35107421875,108.3026123046875
jbshield-gemma-phase2-gemma-2-9b-it,gemma-2-9b-it,user_prompt,42,attack_vs_direct_harmful,ijp,direct_harmful,0.9896673560142517,0.010332643985748291,1453.19287109375,1488.94580078125,-35.7529296875
jbshield-gemma-phase2-gemma-2-9b-it,gemma-2-9b-it,user_prompt,42,attack_vs_harmless,ijp,none,0.9687851667404175,0.03121483325958252,1453.19287109375,1341.35107421875,111.841796875
jbshield-gemma-phase2-gemma-2-9b-it,gemma-2-9b-it,user_prompt,42,attack_vs_direct_harmful,pair,direct_harmful,0.9951701760292053,0.004829823970794678,1476.7406005859375,1488.94580078125,-12.2052001953125
jbshield-gemma-phase2-gemma-2-9b-it,gemma-2-9b-it,user_prompt,42,attack_vs_harmless,pair,none,0.9739516973495483,0.02604830265045166,1476.7406005859375,1341.35107421875,135.3895263671875
jbshield-gemma-phase2-gemma-2-9b-it,gemma-2-9b-it,user_prompt,42,attack_vs_direct_harmful,puzzler,direct_harmful,0.9882259964942932,0.011774003505706787,1646.1807861328125,1488.94580078125,157.2349853515625
jbshield-gemma-phase2-gemma-2-9b-it,gemma-2-9b-it,user_prompt,42,attack_vs_harmless,puzzler,none,0.9644849300384521,0.03551506996154785,1646.1807861328125,1341.35107421875,304.8297119140625
jbshield-gemma-phase2-gemma-2-9b-it,gemma-2-9b-it,user_prompt,42,attack_vs_direct_harmful,saa,direct_harmful,0.985647976398468,0.014352023601531982,1452.9520263671875,1488.94580078125,-35.9937744140625
jbshield-gemma-phase2-gemma-2-9b-it,gemma-2-9b-it,user_prompt,42,attack_vs_harmless,saa,none,0.9663761854171753,0.03362381458282471,1452.9520263671875,1341.35107421875,111.6009521484375
jbshield-gemma-phase2-gemma-2-9b-it,gemma-2-9b-it,user_prompt,42,attack_vs_direct_harmful,zulu,direct_harmful,0.8795387744903564,0.12046122550964355,1028.7950439453125,1488.94580078125,-460.1507568359375
jbshield-gemma-phase2-gemma-2-9b-it,gemma-2-9b-it,user_prompt,42,attack_vs_harmless,zulu,none,0.8620456457138062,0.13795435428619385,1028.7950439453125,1341.35107421875,-312.5560302734375
